2025-11-24T15:22:30: mosquitto version 2.0.22 starting
2025-11-24T15:22:30: Config loaded from /mosquitto/config/mosquitto.conf.
2025-11-24T15:22:30: Opening ipv4 listen socket on port 1883.
2025-11-24T15:22:30: Opening ipv6 listen socket on port 1883.
2025-11-24T15:22:30: Opening websockets listen socket on port 9001.
2025-11-24T15:22:30: mosquitto version 2.0.22 running
2025-11-24T15:23:34: New connection from 172.24.0.4:43651 on port 1883.
2025-11-24T15:23:34: New client connected from 172.24.0.4:43651 as auto-8A1EE806-B492-9A74-7EFF-ADFBE4C2DAE5 (p2, c1, k60).
2025-11-24T15:23:34: No will message specified.
2025-11-24T15:23:34: Sending CONNACK to auto-8A1EE806-B492-9A74-7EFF-ADFBE4C2DAE5 (0, 0)
2025-11-24T15:23:34: Received SUBSCRIBE from auto-8A1EE806-B492-9A74-7EFF-ADFBE4C2DAE5
2025-11-24T15:23:34: 	spBv1.0/# (QoS 0)
2025-11-24T15:23:34: auto-8A1EE806-B492-9A74-7EFF-ADFBE4C2DAE5 0 spBv1.0/#
2025-11-24T15:23:34: Sending SUBACK to auto-8A1EE806-B492-9A74-7EFF-ADFBE4C2DAE5
2025-11-24T15:24:34: Received PINGREQ from auto-8A1EE806-B492-9A74-7EFF-ADFBE4C2DAE5
2025-11-24T15:24:34: Sending PINGRESP to auto-8A1EE806-B492-9A74-7EFF-ADFBE4C2DAE5
2025-11-24T15:25:34: Received PINGREQ from auto-8A1EE806-B492-9A74-7EFF-ADFBE4C2DAE5
2025-11-24T15:25:34: Sending PINGRESP to auto-8A1EE806-B492-9A74-7EFF-ADFBE4C2DAE5
2025-11-24T15:26:34: Received PINGREQ from auto-8A1EE806-B492-9A74-7EFF-ADFBE4C2DAE5
2025-11-24T15:26:34: Sending PINGRESP to auto-8A1EE806-B492-9A74-7EFF-ADFBE4C2DAE5
2025-11-24T15:27:32: Client auto-8A1EE806-B492-9A74-7EFF-ADFBE4C2DAE5 closed its connection.
2025-11-24T15:27:32: mosquitto version 2.0.22 terminating
2025-11-24T15:27:32: Saving in-memory database to /mosquitto/data//mosquitto.db.
2025-11-24T15:30:39: mosquitto version 2.0.22 starting
2025-11-24T15:30:39: Config loaded from /mosquitto/config/mosquitto.conf.
2025-11-24T15:30:39: Opening ipv4 listen socket on port 1883.
2025-11-24T15:30:39: Opening ipv6 listen socket on port 1883.
2025-11-24T15:30:39: Opening websockets listen socket on port 9001.
2025-11-24T15:30:39: mosquitto version 2.0.22 running
2025-11-24T15:31:44: New connection from 172.24.0.4:35337 on port 1883.
2025-11-24T15:31:44: New client connected from 172.24.0.4:35337 as auto-589A3898-DF28-9406-4A51-ED60B433AF19 (p2, c1, k60).
2025-11-24T15:31:44: No will message specified.
2025-11-24T15:31:44: Sending CONNACK to auto-589A3898-DF28-9406-4A51-ED60B433AF19 (0, 0)
2025-11-24T15:31:44: Received SUBSCRIBE from auto-589A3898-DF28-9406-4A51-ED60B433AF19
2025-11-24T15:31:44: 	spBv1.0/# (QoS 0)
2025-11-24T15:31:44: auto-589A3898-DF28-9406-4A51-ED60B433AF19 0 spBv1.0/#
2025-11-24T15:31:44: Sending SUBACK to auto-589A3898-DF28-9406-4A51-ED60B433AF19
2025-11-24T15:32:44: Received PINGREQ from auto-589A3898-DF28-9406-4A51-ED60B433AF19
2025-11-24T15:32:44: Sending PINGRESP to auto-589A3898-DF28-9406-4A51-ED60B433AF19
2025-11-24T15:33:44: Received PINGREQ from auto-589A3898-DF28-9406-4A51-ED60B433AF19
2025-11-24T15:33:44: Sending PINGRESP to auto-589A3898-DF28-9406-4A51-ED60B433AF19
2025-11-24T15:34:44: Received PINGREQ from auto-589A3898-DF28-9406-4A51-ED60B433AF19
2025-11-24T15:34:44: Sending PINGRESP to auto-589A3898-DF28-9406-4A51-ED60B433AF19
2025-11-24T15:35:44: Received PINGREQ from auto-589A3898-DF28-9406-4A51-ED60B433AF19
2025-11-24T15:35:44: Sending PINGRESP to auto-589A3898-DF28-9406-4A51-ED60B433AF19
2025-11-24T15:36:44: Received PINGREQ from auto-589A3898-DF28-9406-4A51-ED60B433AF19
2025-11-24T15:36:44: Sending PINGRESP to auto-589A3898-DF28-9406-4A51-ED60B433AF19
2025-11-24T15:37:44: Received PINGREQ from auto-589A3898-DF28-9406-4A51-ED60B433AF19
2025-11-24T15:37:44: Sending PINGRESP to auto-589A3898-DF28-9406-4A51-ED60B433AF19
2025-11-24T15:38:45: Received PINGREQ from auto-589A3898-DF28-9406-4A51-ED60B433AF19
2025-11-24T15:38:45: Sending PINGRESP to auto-589A3898-DF28-9406-4A51-ED60B433AF19
2025-11-24T15:39:45: Received PINGREQ from auto-589A3898-DF28-9406-4A51-ED60B433AF19
2025-11-24T15:39:45: Sending PINGRESP to auto-589A3898-DF28-9406-4A51-ED60B433AF19
2025-11-24T15:40:45: Received PINGREQ from auto-589A3898-DF28-9406-4A51-ED60B433AF19
2025-11-24T15:40:45: Sending PINGRESP to auto-589A3898-DF28-9406-4A51-ED60B433AF19
2025-11-24T15:41:45: Received PINGREQ from auto-589A3898-DF28-9406-4A51-ED60B433AF19
2025-11-24T15:41:45: Sending PINGRESP to auto-589A3898-DF28-9406-4A51-ED60B433AF19
2025-11-24T15:42:45: Received PINGREQ from auto-589A3898-DF28-9406-4A51-ED60B433AF19
2025-11-24T15:42:45: Sending PINGRESP to auto-589A3898-DF28-9406-4A51-ED60B433AF19
2025-11-24T15:43:45: Received PINGREQ from auto-589A3898-DF28-9406-4A51-ED60B433AF19
2025-11-24T15:43:45: Sending PINGRESP to auto-589A3898-DF28-9406-4A51-ED60B433AF19
2025-11-24T15:44:45: Received PINGREQ from auto-589A3898-DF28-9406-4A51-ED60B433AF19
2025-11-24T15:44:45: Sending PINGRESP to auto-589A3898-DF28-9406-4A51-ED60B433AF19
2025-11-24T15:45:45: Received PINGREQ from auto-589A3898-DF28-9406-4A51-ED60B433AF19
2025-11-24T15:45:45: Sending PINGRESP to auto-589A3898-DF28-9406-4A51-ED60B433AF19
2025-11-24T15:46:45: Received PINGREQ from auto-589A3898-DF28-9406-4A51-ED60B433AF19
2025-11-24T15:46:45: Sending PINGRESP to auto-589A3898-DF28-9406-4A51-ED60B433AF19
2025-11-24T15:47:45: Received PINGREQ from auto-589A3898-DF28-9406-4A51-ED60B433AF19
2025-11-24T15:47:45: Sending PINGRESP to auto-589A3898-DF28-9406-4A51-ED60B433AF19
2025-11-24T15:48:46: Received PINGREQ from auto-589A3898-DF28-9406-4A51-ED60B433AF19
2025-11-24T15:48:46: Sending PINGRESP to auto-589A3898-DF28-9406-4A51-ED60B433AF19
2025-11-24T15:58:43: Client auto-589A3898-DF28-9406-4A51-ED60B433AF19 has exceeded timeout, disconnecting.
2025-11-24T15:58:45: New connection from 172.24.0.4:49315 on port 1883.
2025-11-24T15:58:45: New client connected from 172.24.0.4:49315 as auto-83D054DD-741F-8DCF-D20A-0FF548CB4DB0 (p2, c1, k60).
2025-11-24T15:58:45: No will message specified.
2025-11-24T15:58:45: Sending CONNACK to auto-83D054DD-741F-8DCF-D20A-0FF548CB4DB0 (0, 0)
2025-11-24T15:58:45: Received SUBSCRIBE from auto-83D054DD-741F-8DCF-D20A-0FF548CB4DB0
2025-11-24T15:58:45: 	spBv1.0/# (QoS 0)
2025-11-24T15:58:45: auto-83D054DD-741F-8DCF-D20A-0FF548CB4DB0 0 spBv1.0/#
2025-11-24T15:58:45: Sending SUBACK to auto-83D054DD-741F-8DCF-D20A-0FF548CB4DB0
2025-11-24T15:59:45: Received PINGREQ from auto-83D054DD-741F-8DCF-D20A-0FF548CB4DB0
2025-11-24T15:59:45: Sending PINGRESP to auto-83D054DD-741F-8DCF-D20A-0FF548CB4DB0
2025-11-24T16:00:40: Saving in-memory database to /mosquitto/data//mosquitto.db.
2025-11-24T16:00:45: Received PINGREQ from auto-83D054DD-741F-8DCF-D20A-0FF548CB4DB0
2025-11-24T16:00:45: Sending PINGRESP to auto-83D054DD-741F-8DCF-D20A-0FF548CB4DB0
2025-11-24T16:01:45: Received PINGREQ from auto-83D054DD-741F-8DCF-D20A-0FF548CB4DB0
2025-11-24T16:01:45: Sending PINGRESP to auto-83D054DD-741F-8DCF-D20A-0FF548CB4DB0
2025-11-24T16:02:45: Received PINGREQ from auto-83D054DD-741F-8DCF-D20A-0FF548CB4DB0
2025-11-24T16:02:45: Sending PINGRESP to auto-83D054DD-741F-8DCF-D20A-0FF548CB4DB0
2025-11-24T16:03:45: Received PINGREQ from auto-83D054DD-741F-8DCF-D20A-0FF548CB4DB0
2025-11-24T16:03:45: Sending PINGRESP to auto-83D054DD-741F-8DCF-D20A-0FF548CB4DB0
2025-11-24T16:04:45: Received PINGREQ from auto-83D054DD-741F-8DCF-D20A-0FF548CB4DB0
2025-11-24T16:04:45: Sending PINGRESP to auto-83D054DD-741F-8DCF-D20A-0FF548CB4DB0
2025-11-24T16:05:46: Received PINGREQ from auto-83D054DD-741F-8DCF-D20A-0FF548CB4DB0
2025-11-24T16:05:46: Sending PINGRESP to auto-83D054DD-741F-8DCF-D20A-0FF548CB4DB0
2025-11-24T16:06:46: Received PINGREQ from auto-83D054DD-741F-8DCF-D20A-0FF548CB4DB0
2025-11-24T16:06:46: Sending PINGRESP to auto-83D054DD-741F-8DCF-D20A-0FF548CB4DB0
2025-11-24T16:07:46: Received PINGREQ from auto-83D054DD-741F-8DCF-D20A-0FF548CB4DB0
2025-11-24T16:07:46: Sending PINGRESP to auto-83D054DD-741F-8DCF-D20A-0FF548CB4DB0
2025-11-24T16:08:46: Received PINGREQ from auto-83D054DD-741F-8DCF-D20A-0FF548CB4DB0
2025-11-24T16:08:46: Sending PINGRESP to auto-83D054DD-741F-8DCF-D20A-0FF548CB4DB0
2025-11-24T16:09:46: Received PINGREQ from auto-83D054DD-741F-8DCF-D20A-0FF548CB4DB0
2025-11-24T16:09:46: Sending PINGRESP to auto-83D054DD-741F-8DCF-D20A-0FF548CB4DB0
2025-11-24T16:10:46: Received PINGREQ from auto-83D054DD-741F-8DCF-D20A-0FF548CB4DB0
2025-11-24T16:10:46: Sending PINGRESP to auto-83D054DD-741F-8DCF-D20A-0FF548CB4DB0
2025-11-24T16:11:46: Received PINGREQ from auto-83D054DD-741F-8DCF-D20A-0FF548CB4DB0
2025-11-24T16:11:46: Sending PINGRESP to auto-83D054DD-741F-8DCF-D20A-0FF548CB4DB0
2025-11-24T16:12:46: Received PINGREQ from auto-83D054DD-741F-8DCF-D20A-0FF548CB4DB0
2025-11-24T16:12:46: Sending PINGRESP to auto-83D054DD-741F-8DCF-D20A-0FF548CB4DB0
2025-11-24T16:13:46: Received PINGREQ from auto-83D054DD-741F-8DCF-D20A-0FF548CB4DB0
2025-11-24T16:13:46: Sending PINGRESP to auto-83D054DD-741F-8DCF-D20A-0FF548CB4DB0
2025-11-24T16:14:46: Received PINGREQ from auto-83D054DD-741F-8DCF-D20A-0FF548CB4DB0
2025-11-24T16:14:46: Sending PINGRESP to auto-83D054DD-741F-8DCF-D20A-0FF548CB4DB0
2025-11-24T16:15:47: Received PINGREQ from auto-83D054DD-741F-8DCF-D20A-0FF548CB4DB0
2025-11-24T16:15:47: Sending PINGRESP to auto-83D054DD-741F-8DCF-D20A-0FF548CB4DB0
2025-11-24T17:39:28: Received PINGREQ from auto-83D054DD-741F-8DCF-D20A-0FF548CB4DB0
2025-11-24T17:39:28: Sending PINGRESP to auto-83D054DD-741F-8DCF-D20A-0FF548CB4DB0
2025-11-24T17:39:28: Saving in-memory database to /mosquitto/data//mosquitto.db.
2025-11-24T17:40:28: Received PINGREQ from auto-83D054DD-741F-8DCF-D20A-0FF548CB4DB0
2025-11-24T17:40:28: Sending PINGRESP to auto-83D054DD-741F-8DCF-D20A-0FF548CB4DB0
2025-11-24T17:41:28: Received PINGREQ from auto-83D054DD-741F-8DCF-D20A-0FF548CB4DB0
2025-11-24T17:41:28: Sending PINGRESP to auto-83D054DD-741F-8DCF-D20A-0FF548CB4DB0
2025-11-24T17:42:28: Received PINGREQ from auto-83D054DD-741F-8DCF-D20A-0FF548CB4DB0
2025-11-24T17:42:28: Sending PINGRESP to auto-83D054DD-741F-8DCF-D20A-0FF548CB4DB0
2025-11-24T17:43:28: Received PINGREQ from auto-83D054DD-741F-8DCF-D20A-0FF548CB4DB0
2025-11-24T17:43:28: Sending PINGRESP to auto-83D054DD-741F-8DCF-D20A-0FF548CB4DB0
2025-11-24T17:44:28: Received PINGREQ from auto-83D054DD-741F-8DCF-D20A-0FF548CB4DB0
2025-11-24T17:44:28: Sending PINGRESP to auto-83D054DD-741F-8DCF-D20A-0FF548CB4DB0
2025-11-24T17:45:28: Received PINGREQ from auto-83D054DD-741F-8DCF-D20A-0FF548CB4DB0
2025-11-24T17:45:28: Sending PINGRESP to auto-83D054DD-741F-8DCF-D20A-0FF548CB4DB0
2025-11-24T17:46:29: Received PINGREQ from auto-83D054DD-741F-8DCF-D20A-0FF548CB4DB0
2025-11-24T17:46:29: Sending PINGRESP to auto-83D054DD-741F-8DCF-D20A-0FF548CB4DB0
2025-11-24T17:47:29: Received PINGREQ from auto-83D054DD-741F-8DCF-D20A-0FF548CB4DB0
2025-11-24T17:47:29: Sending PINGRESP to auto-83D054DD-741F-8DCF-D20A-0FF548CB4DB0
2025-11-24T17:48:29: Received PINGREQ from auto-83D054DD-741F-8DCF-D20A-0FF548CB4DB0
2025-11-24T17:48:29: Sending PINGRESP to auto-83D054DD-741F-8DCF-D20A-0FF548CB4DB0
2025-11-24T17:49:29: Received PINGREQ from auto-83D054DD-741F-8DCF-D20A-0FF548CB4DB0
2025-11-24T17:49:29: Sending PINGRESP to auto-83D054DD-741F-8DCF-D20A-0FF548CB4DB0
2025-11-24T17:50:29: Received PINGREQ from auto-83D054DD-741F-8DCF-D20A-0FF548CB4DB0
2025-11-24T17:50:29: Sending PINGRESP to auto-83D054DD-741F-8DCF-D20A-0FF548CB4DB0
2025-11-24T17:51:29: Received PINGREQ from auto-83D054DD-741F-8DCF-D20A-0FF548CB4DB0
2025-11-24T17:51:29: Sending PINGRESP to auto-83D054DD-741F-8DCF-D20A-0FF548CB4DB0
2025-11-24T17:52:29: Received PINGREQ from auto-83D054DD-741F-8DCF-D20A-0FF548CB4DB0
2025-11-24T17:52:29: Sending PINGRESP to auto-83D054DD-741F-8DCF-D20A-0FF548CB4DB0
2025-11-24T17:53:29: Received PINGREQ from auto-83D054DD-741F-8DCF-D20A-0FF548CB4DB0
2025-11-24T17:53:29: Sending PINGRESP to auto-83D054DD-741F-8DCF-D20A-0FF548CB4DB0
2025-11-24T17:54:29: Received PINGREQ from auto-83D054DD-741F-8DCF-D20A-0FF548CB4DB0
2025-11-24T17:54:29: Sending PINGRESP to auto-83D054DD-741F-8DCF-D20A-0FF548CB4DB0
2025-11-24T17:55:29: Received PINGREQ from auto-83D054DD-741F-8DCF-D20A-0FF548CB4DB0
2025-11-24T17:55:29: Sending PINGRESP to auto-83D054DD-741F-8DCF-D20A-0FF548CB4DB0
2025-11-24T17:56:30: Received PINGREQ from auto-83D054DD-741F-8DCF-D20A-0FF548CB4DB0
2025-11-24T17:56:30: Sending PINGRESP to auto-83D054DD-741F-8DCF-D20A-0FF548CB4DB0
2025-11-24T17:57:30: Received PINGREQ from auto-83D054DD-741F-8DCF-D20A-0FF548CB4DB0
2025-11-24T17:57:30: Sending PINGRESP to auto-83D054DD-741F-8DCF-D20A-0FF548CB4DB0
2025-11-24T17:58:30: Received PINGREQ from auto-83D054DD-741F-8DCF-D20A-0FF548CB4DB0
2025-11-24T17:58:30: Sending PINGRESP to auto-83D054DD-741F-8DCF-D20A-0FF548CB4DB0
2025-11-24T17:59:30: Received PINGREQ from auto-83D054DD-741F-8DCF-D20A-0FF548CB4DB0
2025-11-24T17:59:30: Sending PINGRESP to auto-83D054DD-741F-8DCF-D20A-0FF548CB4DB0
2025-11-24T18:00:30: Received PINGREQ from auto-83D054DD-741F-8DCF-D20A-0FF548CB4DB0
2025-11-24T18:00:30: Sending PINGRESP to auto-83D054DD-741F-8DCF-D20A-0FF548CB4DB0
2025-11-24T18:01:30: Received PINGREQ from auto-83D054DD-741F-8DCF-D20A-0FF548CB4DB0
2025-11-24T18:01:30: Sending PINGRESP to auto-83D054DD-741F-8DCF-D20A-0FF548CB4DB0
2025-11-24T18:02:30: Received PINGREQ from auto-83D054DD-741F-8DCF-D20A-0FF548CB4DB0
2025-11-24T18:02:30: Sending PINGRESP to auto-83D054DD-741F-8DCF-D20A-0FF548CB4DB0
2025-11-24T18:03:30: Received PINGREQ from auto-83D054DD-741F-8DCF-D20A-0FF548CB4DB0
2025-11-24T18:03:30: Sending PINGRESP to auto-83D054DD-741F-8DCF-D20A-0FF548CB4DB0
2025-11-24T18:04:30: Received PINGREQ from auto-83D054DD-741F-8DCF-D20A-0FF548CB4DB0
2025-11-24T18:04:30: Sending PINGRESP to auto-83D054DD-741F-8DCF-D20A-0FF548CB4DB0
2025-11-24T18:05:31: Received PINGREQ from auto-83D054DD-741F-8DCF-D20A-0FF548CB4DB0
2025-11-24T18:05:31: Sending PINGRESP to auto-83D054DD-741F-8DCF-D20A-0FF548CB4DB0
2025-11-24T18:06:31: Received PINGREQ from auto-83D054DD-741F-8DCF-D20A-0FF548CB4DB0
2025-11-24T18:06:31: Sending PINGRESP to auto-83D054DD-741F-8DCF-D20A-0FF548CB4DB0
2025-11-24T18:07:31: Received PINGREQ from auto-83D054DD-741F-8DCF-D20A-0FF548CB4DB0
2025-11-24T18:07:31: Sending PINGRESP to auto-83D054DD-741F-8DCF-D20A-0FF548CB4DB0
2025-11-24T18:08:31: Received PINGREQ from auto-83D054DD-741F-8DCF-D20A-0FF548CB4DB0
2025-11-24T18:08:31: Sending PINGRESP to auto-83D054DD-741F-8DCF-D20A-0FF548CB4DB0
2025-11-24T18:09:29: Saving in-memory database to /mosquitto/data//mosquitto.db.
2025-11-24T18:09:31: Received PINGREQ from auto-83D054DD-741F-8DCF-D20A-0FF548CB4DB0
2025-11-24T18:09:31: Sending PINGRESP to auto-83D054DD-741F-8DCF-D20A-0FF548CB4DB0
2025-11-24T18:10:31: Received PINGREQ from auto-83D054DD-741F-8DCF-D20A-0FF548CB4DB0
2025-11-24T18:10:31: Sending PINGRESP to auto-83D054DD-741F-8DCF-D20A-0FF548CB4DB0
2025-11-24T18:11:31: Received PINGREQ from auto-83D054DD-741F-8DCF-D20A-0FF548CB4DB0
2025-11-24T18:11:31: Sending PINGRESP to auto-83D054DD-741F-8DCF-D20A-0FF548CB4DB0
2025-11-24T18:12:31: Received PINGREQ from auto-83D054DD-741F-8DCF-D20A-0FF548CB4DB0
2025-11-24T18:12:31: Sending PINGRESP to auto-83D054DD-741F-8DCF-D20A-0FF548CB4DB0
2025-11-24T18:13:31: Received PINGREQ from auto-83D054DD-741F-8DCF-D20A-0FF548CB4DB0
2025-11-24T18:13:31: Sending PINGRESP to auto-83D054DD-741F-8DCF-D20A-0FF548CB4DB0
2025-11-24T18:14:31: Received PINGREQ from auto-83D054DD-741F-8DCF-D20A-0FF548CB4DB0
2025-11-24T18:14:31: Sending PINGRESP to auto-83D054DD-741F-8DCF-D20A-0FF548CB4DB0
2025-11-24T18:15:32: Received PINGREQ from auto-83D054DD-741F-8DCF-D20A-0FF548CB4DB0
2025-11-24T18:15:32: Sending PINGRESP to auto-83D054DD-741F-8DCF-D20A-0FF548CB4DB0
2025-11-24T18:16:32: Received PINGREQ from auto-83D054DD-741F-8DCF-D20A-0FF548CB4DB0
2025-11-24T18:16:32: Sending PINGRESP to auto-83D054DD-741F-8DCF-D20A-0FF548CB4DB0
2025-11-24T18:17:32: Received PINGREQ from auto-83D054DD-741F-8DCF-D20A-0FF548CB4DB0
2025-11-24T18:17:32: Sending PINGRESP to auto-83D054DD-741F-8DCF-D20A-0FF548CB4DB0
2025-11-24T18:18:32: Received PINGREQ from auto-83D054DD-741F-8DCF-D20A-0FF548CB4DB0
2025-11-24T18:18:32: Sending PINGRESP to auto-83D054DD-741F-8DCF-D20A-0FF548CB4DB0
2025-11-24T18:19:32: Received PINGREQ from auto-83D054DD-741F-8DCF-D20A-0FF548CB4DB0
2025-11-24T18:19:32: Sending PINGRESP to auto-83D054DD-741F-8DCF-D20A-0FF548CB4DB0
2025-11-24T18:20:32: Received PINGREQ from auto-83D054DD-741F-8DCF-D20A-0FF548CB4DB0
2025-11-24T18:20:32: Sending PINGRESP to auto-83D054DD-741F-8DCF-D20A-0FF548CB4DB0
2025-11-24T18:21:32: Received PINGREQ from auto-83D054DD-741F-8DCF-D20A-0FF548CB4DB0
2025-11-24T18:21:32: Sending PINGRESP to auto-83D054DD-741F-8DCF-D20A-0FF548CB4DB0
2025-11-24T18:22:32: Received PINGREQ from auto-83D054DD-741F-8DCF-D20A-0FF548CB4DB0
2025-11-24T18:22:32: Sending PINGRESP to auto-83D054DD-741F-8DCF-D20A-0FF548CB4DB0
2025-11-24T18:23:32: Received PINGREQ from auto-83D054DD-741F-8DCF-D20A-0FF548CB4DB0
2025-11-24T18:23:32: Sending PINGRESP to auto-83D054DD-741F-8DCF-D20A-0FF548CB4DB0
2025-11-24T18:24:32: Received PINGREQ from auto-83D054DD-741F-8DCF-D20A-0FF548CB4DB0
2025-11-24T18:24:32: Sending PINGRESP to auto-83D054DD-741F-8DCF-D20A-0FF548CB4DB0
2025-11-24T18:25:33: Received PINGREQ from auto-83D054DD-741F-8DCF-D20A-0FF548CB4DB0
2025-11-24T18:25:33: Sending PINGRESP to auto-83D054DD-741F-8DCF-D20A-0FF548CB4DB0
2025-11-24T18:26:33: Received PINGREQ from auto-83D054DD-741F-8DCF-D20A-0FF548CB4DB0
2025-11-24T18:26:33: Sending PINGRESP to auto-83D054DD-741F-8DCF-D20A-0FF548CB4DB0
2025-11-24T18:27:33: Received PINGREQ from auto-83D054DD-741F-8DCF-D20A-0FF548CB4DB0
2025-11-24T18:27:33: Sending PINGRESP to auto-83D054DD-741F-8DCF-D20A-0FF548CB4DB0
2025-11-24T18:28:33: Received PINGREQ from auto-83D054DD-741F-8DCF-D20A-0FF548CB4DB0
2025-11-24T18:28:33: Sending PINGRESP to auto-83D054DD-741F-8DCF-D20A-0FF548CB4DB0
2025-11-24T18:29:33: Received PINGREQ from auto-83D054DD-741F-8DCF-D20A-0FF548CB4DB0
2025-11-24T18:29:33: Sending PINGRESP to auto-83D054DD-741F-8DCF-D20A-0FF548CB4DB0
2025-11-24T18:30:33: Received PINGREQ from auto-83D054DD-741F-8DCF-D20A-0FF548CB4DB0
2025-11-24T18:30:33: Sending PINGRESP to auto-83D054DD-741F-8DCF-D20A-0FF548CB4DB0
2025-11-24T18:31:33: Received PINGREQ from auto-83D054DD-741F-8DCF-D20A-0FF548CB4DB0
2025-11-24T18:31:33: Sending PINGRESP to auto-83D054DD-741F-8DCF-D20A-0FF548CB4DB0
2025-11-24T18:32:33: Received PINGREQ from auto-83D054DD-741F-8DCF-D20A-0FF548CB4DB0
2025-11-24T18:32:33: Sending PINGRESP to auto-83D054DD-741F-8DCF-D20A-0FF548CB4DB0
2025-11-24T18:33:33: Received PINGREQ from auto-83D054DD-741F-8DCF-D20A-0FF548CB4DB0
2025-11-24T18:33:33: Sending PINGRESP to auto-83D054DD-741F-8DCF-D20A-0FF548CB4DB0
2025-11-24T18:34:34: Received PINGREQ from auto-83D054DD-741F-8DCF-D20A-0FF548CB4DB0
2025-11-24T18:34:34: Sending PINGRESP to auto-83D054DD-741F-8DCF-D20A-0FF548CB4DB0
2025-11-24T18:35:34: Received PINGREQ from auto-83D054DD-741F-8DCF-D20A-0FF548CB4DB0
2025-11-24T18:35:34: Sending PINGRESP to auto-83D054DD-741F-8DCF-D20A-0FF548CB4DB0
2025-11-24T18:36:34: Received PINGREQ from auto-83D054DD-741F-8DCF-D20A-0FF548CB4DB0
2025-11-24T18:36:34: Sending PINGRESP to auto-83D054DD-741F-8DCF-D20A-0FF548CB4DB0
2025-11-24T18:37:34: Received PINGREQ from auto-83D054DD-741F-8DCF-D20A-0FF548CB4DB0
2025-11-24T18:37:34: Sending PINGRESP to auto-83D054DD-741F-8DCF-D20A-0FF548CB4DB0
2025-11-24T18:38:34: Received PINGREQ from auto-83D054DD-741F-8DCF-D20A-0FF548CB4DB0
2025-11-24T18:38:34: Sending PINGRESP to auto-83D054DD-741F-8DCF-D20A-0FF548CB4DB0
2025-11-24T18:39:30: Saving in-memory database to /mosquitto/data//mosquitto.db.
2025-11-24T18:39:34: Received PINGREQ from auto-83D054DD-741F-8DCF-D20A-0FF548CB4DB0
2025-11-24T18:39:34: Sending PINGRESP to auto-83D054DD-741F-8DCF-D20A-0FF548CB4DB0
2025-11-24T18:40:34: Received PINGREQ from auto-83D054DD-741F-8DCF-D20A-0FF548CB4DB0
2025-11-24T18:40:34: Sending PINGRESP to auto-83D054DD-741F-8DCF-D20A-0FF548CB4DB0
2025-11-25T05:36:58: Received PINGREQ from auto-83D054DD-741F-8DCF-D20A-0FF548CB4DB0
2025-11-25T05:36:58: Sending PINGRESP to auto-83D054DD-741F-8DCF-D20A-0FF548CB4DB0
2025-11-25T05:36:58: Saving in-memory database to /mosquitto/data//mosquitto.db.
2025-11-25T05:42:10: Client auto-83D054DD-741F-8DCF-D20A-0FF548CB4DB0 has exceeded timeout, disconnecting.
2025-11-25T05:43:43: New connection from 172.24.0.4:42827 on port 1883.
2025-11-25T05:43:43: New client connected from 172.24.0.4:42827 as auto-DB5A177B-E41F-4804-8D95-0AB875501C3A (p2, c1, k60).
2025-11-25T05:43:43: No will message specified.
2025-11-25T05:43:43: Sending CONNACK to auto-DB5A177B-E41F-4804-8D95-0AB875501C3A (0, 0)
2025-11-25T05:43:43: Received SUBSCRIBE from auto-DB5A177B-E41F-4804-8D95-0AB875501C3A
2025-11-25T05:43:43: 	spBv1.0/# (QoS 0)
2025-11-25T05:43:43: auto-DB5A177B-E41F-4804-8D95-0AB875501C3A 0 spBv1.0/#
2025-11-25T05:43:43: Sending SUBACK to auto-DB5A177B-E41F-4804-8D95-0AB875501C3A
2025-11-25T05:44:42: Received PINGREQ from auto-DB5A177B-E41F-4804-8D95-0AB875501C3A
2025-11-25T05:44:42: Sending PINGRESP to auto-DB5A177B-E41F-4804-8D95-0AB875501C3A
2025-11-25T05:45:42: Received PINGREQ from auto-DB5A177B-E41F-4804-8D95-0AB875501C3A
2025-11-25T05:45:42: Sending PINGRESP to auto-DB5A177B-E41F-4804-8D95-0AB875501C3A
2025-11-25T05:46:42: Received PINGREQ from auto-DB5A177B-E41F-4804-8D95-0AB875501C3A
2025-11-25T05:46:42: Sending PINGRESP to auto-DB5A177B-E41F-4804-8D95-0AB875501C3A
2025-11-25T05:47:42: Received PINGREQ from auto-DB5A177B-E41F-4804-8D95-0AB875501C3A
2025-11-25T05:47:42: Sending PINGRESP to auto-DB5A177B-E41F-4804-8D95-0AB875501C3A
2025-11-25T05:48:42: Received PINGREQ from auto-DB5A177B-E41F-4804-8D95-0AB875501C3A
2025-11-25T05:48:42: Sending PINGRESP to auto-DB5A177B-E41F-4804-8D95-0AB875501C3A
2025-11-25T05:49:42: Received PINGREQ from auto-DB5A177B-E41F-4804-8D95-0AB875501C3A
2025-11-25T05:49:42: Sending PINGRESP to auto-DB5A177B-E41F-4804-8D95-0AB875501C3A
2025-11-25T05:50:42: Received PINGREQ from auto-DB5A177B-E41F-4804-8D95-0AB875501C3A
2025-11-25T05:50:42: Sending PINGRESP to auto-DB5A177B-E41F-4804-8D95-0AB875501C3A
2025-11-25T05:51:43: Received PINGREQ from auto-DB5A177B-E41F-4804-8D95-0AB875501C3A
2025-11-25T05:51:43: Sending PINGRESP to auto-DB5A177B-E41F-4804-8D95-0AB875501C3A
2025-11-25T05:52:43: Received PINGREQ from auto-DB5A177B-E41F-4804-8D95-0AB875501C3A
2025-11-25T05:52:43: Sending PINGRESP to auto-DB5A177B-E41F-4804-8D95-0AB875501C3A
2025-11-25T05:53:43: Received PINGREQ from auto-DB5A177B-E41F-4804-8D95-0AB875501C3A
2025-11-25T05:53:43: Sending PINGRESP to auto-DB5A177B-E41F-4804-8D95-0AB875501C3A
2025-11-25T05:54:43: Received PINGREQ from auto-DB5A177B-E41F-4804-8D95-0AB875501C3A
2025-11-25T05:54:43: Sending PINGRESP to auto-DB5A177B-E41F-4804-8D95-0AB875501C3A
2025-11-25T05:57:56: Received PINGREQ from auto-DB5A177B-E41F-4804-8D95-0AB875501C3A
2025-11-25T05:57:56: Sending PINGRESP to auto-DB5A177B-E41F-4804-8D95-0AB875501C3A
2025-11-25T05:58:57: Received PINGREQ from auto-DB5A177B-E41F-4804-8D95-0AB875501C3A
2025-11-25T05:58:57: Sending PINGRESP to auto-DB5A177B-E41F-4804-8D95-0AB875501C3A
2025-11-25T05:59:57: Received PINGREQ from auto-DB5A177B-E41F-4804-8D95-0AB875501C3A
2025-11-25T05:59:57: Sending PINGRESP to auto-DB5A177B-E41F-4804-8D95-0AB875501C3A
2025-11-25T06:00:57: Received PINGREQ from auto-DB5A177B-E41F-4804-8D95-0AB875501C3A
2025-11-25T06:00:57: Sending PINGRESP to auto-DB5A177B-E41F-4804-8D95-0AB875501C3A
2025-11-25T06:01:57: Received PINGREQ from auto-DB5A177B-E41F-4804-8D95-0AB875501C3A
2025-11-25T06:01:57: Sending PINGRESP to auto-DB5A177B-E41F-4804-8D95-0AB875501C3A
2025-11-25T06:02:57: Received PINGREQ from auto-DB5A177B-E41F-4804-8D95-0AB875501C3A
2025-11-25T06:02:57: Sending PINGRESP to auto-DB5A177B-E41F-4804-8D95-0AB875501C3A
2025-11-25T06:03:57: Received PINGREQ from auto-DB5A177B-E41F-4804-8D95-0AB875501C3A
2025-11-25T06:03:57: Sending PINGRESP to auto-DB5A177B-E41F-4804-8D95-0AB875501C3A
2025-11-25T06:04:57: Received PINGREQ from auto-DB5A177B-E41F-4804-8D95-0AB875501C3A
2025-11-25T06:04:57: Sending PINGRESP to auto-DB5A177B-E41F-4804-8D95-0AB875501C3A
2025-11-25T06:05:57: Received PINGREQ from auto-DB5A177B-E41F-4804-8D95-0AB875501C3A
2025-11-25T06:05:57: Sending PINGRESP to auto-DB5A177B-E41F-4804-8D95-0AB875501C3A
2025-11-25T06:06:57: Received PINGREQ from auto-DB5A177B-E41F-4804-8D95-0AB875501C3A
2025-11-25T06:06:57: Sending PINGRESP to auto-DB5A177B-E41F-4804-8D95-0AB875501C3A
2025-11-25T06:06:59: Saving in-memory database to /mosquitto/data//mosquitto.db.
2025-11-25T07:00:50: Saving in-memory database to /mosquitto/data//mosquitto.db.
2025-11-25T07:00:50: Client auto-DB5A177B-E41F-4804-8D95-0AB875501C3A has exceeded timeout, disconnecting.
2025-11-25T07:00:51: New connection from 172.24.0.4:55675 on port 1883.
2025-11-25T07:00:51: New client connected from 172.24.0.4:55675 as auto-BC233082-8703-D631-A453-3A100AD736E6 (p2, c1, k60).
2025-11-25T07:00:51: No will message specified.
2025-11-25T07:00:51: Sending CONNACK to auto-BC233082-8703-D631-A453-3A100AD736E6 (0, 0)
2025-11-25T07:00:51: Received SUBSCRIBE from auto-BC233082-8703-D631-A453-3A100AD736E6
2025-11-25T07:00:51: 	spBv1.0/# (QoS 0)
2025-11-25T07:00:51: auto-BC233082-8703-D631-A453-3A100AD736E6 0 spBv1.0/#
2025-11-25T07:00:51: Sending SUBACK to auto-BC233082-8703-D631-A453-3A100AD736E6
2025-11-25T07:01:51: Received PINGREQ from auto-BC233082-8703-D631-A453-3A100AD736E6
2025-11-25T07:01:51: Sending PINGRESP to auto-BC233082-8703-D631-A453-3A100AD736E6
2025-11-25T07:02:51: Received PINGREQ from auto-BC233082-8703-D631-A453-3A100AD736E6
2025-11-25T07:02:51: Sending PINGRESP to auto-BC233082-8703-D631-A453-3A100AD736E6
2025-11-25T07:03:51: Received PINGREQ from auto-BC233082-8703-D631-A453-3A100AD736E6
2025-11-25T07:03:51: Sending PINGRESP to auto-BC233082-8703-D631-A453-3A100AD736E6
2025-11-25T07:04:51: Received PINGREQ from auto-BC233082-8703-D631-A453-3A100AD736E6
2025-11-25T07:04:51: Sending PINGRESP to auto-BC233082-8703-D631-A453-3A100AD736E6
2025-11-25T07:05:51: Received PINGREQ from auto-BC233082-8703-D631-A453-3A100AD736E6
2025-11-25T07:05:51: Sending PINGRESP to auto-BC233082-8703-D631-A453-3A100AD736E6
2025-11-25T07:06:51: Received PINGREQ from auto-BC233082-8703-D631-A453-3A100AD736E6
2025-11-25T07:06:51: Sending PINGRESP to auto-BC233082-8703-D631-A453-3A100AD736E6
2025-11-25T07:07:52: Received PINGREQ from auto-BC233082-8703-D631-A453-3A100AD736E6
2025-11-25T07:07:52: Sending PINGRESP to auto-BC233082-8703-D631-A453-3A100AD736E6
2025-11-25T07:08:52: Received PINGREQ from auto-BC233082-8703-D631-A453-3A100AD736E6
2025-11-25T07:08:52: Sending PINGRESP to auto-BC233082-8703-D631-A453-3A100AD736E6
2025-11-25T07:09:52: Received PINGREQ from auto-BC233082-8703-D631-A453-3A100AD736E6
2025-11-25T07:09:52: Sending PINGRESP to auto-BC233082-8703-D631-A453-3A100AD736E6
2025-11-25T07:10:52: Received PINGREQ from auto-BC233082-8703-D631-A453-3A100AD736E6
2025-11-25T07:10:52: Sending PINGRESP to auto-BC233082-8703-D631-A453-3A100AD736E6
2025-11-25T07:11:52: Received PINGREQ from auto-BC233082-8703-D631-A453-3A100AD736E6
2025-11-25T07:11:52: Sending PINGRESP to auto-BC233082-8703-D631-A453-3A100AD736E6
2025-11-25T07:12:52: Received PINGREQ from auto-BC233082-8703-D631-A453-3A100AD736E6
2025-11-25T07:12:52: Sending PINGRESP to auto-BC233082-8703-D631-A453-3A100AD736E6
2025-11-25T07:13:52: Received PINGREQ from auto-BC233082-8703-D631-A453-3A100AD736E6
2025-11-25T07:13:52: Sending PINGRESP to auto-BC233082-8703-D631-A453-3A100AD736E6
2025-11-25T07:14:52: Received PINGREQ from auto-BC233082-8703-D631-A453-3A100AD736E6
2025-11-25T07:14:52: Sending PINGRESP to auto-BC233082-8703-D631-A453-3A100AD736E6
2025-11-25T07:15:52: Received PINGREQ from auto-BC233082-8703-D631-A453-3A100AD736E6
2025-11-25T07:15:52: Sending PINGRESP to auto-BC233082-8703-D631-A453-3A100AD736E6
2025-11-25T07:16:52: Received PINGREQ from auto-BC233082-8703-D631-A453-3A100AD736E6
2025-11-25T07:16:52: Sending PINGRESP to auto-BC233082-8703-D631-A453-3A100AD736E6
2025-11-25T07:17:52: Received PINGREQ from auto-BC233082-8703-D631-A453-3A100AD736E6
2025-11-25T07:17:52: Sending PINGRESP to auto-BC233082-8703-D631-A453-3A100AD736E6
2025-11-25T07:18:52: Received PINGREQ from auto-BC233082-8703-D631-A453-3A100AD736E6
2025-11-25T07:18:52: Sending PINGRESP to auto-BC233082-8703-D631-A453-3A100AD736E6
2025-11-25T07:19:53: Received PINGREQ from auto-BC233082-8703-D631-A453-3A100AD736E6
2025-11-25T07:19:53: Sending PINGRESP to auto-BC233082-8703-D631-A453-3A100AD736E6
2025-11-25T07:20:53: Received PINGREQ from auto-BC233082-8703-D631-A453-3A100AD736E6
2025-11-25T07:20:53: Sending PINGRESP to auto-BC233082-8703-D631-A453-3A100AD736E6
2025-11-25T07:21:53: Received PINGREQ from auto-BC233082-8703-D631-A453-3A100AD736E6
2025-11-25T07:21:53: Sending PINGRESP to auto-BC233082-8703-D631-A453-3A100AD736E6
2025-11-25T07:22:53: Received PINGREQ from auto-BC233082-8703-D631-A453-3A100AD736E6
2025-11-25T07:22:53: Sending PINGRESP to auto-BC233082-8703-D631-A453-3A100AD736E6
2025-11-25T07:23:53: Received PINGREQ from auto-BC233082-8703-D631-A453-3A100AD736E6
2025-11-25T07:23:53: Sending PINGRESP to auto-BC233082-8703-D631-A453-3A100AD736E6
2025-11-25T07:24:53: Received PINGREQ from auto-BC233082-8703-D631-A453-3A100AD736E6
2025-11-25T07:24:53: Sending PINGRESP to auto-BC233082-8703-D631-A453-3A100AD736E6
2025-11-25T07:25:53: Received PINGREQ from auto-BC233082-8703-D631-A453-3A100AD736E6
2025-11-25T07:25:53: Sending PINGRESP to auto-BC233082-8703-D631-A453-3A100AD736E6
2025-11-25T07:26:53: Received PINGREQ from auto-BC233082-8703-D631-A453-3A100AD736E6
2025-11-25T07:26:53: Sending PINGRESP to auto-BC233082-8703-D631-A453-3A100AD736E6
2025-11-25T07:27:53: Received PINGREQ from auto-BC233082-8703-D631-A453-3A100AD736E6
2025-11-25T07:27:53: Sending PINGRESP to auto-BC233082-8703-D631-A453-3A100AD736E6
2025-11-25T07:28:54: Received PINGREQ from auto-BC233082-8703-D631-A453-3A100AD736E6
2025-11-25T07:28:54: Sending PINGRESP to auto-BC233082-8703-D631-A453-3A100AD736E6
2025-11-25T07:29:54: Received PINGREQ from auto-BC233082-8703-D631-A453-3A100AD736E6
2025-11-25T07:29:54: Sending PINGRESP to auto-BC233082-8703-D631-A453-3A100AD736E6
2025-11-25T07:30:51: Saving in-memory database to /mosquitto/data//mosquitto.db.
2025-11-25T07:30:54: Received PINGREQ from auto-BC233082-8703-D631-A453-3A100AD736E6
2025-11-25T07:30:54: Sending PINGRESP to auto-BC233082-8703-D631-A453-3A100AD736E6
2025-11-25T07:31:54: Received PINGREQ from auto-BC233082-8703-D631-A453-3A100AD736E6
2025-11-25T07:31:54: Sending PINGRESP to auto-BC233082-8703-D631-A453-3A100AD736E6
2025-11-25T07:32:54: Received PINGREQ from auto-BC233082-8703-D631-A453-3A100AD736E6
2025-11-25T07:32:54: Sending PINGRESP to auto-BC233082-8703-D631-A453-3A100AD736E6
2025-11-25T07:33:54: Received PINGREQ from auto-BC233082-8703-D631-A453-3A100AD736E6
2025-11-25T07:33:54: Sending PINGRESP to auto-BC233082-8703-D631-A453-3A100AD736E6
2025-11-25T07:34:54: Received PINGREQ from auto-BC233082-8703-D631-A453-3A100AD736E6
2025-11-25T07:34:54: Sending PINGRESP to auto-BC233082-8703-D631-A453-3A100AD736E6
2025-11-25T07:35:54: Received PINGREQ from auto-BC233082-8703-D631-A453-3A100AD736E6
2025-11-25T07:35:54: Sending PINGRESP to auto-BC233082-8703-D631-A453-3A100AD736E6
2025-11-25T07:36:54: Received PINGREQ from auto-BC233082-8703-D631-A453-3A100AD736E6
2025-11-25T07:36:54: Sending PINGRESP to auto-BC233082-8703-D631-A453-3A100AD736E6
2025-11-25T07:37:54: Received PINGREQ from auto-BC233082-8703-D631-A453-3A100AD736E6
2025-11-25T07:37:54: Sending PINGRESP to auto-BC233082-8703-D631-A453-3A100AD736E6
2025-11-25T07:38:55: Received PINGREQ from auto-BC233082-8703-D631-A453-3A100AD736E6
2025-11-25T07:38:55: Sending PINGRESP to auto-BC233082-8703-D631-A453-3A100AD736E6
2025-11-25T07:39:55: Received PINGREQ from auto-BC233082-8703-D631-A453-3A100AD736E6
2025-11-25T07:39:55: Sending PINGRESP to auto-BC233082-8703-D631-A453-3A100AD736E6
2025-11-25T07:40:55: Received PINGREQ from auto-BC233082-8703-D631-A453-3A100AD736E6
2025-11-25T07:40:55: Sending PINGRESP to auto-BC233082-8703-D631-A453-3A100AD736E6
2025-11-25T07:41:55: Received PINGREQ from auto-BC233082-8703-D631-A453-3A100AD736E6
2025-11-25T07:41:55: Sending PINGRESP to auto-BC233082-8703-D631-A453-3A100AD736E6
2025-11-25T07:42:55: Received PINGREQ from auto-BC233082-8703-D631-A453-3A100AD736E6
2025-11-25T07:42:55: Sending PINGRESP to auto-BC233082-8703-D631-A453-3A100AD736E6
2025-11-25T07:43:55: Received PINGREQ from auto-BC233082-8703-D631-A453-3A100AD736E6
2025-11-25T07:43:55: Sending PINGRESP to auto-BC233082-8703-D631-A453-3A100AD736E6
2025-11-25T07:44:55: Received PINGREQ from auto-BC233082-8703-D631-A453-3A100AD736E6
2025-11-25T07:44:55: Sending PINGRESP to auto-BC233082-8703-D631-A453-3A100AD736E6
2025-11-25T07:45:55: Received PINGREQ from auto-BC233082-8703-D631-A453-3A100AD736E6
2025-11-25T07:45:55: Sending PINGRESP to auto-BC233082-8703-D631-A453-3A100AD736E6
2025-11-25T07:46:55: Received PINGREQ from auto-BC233082-8703-D631-A453-3A100AD736E6
2025-11-25T07:46:55: Sending PINGRESP to auto-BC233082-8703-D631-A453-3A100AD736E6
2025-11-25T07:47:56: Received PINGREQ from auto-BC233082-8703-D631-A453-3A100AD736E6
2025-11-25T07:47:56: Sending PINGRESP to auto-BC233082-8703-D631-A453-3A100AD736E6
2025-11-25T07:48:56: Received PINGREQ from auto-BC233082-8703-D631-A453-3A100AD736E6
2025-11-25T07:48:56: Sending PINGRESP to auto-BC233082-8703-D631-A453-3A100AD736E6
2025-11-25T07:49:56: Received PINGREQ from auto-BC233082-8703-D631-A453-3A100AD736E6
2025-11-25T07:49:56: Sending PINGRESP to auto-BC233082-8703-D631-A453-3A100AD736E6
2025-11-25T07:50:56: Received PINGREQ from auto-BC233082-8703-D631-A453-3A100AD736E6
2025-11-25T07:50:56: Sending PINGRESP to auto-BC233082-8703-D631-A453-3A100AD736E6
2025-11-25T07:51:56: Received PINGREQ from auto-BC233082-8703-D631-A453-3A100AD736E6
2025-11-25T07:51:56: Sending PINGRESP to auto-BC233082-8703-D631-A453-3A100AD736E6
2025-11-25T07:52:56: Received PINGREQ from auto-BC233082-8703-D631-A453-3A100AD736E6
2025-11-25T07:52:56: Sending PINGRESP to auto-BC233082-8703-D631-A453-3A100AD736E6
2025-11-25T07:53:56: Received PINGREQ from auto-BC233082-8703-D631-A453-3A100AD736E6
2025-11-25T07:53:56: Sending PINGRESP to auto-BC233082-8703-D631-A453-3A100AD736E6
2025-11-25T07:54:56: Received PINGREQ from auto-BC233082-8703-D631-A453-3A100AD736E6
2025-11-25T07:54:56: Sending PINGRESP to auto-BC233082-8703-D631-A453-3A100AD736E6
2025-11-25T07:55:56: Received PINGREQ from auto-BC233082-8703-D631-A453-3A100AD736E6
2025-11-25T07:55:56: Sending PINGRESP to auto-BC233082-8703-D631-A453-3A100AD736E6
2025-11-25T07:56:56: Received PINGREQ from auto-BC233082-8703-D631-A453-3A100AD736E6
2025-11-25T07:56:56: Sending PINGRESP to auto-BC233082-8703-D631-A453-3A100AD736E6
2025-11-25T07:57:57: Received PINGREQ from auto-BC233082-8703-D631-A453-3A100AD736E6
2025-11-25T07:57:57: Sending PINGRESP to auto-BC233082-8703-D631-A453-3A100AD736E6
2025-11-25T07:58:57: Received PINGREQ from auto-BC233082-8703-D631-A453-3A100AD736E6
2025-11-25T07:58:57: Sending PINGRESP to auto-BC233082-8703-D631-A453-3A100AD736E6
2025-11-25T07:59:57: Received PINGREQ from auto-BC233082-8703-D631-A453-3A100AD736E6
2025-11-25T07:59:57: Sending PINGRESP to auto-BC233082-8703-D631-A453-3A100AD736E6
2025-11-25T08:00:52: Saving in-memory database to /mosquitto/data//mosquitto.db.
2025-11-25T08:00:57: Received PINGREQ from auto-BC233082-8703-D631-A453-3A100AD736E6
2025-11-25T08:00:57: Sending PINGRESP to auto-BC233082-8703-D631-A453-3A100AD736E6
2025-11-25T08:01:57: Received PINGREQ from auto-BC233082-8703-D631-A453-3A100AD736E6
2025-11-25T08:01:57: Sending PINGRESP to auto-BC233082-8703-D631-A453-3A100AD736E6
2025-11-25T08:02:57: Received PINGREQ from auto-BC233082-8703-D631-A453-3A100AD736E6
2025-11-25T08:02:57: Sending PINGRESP to auto-BC233082-8703-D631-A453-3A100AD736E6
2025-11-25T08:03:57: Received PINGREQ from auto-BC233082-8703-D631-A453-3A100AD736E6
2025-11-25T08:03:57: Sending PINGRESP to auto-BC233082-8703-D631-A453-3A100AD736E6
2025-11-25T08:04:57: Received PINGREQ from auto-BC233082-8703-D631-A453-3A100AD736E6
2025-11-25T08:04:57: Sending PINGRESP to auto-BC233082-8703-D631-A453-3A100AD736E6
2025-11-25T08:05:57: Received PINGREQ from auto-BC233082-8703-D631-A453-3A100AD736E6
2025-11-25T08:05:57: Sending PINGRESP to auto-BC233082-8703-D631-A453-3A100AD736E6
2025-11-25T08:06:57: Received PINGREQ from auto-BC233082-8703-D631-A453-3A100AD736E6
2025-11-25T08:06:57: Sending PINGRESP to auto-BC233082-8703-D631-A453-3A100AD736E6
2025-11-25T08:07:58: Received PINGREQ from auto-BC233082-8703-D631-A453-3A100AD736E6
2025-11-25T08:07:58: Sending PINGRESP to auto-BC233082-8703-D631-A453-3A100AD736E6
2025-11-25T08:08:58: Received PINGREQ from auto-BC233082-8703-D631-A453-3A100AD736E6
2025-11-25T08:08:58: Sending PINGRESP to auto-BC233082-8703-D631-A453-3A100AD736E6
2025-11-25T08:09:58: Received PINGREQ from auto-BC233082-8703-D631-A453-3A100AD736E6
2025-11-25T08:09:58: Sending PINGRESP to auto-BC233082-8703-D631-A453-3A100AD736E6
2025-11-25T08:10:58: Received PINGREQ from auto-BC233082-8703-D631-A453-3A100AD736E6
2025-11-25T08:10:58: Sending PINGRESP to auto-BC233082-8703-D631-A453-3A100AD736E6
2025-11-25T08:11:58: Received PINGREQ from auto-BC233082-8703-D631-A453-3A100AD736E6
2025-11-25T08:11:58: Sending PINGRESP to auto-BC233082-8703-D631-A453-3A100AD736E6
2025-11-25T08:12:58: Received PINGREQ from auto-BC233082-8703-D631-A453-3A100AD736E6
2025-11-25T08:12:58: Sending PINGRESP to auto-BC233082-8703-D631-A453-3A100AD736E6
2025-11-25T08:13:58: Received PINGREQ from auto-BC233082-8703-D631-A453-3A100AD736E6
2025-11-25T08:13:58: Sending PINGRESP to auto-BC233082-8703-D631-A453-3A100AD736E6
2025-11-25T08:14:58: Received PINGREQ from auto-BC233082-8703-D631-A453-3A100AD736E6
2025-11-25T08:14:58: Sending PINGRESP to auto-BC233082-8703-D631-A453-3A100AD736E6
2025-11-25T08:15:58: Received PINGREQ from auto-BC233082-8703-D631-A453-3A100AD736E6
2025-11-25T08:15:58: Sending PINGRESP to auto-BC233082-8703-D631-A453-3A100AD736E6
2025-11-25T08:16:59: Received PINGREQ from auto-BC233082-8703-D631-A453-3A100AD736E6
2025-11-25T08:16:59: Sending PINGRESP to auto-BC233082-8703-D631-A453-3A100AD736E6
2025-11-25T08:17:59: Received PINGREQ from auto-BC233082-8703-D631-A453-3A100AD736E6
2025-11-25T08:17:59: Sending PINGRESP to auto-BC233082-8703-D631-A453-3A100AD736E6
2025-11-25T08:18:59: Received PINGREQ from auto-BC233082-8703-D631-A453-3A100AD736E6
2025-11-25T08:18:59: Sending PINGRESP to auto-BC233082-8703-D631-A453-3A100AD736E6
2025-11-25T08:19:59: Received PINGREQ from auto-BC233082-8703-D631-A453-3A100AD736E6
2025-11-25T08:19:59: Sending PINGRESP to auto-BC233082-8703-D631-A453-3A100AD736E6
2025-11-25T08:20:59: Received PINGREQ from auto-BC233082-8703-D631-A453-3A100AD736E6
2025-11-25T08:20:59: Sending PINGRESP to auto-BC233082-8703-D631-A453-3A100AD736E6
2025-11-25T08:21:59: Received PINGREQ from auto-BC233082-8703-D631-A453-3A100AD736E6
2025-11-25T08:21:59: Sending PINGRESP to auto-BC233082-8703-D631-A453-3A100AD736E6
2025-11-25T08:22:59: Received PINGREQ from auto-BC233082-8703-D631-A453-3A100AD736E6
2025-11-25T08:22:59: Sending PINGRESP to auto-BC233082-8703-D631-A453-3A100AD736E6
2025-11-25T08:23:59: Received PINGREQ from auto-BC233082-8703-D631-A453-3A100AD736E6
2025-11-25T08:23:59: Sending PINGRESP to auto-BC233082-8703-D631-A453-3A100AD736E6
2025-11-25T08:24:59: Received PINGREQ from auto-BC233082-8703-D631-A453-3A100AD736E6
2025-11-25T08:24:59: Sending PINGRESP to auto-BC233082-8703-D631-A453-3A100AD736E6
2025-11-25T08:25:59: Received PINGREQ from auto-BC233082-8703-D631-A453-3A100AD736E6
2025-11-25T08:25:59: Sending PINGRESP to auto-BC233082-8703-D631-A453-3A100AD736E6
2025-11-25T08:27:00: Received PINGREQ from auto-BC233082-8703-D631-A453-3A100AD736E6
2025-11-25T08:27:00: Sending PINGRESP to auto-BC233082-8703-D631-A453-3A100AD736E6
2025-11-25T08:28:00: Received PINGREQ from auto-BC233082-8703-D631-A453-3A100AD736E6
2025-11-25T08:28:00: Sending PINGRESP to auto-BC233082-8703-D631-A453-3A100AD736E6
2025-11-25T08:29:00: Received PINGREQ from auto-BC233082-8703-D631-A453-3A100AD736E6
2025-11-25T08:29:00: Sending PINGRESP to auto-BC233082-8703-D631-A453-3A100AD736E6
2025-11-25T08:30:00: Received PINGREQ from auto-BC233082-8703-D631-A453-3A100AD736E6
2025-11-25T08:30:00: Sending PINGRESP to auto-BC233082-8703-D631-A453-3A100AD736E6
2025-11-25T08:30:53: Saving in-memory database to /mosquitto/data//mosquitto.db.
2025-11-25T08:31:00: Received PINGREQ from auto-BC233082-8703-D631-A453-3A100AD736E6
2025-11-25T08:31:00: Sending PINGRESP to auto-BC233082-8703-D631-A453-3A100AD736E6
2025-11-25T08:32:00: Received PINGREQ from auto-BC233082-8703-D631-A453-3A100AD736E6
2025-11-25T08:32:00: Sending PINGRESP to auto-BC233082-8703-D631-A453-3A100AD736E6
2025-11-25T08:33:00: Received PINGREQ from auto-BC233082-8703-D631-A453-3A100AD736E6
2025-11-25T08:33:00: Sending PINGRESP to auto-BC233082-8703-D631-A453-3A100AD736E6
2025-11-25T08:34:00: Received PINGREQ from auto-BC233082-8703-D631-A453-3A100AD736E6
2025-11-25T08:34:00: Sending PINGRESP to auto-BC233082-8703-D631-A453-3A100AD736E6
2025-11-25T08:35:00: Received PINGREQ from auto-BC233082-8703-D631-A453-3A100AD736E6
2025-11-25T08:35:00: Sending PINGRESP to auto-BC233082-8703-D631-A453-3A100AD736E6
2025-11-25T08:36:00: Received PINGREQ from auto-BC233082-8703-D631-A453-3A100AD736E6
2025-11-25T08:36:00: Sending PINGRESP to auto-BC233082-8703-D631-A453-3A100AD736E6
2025-11-25T08:37:01: Received PINGREQ from auto-BC233082-8703-D631-A453-3A100AD736E6
2025-11-25T08:37:01: Sending PINGRESP to auto-BC233082-8703-D631-A453-3A100AD736E6
2025-11-25T08:38:01: Received PINGREQ from auto-BC233082-8703-D631-A453-3A100AD736E6
2025-11-25T08:38:01: Sending PINGRESP to auto-BC233082-8703-D631-A453-3A100AD736E6
2025-11-25T08:39:01: Received PINGREQ from auto-BC233082-8703-D631-A453-3A100AD736E6
2025-11-25T08:39:01: Sending PINGRESP to auto-BC233082-8703-D631-A453-3A100AD736E6
2025-11-25T08:40:01: Received PINGREQ from auto-BC233082-8703-D631-A453-3A100AD736E6
2025-11-25T08:40:01: Sending PINGRESP to auto-BC233082-8703-D631-A453-3A100AD736E6
2025-11-25T08:41:01: Received PINGREQ from auto-BC233082-8703-D631-A453-3A100AD736E6
2025-11-25T08:41:01: Sending PINGRESP to auto-BC233082-8703-D631-A453-3A100AD736E6
2025-11-25T08:42:01: Received PINGREQ from auto-BC233082-8703-D631-A453-3A100AD736E6
2025-11-25T08:42:01: Sending PINGRESP to auto-BC233082-8703-D631-A453-3A100AD736E6
2025-11-25T08:43:01: Received PINGREQ from auto-BC233082-8703-D631-A453-3A100AD736E6
2025-11-25T08:43:01: Sending PINGRESP to auto-BC233082-8703-D631-A453-3A100AD736E6
2025-11-25T08:44:01: Received PINGREQ from auto-BC233082-8703-D631-A453-3A100AD736E6
2025-11-25T08:44:01: Sending PINGRESP to auto-BC233082-8703-D631-A453-3A100AD736E6
2025-11-25T08:45:01: Received PINGREQ from auto-BC233082-8703-D631-A453-3A100AD736E6
2025-11-25T08:45:01: Sending PINGRESP to auto-BC233082-8703-D631-A453-3A100AD736E6
2025-11-25T08:46:02: Received PINGREQ from auto-BC233082-8703-D631-A453-3A100AD736E6
2025-11-25T08:46:02: Sending PINGRESP to auto-BC233082-8703-D631-A453-3A100AD736E6
2025-11-25T08:47:02: Received PINGREQ from auto-BC233082-8703-D631-A453-3A100AD736E6
2025-11-25T08:47:02: Sending PINGRESP to auto-BC233082-8703-D631-A453-3A100AD736E6
2025-11-25T08:48:02: Received PINGREQ from auto-BC233082-8703-D631-A453-3A100AD736E6
2025-11-25T08:48:02: Sending PINGRESP to auto-BC233082-8703-D631-A453-3A100AD736E6
2025-11-25T08:49:02: Received PINGREQ from auto-BC233082-8703-D631-A453-3A100AD736E6
2025-11-25T08:49:02: Sending PINGRESP to auto-BC233082-8703-D631-A453-3A100AD736E6
2025-11-25T08:50:02: Received PINGREQ from auto-BC233082-8703-D631-A453-3A100AD736E6
2025-11-25T08:50:02: Sending PINGRESP to auto-BC233082-8703-D631-A453-3A100AD736E6
2025-11-25T08:51:02: Received PINGREQ from auto-BC233082-8703-D631-A453-3A100AD736E6
2025-11-25T08:51:02: Sending PINGRESP to auto-BC233082-8703-D631-A453-3A100AD736E6
2025-11-25T08:52:02: Received PINGREQ from auto-BC233082-8703-D631-A453-3A100AD736E6
2025-11-25T08:52:02: Sending PINGRESP to auto-BC233082-8703-D631-A453-3A100AD736E6
2025-11-25T08:53:02: Received PINGREQ from auto-BC233082-8703-D631-A453-3A100AD736E6
2025-11-25T08:53:02: Sending PINGRESP to auto-BC233082-8703-D631-A453-3A100AD736E6
2025-11-25T08:54:02: Received PINGREQ from auto-BC233082-8703-D631-A453-3A100AD736E6
2025-11-25T08:54:02: Sending PINGRESP to auto-BC233082-8703-D631-A453-3A100AD736E6
2025-11-25T08:55:02: Received PINGREQ from auto-BC233082-8703-D631-A453-3A100AD736E6
2025-11-25T08:55:02: Sending PINGRESP to auto-BC233082-8703-D631-A453-3A100AD736E6
2025-11-25T08:56:03: Received PINGREQ from auto-BC233082-8703-D631-A453-3A100AD736E6
2025-11-25T08:56:03: Sending PINGRESP to auto-BC233082-8703-D631-A453-3A100AD736E6
2025-11-25T08:57:03: Received PINGREQ from auto-BC233082-8703-D631-A453-3A100AD736E6
2025-11-25T08:57:03: Sending PINGRESP to auto-BC233082-8703-D631-A453-3A100AD736E6
2025-11-25T08:58:03: Received PINGREQ from auto-BC233082-8703-D631-A453-3A100AD736E6
2025-11-25T08:58:03: Sending PINGRESP to auto-BC233082-8703-D631-A453-3A100AD736E6
2025-11-25T08:59:03: Received PINGREQ from auto-BC233082-8703-D631-A453-3A100AD736E6
2025-11-25T08:59:03: Sending PINGRESP to auto-BC233082-8703-D631-A453-3A100AD736E6
2025-11-25T09:00:03: Received PINGREQ from auto-BC233082-8703-D631-A453-3A100AD736E6
2025-11-25T09:00:03: Sending PINGRESP to auto-BC233082-8703-D631-A453-3A100AD736E6
2025-11-25T09:00:54: Saving in-memory database to /mosquitto/data//mosquitto.db.
2025-11-25T09:01:03: Received PINGREQ from auto-BC233082-8703-D631-A453-3A100AD736E6
2025-11-25T09:01:03: Sending PINGRESP to auto-BC233082-8703-D631-A453-3A100AD736E6
2025-11-25T09:02:03: Received PINGREQ from auto-BC233082-8703-D631-A453-3A100AD736E6
2025-11-25T09:02:03: Sending PINGRESP to auto-BC233082-8703-D631-A453-3A100AD736E6
2025-11-25T09:03:03: Received PINGREQ from auto-BC233082-8703-D631-A453-3A100AD736E6
2025-11-25T09:03:03: Sending PINGRESP to auto-BC233082-8703-D631-A453-3A100AD736E6
2025-11-25T09:04:03: Received PINGREQ from auto-BC233082-8703-D631-A453-3A100AD736E6
2025-11-25T09:04:03: Sending PINGRESP to auto-BC233082-8703-D631-A453-3A100AD736E6
2025-11-25T09:05:04: Received PINGREQ from auto-BC233082-8703-D631-A453-3A100AD736E6
2025-11-25T09:05:04: Sending PINGRESP to auto-BC233082-8703-D631-A453-3A100AD736E6
2025-11-25T09:06:04: Received PINGREQ from auto-BC233082-8703-D631-A453-3A100AD736E6
2025-11-25T09:06:04: Sending PINGRESP to auto-BC233082-8703-D631-A453-3A100AD736E6
2025-11-25T09:07:04: Received PINGREQ from auto-BC233082-8703-D631-A453-3A100AD736E6
2025-11-25T09:07:04: Sending PINGRESP to auto-BC233082-8703-D631-A453-3A100AD736E6
2025-11-25T09:08:04: Received PINGREQ from auto-BC233082-8703-D631-A453-3A100AD736E6
2025-11-25T09:08:04: Sending PINGRESP to auto-BC233082-8703-D631-A453-3A100AD736E6
2025-11-25T09:09:04: Received PINGREQ from auto-BC233082-8703-D631-A453-3A100AD736E6
2025-11-25T09:09:04: Sending PINGRESP to auto-BC233082-8703-D631-A453-3A100AD736E6
2025-11-25T09:10:04: Received PINGREQ from auto-BC233082-8703-D631-A453-3A100AD736E6
2025-11-25T09:10:04: Sending PINGRESP to auto-BC233082-8703-D631-A453-3A100AD736E6
2025-11-25T09:11:04: Received PINGREQ from auto-BC233082-8703-D631-A453-3A100AD736E6
2025-11-25T09:11:04: Sending PINGRESP to auto-BC233082-8703-D631-A453-3A100AD736E6
2025-11-25T09:12:04: Received PINGREQ from auto-BC233082-8703-D631-A453-3A100AD736E6
2025-11-25T09:12:04: Sending PINGRESP to auto-BC233082-8703-D631-A453-3A100AD736E6
2025-11-25T09:13:04: Received PINGREQ from auto-BC233082-8703-D631-A453-3A100AD736E6
2025-11-25T09:13:04: Sending PINGRESP to auto-BC233082-8703-D631-A453-3A100AD736E6
2025-11-25T09:14:04: Received PINGREQ from auto-BC233082-8703-D631-A453-3A100AD736E6
2025-11-25T09:14:04: Sending PINGRESP to auto-BC233082-8703-D631-A453-3A100AD736E6
2025-11-25T09:15:05: Received PINGREQ from auto-BC233082-8703-D631-A453-3A100AD736E6
2025-11-25T09:15:05: Sending PINGRESP to auto-BC233082-8703-D631-A453-3A100AD736E6
2025-11-25T09:16:05: Received PINGREQ from auto-BC233082-8703-D631-A453-3A100AD736E6
2025-11-25T09:16:05: Sending PINGRESP to auto-BC233082-8703-D631-A453-3A100AD736E6
2025-11-25T09:17:05: Received PINGREQ from auto-BC233082-8703-D631-A453-3A100AD736E6
2025-11-25T09:17:05: Sending PINGRESP to auto-BC233082-8703-D631-A453-3A100AD736E6
2025-11-25T13:23:24: mosquitto version 2.0.22 starting
2025-11-25T13:23:24: Config loaded from /mosquitto/config/mosquitto.conf.
2025-11-25T13:23:24: Opening ipv4 listen socket on port 1883.
2025-11-25T13:23:24: Opening ipv6 listen socket on port 1883.
2025-11-25T13:23:24: Opening websockets listen socket on port 9001.
2025-11-25T13:23:24: mosquitto version 2.0.22 running
2025-11-25T13:23:30: New connection from 172.24.0.3:60757 on port 1883.
2025-11-25T13:23:30: New client connected from 172.24.0.3:60757 as auto-55908B37-F52A-F1C7-F2BE-678D100B2F11 (p2, c1, k60).
2025-11-25T13:23:30: No will message specified.
2025-11-25T13:23:30: Sending CONNACK to auto-55908B37-F52A-F1C7-F2BE-678D100B2F11 (0, 0)
2025-11-25T13:23:30: Received SUBSCRIBE from auto-55908B37-F52A-F1C7-F2BE-678D100B2F11
2025-11-25T13:23:30: 	spBv1.0/# (QoS 0)
2025-11-25T13:23:30: auto-55908B37-F52A-F1C7-F2BE-678D100B2F11 0 spBv1.0/#
2025-11-25T13:23:30: Sending SUBACK to auto-55908B37-F52A-F1C7-F2BE-678D100B2F11
2025-11-25T13:24:30: Received PINGREQ from auto-55908B37-F52A-F1C7-F2BE-678D100B2F11
2025-11-25T13:24:30: Sending PINGRESP to auto-55908B37-F52A-F1C7-F2BE-678D100B2F11
2025-11-25T13:25:30: Received PINGREQ from auto-55908B37-F52A-F1C7-F2BE-678D100B2F11
2025-11-25T13:25:30: Sending PINGRESP to auto-55908B37-F52A-F1C7-F2BE-678D100B2F11
2025-11-25T13:26:30: Received PINGREQ from auto-55908B37-F52A-F1C7-F2BE-678D100B2F11
2025-11-25T13:26:30: Sending PINGRESP to auto-55908B37-F52A-F1C7-F2BE-678D100B2F11
2025-11-25T13:27:30: Received PINGREQ from auto-55908B37-F52A-F1C7-F2BE-678D100B2F11
2025-11-25T13:27:30: Sending PINGRESP to auto-55908B37-F52A-F1C7-F2BE-678D100B2F11
2025-11-25T13:28:00: Client auto-55908B37-F52A-F1C7-F2BE-678D100B2F11 closed its connection.
2025-11-25T13:28:00: mosquitto version 2.0.22 terminating
2025-11-25T13:28:00: Saving in-memory database to /mosquitto/data//mosquitto.db.
2025-11-25T13:28:13: mosquitto version 2.0.22 starting
2025-11-25T13:28:13: Config loaded from /mosquitto/config/mosquitto.conf.
2025-11-25T13:28:13: Opening ipv4 listen socket on port 1883.
2025-11-25T13:28:13: Opening ipv6 listen socket on port 1883.
2025-11-25T13:28:13: Opening websockets listen socket on port 9001.
2025-11-25T13:28:13: mosquitto version 2.0.22 running
2025-11-25T13:28:14: New connection from 172.22.0.1:59612 on port 1883.
2025-11-25T13:28:14: Client <unknown> closed its connection.
2025-11-25T13:28:18: New connection from ::1:58988 on port 1883.
2025-11-25T13:28:18: New client connected from ::1:58988 as auto-7958A4B7-403C-8F05-AE3D-267B70B01185 (p2, c1, k60).
2025-11-25T13:28:18: No will message specified.
2025-11-25T13:28:18: Sending CONNACK to auto-7958A4B7-403C-8F05-AE3D-267B70B01185 (0, 0)
2025-11-25T13:28:18: Received PUBLISH from auto-7958A4B7-403C-8F05-AE3D-267B70B01185 (d0, q0, r0, m0, 'healthcheck', ... (2 bytes))
2025-11-25T13:28:18: Received DISCONNECT from auto-7958A4B7-403C-8F05-AE3D-267B70B01185
2025-11-25T13:28:18: Client auto-7958A4B7-403C-8F05-AE3D-267B70B01185 disconnected.
2025-11-25T13:28:33: New connection from ::1:43240 on port 1883.
2025-11-25T13:28:33: New client connected from ::1:43240 as auto-DF29A514-85F6-6E1B-EAB8-9CFEEF33C566 (p2, c1, k60).
2025-11-25T13:28:33: No will message specified.
2025-11-25T13:28:33: Sending CONNACK to auto-DF29A514-85F6-6E1B-EAB8-9CFEEF33C566 (0, 0)
2025-11-25T13:28:33: Received PUBLISH from auto-DF29A514-85F6-6E1B-EAB8-9CFEEF33C566 (d0, q0, r0, m0, 'healthcheck', ... (2 bytes))
2025-11-25T13:28:33: Received DISCONNECT from auto-DF29A514-85F6-6E1B-EAB8-9CFEEF33C566
2025-11-25T13:28:33: Client auto-DF29A514-85F6-6E1B-EAB8-9CFEEF33C566 disconnected.
2025-11-25T13:28:49: New connection from ::1:45984 on port 1883.
2025-11-25T13:28:49: New client connected from ::1:45984 as auto-4F32E515-4E6C-CAF8-17E8-056284A9C416 (p2, c1, k60).
2025-11-25T13:28:49: No will message specified.
2025-11-25T13:28:49: Sending CONNACK to auto-4F32E515-4E6C-CAF8-17E8-056284A9C416 (0, 0)
2025-11-25T13:28:49: Received PUBLISH from auto-4F32E515-4E6C-CAF8-17E8-056284A9C416 (d0, q0, r0, m0, 'healthcheck', ... (2 bytes))
2025-11-25T13:28:49: Received DISCONNECT from auto-4F32E515-4E6C-CAF8-17E8-056284A9C416
2025-11-25T13:28:49: Client auto-4F32E515-4E6C-CAF8-17E8-056284A9C416 disconnected.
2025-11-25T13:29:04: New connection from ::1:59158 on port 1883.
2025-11-25T13:29:04: New client connected from ::1:59158 as auto-67FE7904-7CB1-5F61-16BA-61BC307210D9 (p2, c1, k60).
2025-11-25T13:29:04: No will message specified.
2025-11-25T13:29:04: Sending CONNACK to auto-67FE7904-7CB1-5F61-16BA-61BC307210D9 (0, 0)
2025-11-25T13:29:04: Received PUBLISH from auto-67FE7904-7CB1-5F61-16BA-61BC307210D9 (d0, q0, r0, m0, 'healthcheck', ... (2 bytes))
2025-11-25T13:29:04: Received DISCONNECT from auto-67FE7904-7CB1-5F61-16BA-61BC307210D9
2025-11-25T13:29:04: Client auto-67FE7904-7CB1-5F61-16BA-61BC307210D9 disconnected.
2025-11-25T13:29:12: New connection from 172.22.0.4:49071 on port 1883.
2025-11-25T13:29:12: New client connected from 172.22.0.4:49071 as auto-C144217D-3F2F-8F21-D461-554B2AEEDF52 (p2, c1, k60).
2025-11-25T13:29:12: No will message specified.
2025-11-25T13:29:12: Sending CONNACK to auto-C144217D-3F2F-8F21-D461-554B2AEEDF52 (0, 0)
2025-11-25T13:29:12: Received SUBSCRIBE from auto-C144217D-3F2F-8F21-D461-554B2AEEDF52
2025-11-25T13:29:12: 	spBv1.0/# (QoS 0)
2025-11-25T13:29:12: auto-C144217D-3F2F-8F21-D461-554B2AEEDF52 0 spBv1.0/#
2025-11-25T13:29:12: Sending SUBACK to auto-C144217D-3F2F-8F21-D461-554B2AEEDF52
2025-11-25T13:29:19: New connection from ::1:43826 on port 1883.
2025-11-25T13:29:19: New client connected from ::1:43826 as auto-6EBFF316-0191-1B80-2212-FED072A20EDB (p2, c1, k60).
2025-11-25T13:29:19: No will message specified.
2025-11-25T13:29:19: Sending CONNACK to auto-6EBFF316-0191-1B80-2212-FED072A20EDB (0, 0)
2025-11-25T13:29:19: Received PUBLISH from auto-6EBFF316-0191-1B80-2212-FED072A20EDB (d0, q0, r0, m0, 'healthcheck', ... (2 bytes))
2025-11-25T13:29:19: Received DISCONNECT from auto-6EBFF316-0191-1B80-2212-FED072A20EDB
2025-11-25T13:29:19: Client auto-6EBFF316-0191-1B80-2212-FED072A20EDB disconnected.
2025-11-25T13:29:34: New connection from ::1:32952 on port 1883.
2025-11-25T13:29:34: New client connected from ::1:32952 as auto-45E21645-CEC6-ED0E-CAA8-985D5F9275E1 (p2, c1, k60).
2025-11-25T13:29:34: No will message specified.
2025-11-25T13:29:34: Sending CONNACK to auto-45E21645-CEC6-ED0E-CAA8-985D5F9275E1 (0, 0)
2025-11-25T13:29:34: Received PUBLISH from auto-45E21645-CEC6-ED0E-CAA8-985D5F9275E1 (d0, q0, r0, m0, 'healthcheck', ... (2 bytes))
2025-11-25T13:29:34: Received DISCONNECT from auto-45E21645-CEC6-ED0E-CAA8-985D5F9275E1
2025-11-25T13:29:34: Client auto-45E21645-CEC6-ED0E-CAA8-985D5F9275E1 disconnected.
2025-11-25T13:29:49: New connection from ::1:56582 on port 1883.
2025-11-25T13:29:49: New client connected from ::1:56582 as auto-52A5A7EC-C962-6D74-EAA6-E8235C76FA22 (p2, c1, k60).
2025-11-25T13:29:49: No will message specified.
2025-11-25T13:29:49: Sending CONNACK to auto-52A5A7EC-C962-6D74-EAA6-E8235C76FA22 (0, 0)
2025-11-25T13:29:49: Received PUBLISH from auto-52A5A7EC-C962-6D74-EAA6-E8235C76FA22 (d0, q0, r0, m0, 'healthcheck', ... (2 bytes))
2025-11-25T13:29:49: Received DISCONNECT from auto-52A5A7EC-C962-6D74-EAA6-E8235C76FA22
2025-11-25T13:29:49: Client auto-52A5A7EC-C962-6D74-EAA6-E8235C76FA22 disconnected.
2025-11-25T13:30:04: New connection from ::1:52048 on port 1883.
2025-11-25T13:30:04: New client connected from ::1:52048 as auto-49607DAA-BDDA-145B-2C72-9F0B56340EED (p2, c1, k60).
2025-11-25T13:30:04: No will message specified.
2025-11-25T13:30:04: Sending CONNACK to auto-49607DAA-BDDA-145B-2C72-9F0B56340EED (0, 0)
2025-11-25T13:30:04: Received PUBLISH from auto-49607DAA-BDDA-145B-2C72-9F0B56340EED (d0, q0, r0, m0, 'healthcheck', ... (2 bytes))
2025-11-25T13:30:04: Received DISCONNECT from auto-49607DAA-BDDA-145B-2C72-9F0B56340EED
2025-11-25T13:30:04: Client auto-49607DAA-BDDA-145B-2C72-9F0B56340EED disconnected.
2025-11-25T13:30:12: Received PINGREQ from auto-C144217D-3F2F-8F21-D461-554B2AEEDF52
2025-11-25T13:30:12: Sending PINGRESP to auto-C144217D-3F2F-8F21-D461-554B2AEEDF52
2025-11-25T13:30:19: New connection from ::1:55376 on port 1883.
2025-11-25T13:30:19: New client connected from ::1:55376 as auto-70ADBF83-DB35-820F-D32F-E719497F60E2 (p2, c1, k60).
2025-11-25T13:30:19: No will message specified.
2025-11-25T13:30:19: Sending CONNACK to auto-70ADBF83-DB35-820F-D32F-E719497F60E2 (0, 0)
2025-11-25T13:30:19: Received PUBLISH from auto-70ADBF83-DB35-820F-D32F-E719497F60E2 (d0, q0, r0, m0, 'healthcheck', ... (2 bytes))
2025-11-25T13:30:19: Received DISCONNECT from auto-70ADBF83-DB35-820F-D32F-E719497F60E2
2025-11-25T13:30:19: Client auto-70ADBF83-DB35-820F-D32F-E719497F60E2 disconnected.
2025-11-25T13:30:34: New connection from ::1:45556 on port 1883.
2025-11-25T13:30:34: New client connected from ::1:45556 as auto-D5CFE5AD-D0A8-7553-E663-5AC314034865 (p2, c1, k60).
2025-11-25T13:30:34: No will message specified.
2025-11-25T13:30:34: Sending CONNACK to auto-D5CFE5AD-D0A8-7553-E663-5AC314034865 (0, 0)
2025-11-25T13:30:34: Received PUBLISH from auto-D5CFE5AD-D0A8-7553-E663-5AC314034865 (d0, q0, r0, m0, 'healthcheck', ... (2 bytes))
2025-11-25T13:30:34: Received DISCONNECT from auto-D5CFE5AD-D0A8-7553-E663-5AC314034865
2025-11-25T13:30:34: Client auto-D5CFE5AD-D0A8-7553-E663-5AC314034865 disconnected.
2025-11-25T13:30:49: New connection from ::1:40968 on port 1883.
2025-11-25T13:30:49: New client connected from ::1:40968 as auto-E8DA973A-8131-E9EB-7B33-9105D31A3BFB (p2, c1, k60).
2025-11-25T13:30:49: No will message specified.
2025-11-25T13:30:49: Sending CONNACK to auto-E8DA973A-8131-E9EB-7B33-9105D31A3BFB (0, 0)
2025-11-25T13:30:49: Received PUBLISH from auto-E8DA973A-8131-E9EB-7B33-9105D31A3BFB (d0, q0, r0, m0, 'healthcheck', ... (2 bytes))
2025-11-25T13:30:49: Received DISCONNECT from auto-E8DA973A-8131-E9EB-7B33-9105D31A3BFB
2025-11-25T13:30:49: Client auto-E8DA973A-8131-E9EB-7B33-9105D31A3BFB disconnected.
2025-11-25T13:31:04: New connection from ::1:52994 on port 1883.
2025-11-25T13:31:04: New client connected from ::1:52994 as auto-2B1FCCC3-62BA-24D1-98D8-BE576066DDD0 (p2, c1, k60).
2025-11-25T13:31:04: No will message specified.
2025-11-25T13:31:04: Sending CONNACK to auto-2B1FCCC3-62BA-24D1-98D8-BE576066DDD0 (0, 0)
2025-11-25T13:31:04: Received PUBLISH from auto-2B1FCCC3-62BA-24D1-98D8-BE576066DDD0 (d0, q0, r0, m0, 'healthcheck', ... (2 bytes))
2025-11-25T13:31:04: Received DISCONNECT from auto-2B1FCCC3-62BA-24D1-98D8-BE576066DDD0
2025-11-25T13:31:04: Client auto-2B1FCCC3-62BA-24D1-98D8-BE576066DDD0 disconnected.
2025-11-25T13:31:12: Received PINGREQ from auto-C144217D-3F2F-8F21-D461-554B2AEEDF52
2025-11-25T13:31:12: Sending PINGRESP to auto-C144217D-3F2F-8F21-D461-554B2AEEDF52
2025-11-25T13:31:19: New connection from ::1:41884 on port 1883.
2025-11-25T13:31:19: New client connected from ::1:41884 as auto-1B572CB4-886F-9DA8-DBB2-A551898A14BE (p2, c1, k60).
2025-11-25T13:31:19: No will message specified.
2025-11-25T13:31:19: Sending CONNACK to auto-1B572CB4-886F-9DA8-DBB2-A551898A14BE (0, 0)
2025-11-25T13:31:19: Received PUBLISH from auto-1B572CB4-886F-9DA8-DBB2-A551898A14BE (d0, q0, r0, m0, 'healthcheck', ... (2 bytes))
2025-11-25T13:31:19: Received DISCONNECT from auto-1B572CB4-886F-9DA8-DBB2-A551898A14BE
2025-11-25T13:31:19: Client auto-1B572CB4-886F-9DA8-DBB2-A551898A14BE disconnected.
2025-11-25T13:31:34: New connection from ::1:53008 on port 1883.
2025-11-25T13:31:34: New client connected from ::1:53008 as auto-3CE55EF7-D474-7375-C087-47379DE9BB70 (p2, c1, k60).
2025-11-25T13:31:34: No will message specified.
2025-11-25T13:31:34: Sending CONNACK to auto-3CE55EF7-D474-7375-C087-47379DE9BB70 (0, 0)
2025-11-25T13:31:34: Received PUBLISH from auto-3CE55EF7-D474-7375-C087-47379DE9BB70 (d0, q0, r0, m0, 'healthcheck', ... (2 bytes))
2025-11-25T13:31:34: Received DISCONNECT from auto-3CE55EF7-D474-7375-C087-47379DE9BB70
2025-11-25T13:31:34: Client auto-3CE55EF7-D474-7375-C087-47379DE9BB70 disconnected.
2025-11-25T13:31:49: New connection from ::1:41736 on port 1883.
2025-11-25T13:31:49: New client connected from ::1:41736 as auto-9729D0DD-1950-EE6F-0F24-73DD604ECF79 (p2, c1, k60).
2025-11-25T13:31:49: No will message specified.
2025-11-25T13:31:49: Sending CONNACK to auto-9729D0DD-1950-EE6F-0F24-73DD604ECF79 (0, 0)
2025-11-25T13:31:49: Received PUBLISH from auto-9729D0DD-1950-EE6F-0F24-73DD604ECF79 (d0, q0, r0, m0, 'healthcheck', ... (2 bytes))
2025-11-25T13:31:49: Received DISCONNECT from auto-9729D0DD-1950-EE6F-0F24-73DD604ECF79
2025-11-25T13:31:49: Client auto-9729D0DD-1950-EE6F-0F24-73DD604ECF79 disconnected.
2025-11-25T13:32:04: New connection from ::1:38276 on port 1883.
2025-11-25T13:32:04: New client connected from ::1:38276 as auto-54C85355-8EA0-63FC-5C61-036CD6FE3F43 (p2, c1, k60).
2025-11-25T13:32:04: No will message specified.
2025-11-25T13:32:04: Sending CONNACK to auto-54C85355-8EA0-63FC-5C61-036CD6FE3F43 (0, 0)
2025-11-25T13:32:04: Received PUBLISH from auto-54C85355-8EA0-63FC-5C61-036CD6FE3F43 (d0, q0, r0, m0, 'healthcheck', ... (2 bytes))
2025-11-25T13:32:04: Received DISCONNECT from auto-54C85355-8EA0-63FC-5C61-036CD6FE3F43
2025-11-25T13:32:04: Client auto-54C85355-8EA0-63FC-5C61-036CD6FE3F43 disconnected.
2025-11-25T13:32:13: Received PINGREQ from auto-C144217D-3F2F-8F21-D461-554B2AEEDF52
2025-11-25T13:32:13: Sending PINGRESP to auto-C144217D-3F2F-8F21-D461-554B2AEEDF52
2025-11-25T13:32:20: New connection from ::1:58586 on port 1883.
2025-11-25T13:32:20: New client connected from ::1:58586 as auto-E01B71B2-D7B8-61FB-FE4B-380F1D0E5508 (p2, c1, k60).
2025-11-25T13:32:20: No will message specified.
2025-11-25T13:32:20: Sending CONNACK to auto-E01B71B2-D7B8-61FB-FE4B-380F1D0E5508 (0, 0)
2025-11-25T13:32:20: Received PUBLISH from auto-E01B71B2-D7B8-61FB-FE4B-380F1D0E5508 (d0, q0, r0, m0, 'healthcheck', ... (2 bytes))
2025-11-25T13:32:20: Received DISCONNECT from auto-E01B71B2-D7B8-61FB-FE4B-380F1D0E5508
2025-11-25T13:32:20: Client auto-E01B71B2-D7B8-61FB-FE4B-380F1D0E5508 disconnected.
2025-11-25T13:32:35: New connection from ::1:52620 on port 1883.
2025-11-25T13:32:35: New client connected from ::1:52620 as auto-15C8CF65-95D0-C5F1-B7A4-403EDB8A45C8 (p2, c1, k60).
2025-11-25T13:32:35: No will message specified.
2025-11-25T13:32:35: Sending CONNACK to auto-15C8CF65-95D0-C5F1-B7A4-403EDB8A45C8 (0, 0)
2025-11-25T13:32:35: Received PUBLISH from auto-15C8CF65-95D0-C5F1-B7A4-403EDB8A45C8 (d0, q0, r0, m0, 'healthcheck', ... (2 bytes))
2025-11-25T13:32:35: Received DISCONNECT from auto-15C8CF65-95D0-C5F1-B7A4-403EDB8A45C8
2025-11-25T13:32:35: Client auto-15C8CF65-95D0-C5F1-B7A4-403EDB8A45C8 disconnected.
2025-11-25T13:32:50: New connection from ::1:39170 on port 1883.
2025-11-25T13:32:50: New client connected from ::1:39170 as auto-7B48ABFE-5919-C7B4-7021-A7EA37815C4B (p2, c1, k60).
2025-11-25T13:32:50: No will message specified.
2025-11-25T13:32:50: Sending CONNACK to auto-7B48ABFE-5919-C7B4-7021-A7EA37815C4B (0, 0)
2025-11-25T13:32:50: Received PUBLISH from auto-7B48ABFE-5919-C7B4-7021-A7EA37815C4B (d0, q0, r0, m0, 'healthcheck', ... (2 bytes))
2025-11-25T13:32:50: Received DISCONNECT from auto-7B48ABFE-5919-C7B4-7021-A7EA37815C4B
2025-11-25T13:32:50: Client auto-7B48ABFE-5919-C7B4-7021-A7EA37815C4B disconnected.
2025-11-25T13:32:53: Client auto-C144217D-3F2F-8F21-D461-554B2AEEDF52 closed its connection.
2025-11-25T13:32:53: mosquitto version 2.0.22 terminating
2025-11-25T13:32:53: Saving in-memory database to /mosquitto/data//mosquitto.db.
2025-11-25T13:33:05: mosquitto version 2.0.22 starting
2025-11-25T13:33:05: Config loaded from /mosquitto/config/mosquitto.conf.
2025-11-25T13:33:05: Opening ipv4 listen socket on port 1883.
2025-11-25T13:33:05: Opening ipv6 listen socket on port 1883.
2025-11-25T13:33:05: Opening websockets listen socket on port 9001.
2025-11-25T13:33:05: mosquitto version 2.0.22 running
2025-11-25T13:33:10: New connection from ::1:40052 on port 1883.
2025-11-25T13:33:10: New client connected from ::1:40052 as auto-E3B3BC00-051C-6838-6707-E35A484380A4 (p2, c1, k60).
2025-11-25T13:33:10: No will message specified.
2025-11-25T13:33:10: Sending CONNACK to auto-E3B3BC00-051C-6838-6707-E35A484380A4 (0, 0)
2025-11-25T13:33:10: Received PUBLISH from auto-E3B3BC00-051C-6838-6707-E35A484380A4 (d0, q0, r0, m0, 'healthcheck', ... (2 bytes))
2025-11-25T13:33:10: Received DISCONNECT from auto-E3B3BC00-051C-6838-6707-E35A484380A4
2025-11-25T13:33:10: Client auto-E3B3BC00-051C-6838-6707-E35A484380A4 disconnected.
2025-11-25T13:33:26: New connection from ::1:50932 on port 1883.
2025-11-25T13:33:26: New client connected from ::1:50932 as auto-83C28BDE-68B9-1377-32A1-8F1855D9ACE4 (p2, c1, k60).
2025-11-25T13:33:26: No will message specified.
2025-11-25T13:33:26: Sending CONNACK to auto-83C28BDE-68B9-1377-32A1-8F1855D9ACE4 (0, 0)
2025-11-25T13:33:26: Received PUBLISH from auto-83C28BDE-68B9-1377-32A1-8F1855D9ACE4 (d0, q0, r0, m0, 'healthcheck', ... (2 bytes))
2025-11-25T13:33:26: Received DISCONNECT from auto-83C28BDE-68B9-1377-32A1-8F1855D9ACE4
2025-11-25T13:33:26: Client auto-83C28BDE-68B9-1377-32A1-8F1855D9ACE4 disconnected.
2025-11-25T13:33:41: New connection from ::1:35708 on port 1883.
2025-11-25T13:33:41: New client connected from ::1:35708 as auto-2C5A08FA-633B-9432-FC17-5A5688E8831C (p2, c1, k60).
2025-11-25T13:33:41: No will message specified.
2025-11-25T13:33:41: Sending CONNACK to auto-2C5A08FA-633B-9432-FC17-5A5688E8831C (0, 0)
2025-11-25T13:33:41: Received PUBLISH from auto-2C5A08FA-633B-9432-FC17-5A5688E8831C (d0, q0, r0, m0, 'healthcheck', ... (2 bytes))
2025-11-25T13:33:41: Received DISCONNECT from auto-2C5A08FA-633B-9432-FC17-5A5688E8831C
2025-11-25T13:33:41: Client auto-2C5A08FA-633B-9432-FC17-5A5688E8831C disconnected.
2025-11-25T13:33:56: New connection from ::1:53220 on port 1883.
2025-11-25T13:33:56: New client connected from ::1:53220 as auto-7893377B-3FA0-CA41-8161-1A75D1E3B643 (p2, c1, k60).
2025-11-25T13:33:56: No will message specified.
2025-11-25T13:33:56: Sending CONNACK to auto-7893377B-3FA0-CA41-8161-1A75D1E3B643 (0, 0)
2025-11-25T13:33:56: Received PUBLISH from auto-7893377B-3FA0-CA41-8161-1A75D1E3B643 (d0, q0, r0, m0, 'healthcheck', ... (2 bytes))
2025-11-25T13:33:56: Received DISCONNECT from auto-7893377B-3FA0-CA41-8161-1A75D1E3B643
2025-11-25T13:33:56: Client auto-7893377B-3FA0-CA41-8161-1A75D1E3B643 disconnected.
2025-11-25T13:34:11: New connection from ::1:41146 on port 1883.
2025-11-25T13:34:11: New client connected from ::1:41146 as auto-283AA76F-519D-E5D4-1603-82093BC95931 (p2, c1, k60).
2025-11-25T13:34:11: No will message specified.
2025-11-25T13:34:11: Sending CONNACK to auto-283AA76F-519D-E5D4-1603-82093BC95931 (0, 0)
2025-11-25T13:34:11: Received PUBLISH from auto-283AA76F-519D-E5D4-1603-82093BC95931 (d0, q0, r0, m0, 'healthcheck', ... (2 bytes))
2025-11-25T13:34:11: Received DISCONNECT from auto-283AA76F-519D-E5D4-1603-82093BC95931
2025-11-25T13:34:11: Client auto-283AA76F-519D-E5D4-1603-82093BC95931 disconnected.
2025-11-25T13:34:26: New connection from ::1:44402 on port 1883.
2025-11-25T13:34:26: New client connected from ::1:44402 as auto-801D7712-5C08-94D9-CE43-5E37CD0E8B2B (p2, c1, k60).
2025-11-25T13:34:26: No will message specified.
2025-11-25T13:34:26: Sending CONNACK to auto-801D7712-5C08-94D9-CE43-5E37CD0E8B2B (0, 0)
2025-11-25T13:34:26: Received PUBLISH from auto-801D7712-5C08-94D9-CE43-5E37CD0E8B2B (d0, q0, r0, m0, 'healthcheck', ... (2 bytes))
2025-11-25T13:34:26: Received DISCONNECT from auto-801D7712-5C08-94D9-CE43-5E37CD0E8B2B
2025-11-25T13:34:26: Client auto-801D7712-5C08-94D9-CE43-5E37CD0E8B2B disconnected.
2025-11-25T13:34:41: New connection from ::1:49978 on port 1883.
2025-11-25T13:34:41: New client connected from ::1:49978 as auto-9E29D10F-D434-0EA9-A18B-FAA1C52322D1 (p2, c1, k60).
2025-11-25T13:34:41: No will message specified.
2025-11-25T13:34:41: Sending CONNACK to auto-9E29D10F-D434-0EA9-A18B-FAA1C52322D1 (0, 0)
2025-11-25T13:34:41: Received PUBLISH from auto-9E29D10F-D434-0EA9-A18B-FAA1C52322D1 (d0, q0, r0, m0, 'healthcheck', ... (2 bytes))
2025-11-25T13:34:41: Received DISCONNECT from auto-9E29D10F-D434-0EA9-A18B-FAA1C52322D1
2025-11-25T13:34:41: Client auto-9E29D10F-D434-0EA9-A18B-FAA1C52322D1 disconnected.
2025-11-25T13:34:56: New connection from ::1:42188 on port 1883.
2025-11-25T13:34:56: New client connected from ::1:42188 as auto-75701672-786B-187D-FA81-0CE6EFECD49A (p2, c1, k60).
2025-11-25T13:34:56: No will message specified.
2025-11-25T13:34:56: Sending CONNACK to auto-75701672-786B-187D-FA81-0CE6EFECD49A (0, 0)
2025-11-25T13:34:56: Received PUBLISH from auto-75701672-786B-187D-FA81-0CE6EFECD49A (d0, q0, r0, m0, 'healthcheck', ... (2 bytes))
2025-11-25T13:34:56: Received DISCONNECT from auto-75701672-786B-187D-FA81-0CE6EFECD49A
2025-11-25T13:34:56: Client auto-75701672-786B-187D-FA81-0CE6EFECD49A disconnected.
2025-11-25T13:35:11: New connection from ::1:42468 on port 1883.
2025-11-25T13:35:11: New client connected from ::1:42468 as auto-A9000094-8D29-F079-3177-16E41D15771F (p2, c1, k60).
2025-11-25T13:35:11: No will message specified.
2025-11-25T13:35:11: Sending CONNACK to auto-A9000094-8D29-F079-3177-16E41D15771F (0, 0)
2025-11-25T13:35:11: Received PUBLISH from auto-A9000094-8D29-F079-3177-16E41D15771F (d0, q0, r0, m0, 'healthcheck', ... (2 bytes))
2025-11-25T13:35:11: Received DISCONNECT from auto-A9000094-8D29-F079-3177-16E41D15771F
2025-11-25T13:35:11: Client auto-A9000094-8D29-F079-3177-16E41D15771F disconnected.
2025-11-25T13:35:26: New connection from ::1:41784 on port 1883.
2025-11-25T13:35:26: New client connected from ::1:41784 as auto-4E61FDA0-128C-59B3-24EB-AC6F05FF6685 (p2, c1, k60).
2025-11-25T13:35:26: No will message specified.
2025-11-25T13:35:26: Sending CONNACK to auto-4E61FDA0-128C-59B3-24EB-AC6F05FF6685 (0, 0)
2025-11-25T13:35:26: Received PUBLISH from auto-4E61FDA0-128C-59B3-24EB-AC6F05FF6685 (d0, q0, r0, m0, 'healthcheck', ... (2 bytes))
2025-11-25T13:35:26: Received DISCONNECT from auto-4E61FDA0-128C-59B3-24EB-AC6F05FF6685
2025-11-25T13:35:26: Client auto-4E61FDA0-128C-59B3-24EB-AC6F05FF6685 disconnected.
2025-11-25T13:35:41: New connection from ::1:39370 on port 1883.
2025-11-25T13:35:41: New client connected from ::1:39370 as auto-0939E71F-D22F-F50C-2119-97A8162926D1 (p2, c1, k60).
2025-11-25T13:35:41: No will message specified.
2025-11-25T13:35:41: Sending CONNACK to auto-0939E71F-D22F-F50C-2119-97A8162926D1 (0, 0)
2025-11-25T13:35:41: Received PUBLISH from auto-0939E71F-D22F-F50C-2119-97A8162926D1 (d0, q0, r0, m0, 'healthcheck', ... (2 bytes))
2025-11-25T13:35:41: Received DISCONNECT from auto-0939E71F-D22F-F50C-2119-97A8162926D1
2025-11-25T13:35:41: Client auto-0939E71F-D22F-F50C-2119-97A8162926D1 disconnected.
2025-11-25T13:35:56: New connection from ::1:53808 on port 1883.
2025-11-25T13:35:56: New client connected from ::1:53808 as auto-B6AC8DBE-2313-DB11-BAE4-48DA9E71C877 (p2, c1, k60).
2025-11-25T13:35:56: No will message specified.
2025-11-25T13:35:56: Sending CONNACK to auto-B6AC8DBE-2313-DB11-BAE4-48DA9E71C877 (0, 0)
2025-11-25T13:35:56: Received PUBLISH from auto-B6AC8DBE-2313-DB11-BAE4-48DA9E71C877 (d0, q0, r0, m0, 'healthcheck', ... (2 bytes))
2025-11-25T13:35:56: Received DISCONNECT from auto-B6AC8DBE-2313-DB11-BAE4-48DA9E71C877
2025-11-25T13:35:56: Client auto-B6AC8DBE-2313-DB11-BAE4-48DA9E71C877 disconnected.
2025-11-25T13:36:11: New connection from ::1:60830 on port 1883.
2025-11-25T13:36:11: New client connected from ::1:60830 as auto-237E9627-525E-6B41-CA43-B4A60867C0B6 (p2, c1, k60).
2025-11-25T13:36:11: No will message specified.
2025-11-25T13:36:11: Sending CONNACK to auto-237E9627-525E-6B41-CA43-B4A60867C0B6 (0, 0)
2025-11-25T13:36:11: Received PUBLISH from auto-237E9627-525E-6B41-CA43-B4A60867C0B6 (d0, q0, r0, m0, 'healthcheck', ... (2 bytes))
2025-11-25T13:36:11: Received DISCONNECT from auto-237E9627-525E-6B41-CA43-B4A60867C0B6
2025-11-25T13:36:11: Client auto-237E9627-525E-6B41-CA43-B4A60867C0B6 disconnected.
2025-11-25T13:36:26: New connection from ::1:36330 on port 1883.
2025-11-25T13:36:26: New client connected from ::1:36330 as auto-C4071223-7B71-9EDE-8833-44F916971F22 (p2, c1, k60).
2025-11-25T13:36:26: No will message specified.
2025-11-25T13:36:26: Sending CONNACK to auto-C4071223-7B71-9EDE-8833-44F916971F22 (0, 0)
2025-11-25T13:36:26: Received PUBLISH from auto-C4071223-7B71-9EDE-8833-44F916971F22 (d0, q0, r0, m0, 'healthcheck', ... (2 bytes))
2025-11-25T13:36:26: Received DISCONNECT from auto-C4071223-7B71-9EDE-8833-44F916971F22
2025-11-25T13:36:26: Client auto-C4071223-7B71-9EDE-8833-44F916971F22 disconnected.
2025-11-25T13:36:41: New connection from ::1:39176 on port 1883.
2025-11-25T13:36:41: New client connected from ::1:39176 as auto-F662FFB1-FBB1-A7AB-C8FB-5014E1399595 (p2, c1, k60).
2025-11-25T13:36:41: No will message specified.
2025-11-25T13:36:41: Sending CONNACK to auto-F662FFB1-FBB1-A7AB-C8FB-5014E1399595 (0, 0)
2025-11-25T13:36:41: Received PUBLISH from auto-F662FFB1-FBB1-A7AB-C8FB-5014E1399595 (d0, q0, r0, m0, 'healthcheck', ... (2 bytes))
2025-11-25T13:36:41: Received DISCONNECT from auto-F662FFB1-FBB1-A7AB-C8FB-5014E1399595
2025-11-25T13:36:41: Client auto-F662FFB1-FBB1-A7AB-C8FB-5014E1399595 disconnected.
2025-11-25T13:36:56: New connection from ::1:53092 on port 1883.
2025-11-25T13:36:56: New client connected from ::1:53092 as auto-1ACE0501-7357-D256-A17B-8EEA324BAE52 (p2, c1, k60).
2025-11-25T13:36:56: No will message specified.
2025-11-25T13:36:56: Sending CONNACK to auto-1ACE0501-7357-D256-A17B-8EEA324BAE52 (0, 0)
2025-11-25T13:36:56: Received PUBLISH from auto-1ACE0501-7357-D256-A17B-8EEA324BAE52 (d0, q0, r0, m0, 'healthcheck', ... (2 bytes))
2025-11-25T13:36:56: Received DISCONNECT from auto-1ACE0501-7357-D256-A17B-8EEA324BAE52
2025-11-25T13:36:56: Client auto-1ACE0501-7357-D256-A17B-8EEA324BAE52 disconnected.
2025-11-25T13:37:11: New connection from ::1:50872 on port 1883.
2025-11-25T13:37:11: New client connected from ::1:50872 as auto-34BCE861-85B8-68CF-04D1-C4191F42F6EC (p2, c1, k60).
2025-11-25T13:37:11: No will message specified.
2025-11-25T13:37:11: Sending CONNACK to auto-34BCE861-85B8-68CF-04D1-C4191F42F6EC (0, 0)
2025-11-25T13:37:11: Received PUBLISH from auto-34BCE861-85B8-68CF-04D1-C4191F42F6EC (d0, q0, r0, m0, 'healthcheck', ... (2 bytes))
2025-11-25T13:37:11: Received DISCONNECT from auto-34BCE861-85B8-68CF-04D1-C4191F42F6EC
2025-11-25T13:37:11: Client auto-34BCE861-85B8-68CF-04D1-C4191F42F6EC disconnected.
2025-11-25T13:37:27: New connection from ::1:47832 on port 1883.
2025-11-25T13:37:27: New client connected from ::1:47832 as auto-BBC3844D-9FD0-F379-30BF-766A4DB08DAD (p2, c1, k60).
2025-11-25T13:37:27: No will message specified.
2025-11-25T13:37:27: Sending CONNACK to auto-BBC3844D-9FD0-F379-30BF-766A4DB08DAD (0, 0)
2025-11-25T13:37:27: Received PUBLISH from auto-BBC3844D-9FD0-F379-30BF-766A4DB08DAD (d0, q0, r0, m0, 'healthcheck', ... (2 bytes))
2025-11-25T13:37:27: Received DISCONNECT from auto-BBC3844D-9FD0-F379-30BF-766A4DB08DAD
2025-11-25T13:37:27: Client auto-BBC3844D-9FD0-F379-30BF-766A4DB08DAD disconnected.
2025-11-25T13:37:42: New connection from ::1:41470 on port 1883.
2025-11-25T13:37:42: New client connected from ::1:41470 as auto-3261D4EE-9C92-42BF-D75D-3C2F118413EF (p2, c1, k60).
2025-11-25T13:37:42: No will message specified.
2025-11-25T13:37:42: Sending CONNACK to auto-3261D4EE-9C92-42BF-D75D-3C2F118413EF (0, 0)
2025-11-25T13:37:42: Received PUBLISH from auto-3261D4EE-9C92-42BF-D75D-3C2F118413EF (d0, q0, r0, m0, 'healthcheck', ... (2 bytes))
2025-11-25T13:37:42: Received DISCONNECT from auto-3261D4EE-9C92-42BF-D75D-3C2F118413EF
2025-11-25T13:37:42: Client auto-3261D4EE-9C92-42BF-D75D-3C2F118413EF disconnected.
2025-11-25T13:37:57: New connection from ::1:38534 on port 1883.
2025-11-25T13:37:57: New client connected from ::1:38534 as auto-3936DDDE-5ED7-A755-68E8-1A47C4CB3D8F (p2, c1, k60).
2025-11-25T13:37:57: No will message specified.
2025-11-25T13:37:57: Sending CONNACK to auto-3936DDDE-5ED7-A755-68E8-1A47C4CB3D8F (0, 0)
2025-11-25T13:37:57: Received PUBLISH from auto-3936DDDE-5ED7-A755-68E8-1A47C4CB3D8F (d0, q0, r0, m0, 'healthcheck', ... (2 bytes))
2025-11-25T13:37:57: Received DISCONNECT from auto-3936DDDE-5ED7-A755-68E8-1A47C4CB3D8F
2025-11-25T13:37:57: Client auto-3936DDDE-5ED7-A755-68E8-1A47C4CB3D8F disconnected.
2025-11-25T13:38:12: New connection from ::1:37092 on port 1883.
2025-11-25T13:38:12: New client connected from ::1:37092 as auto-8BFF35D4-65D3-7F70-FB2B-ED8E3C6B90E4 (p2, c1, k60).
2025-11-25T13:38:12: No will message specified.
2025-11-25T13:38:12: Sending CONNACK to auto-8BFF35D4-65D3-7F70-FB2B-ED8E3C6B90E4 (0, 0)
2025-11-25T13:38:12: Received PUBLISH from auto-8BFF35D4-65D3-7F70-FB2B-ED8E3C6B90E4 (d0, q0, r0, m0, 'healthcheck', ... (2 bytes))
2025-11-25T13:38:12: Received DISCONNECT from auto-8BFF35D4-65D3-7F70-FB2B-ED8E3C6B90E4
2025-11-25T13:38:12: Client auto-8BFF35D4-65D3-7F70-FB2B-ED8E3C6B90E4 disconnected.
2025-11-25T13:38:27: New connection from ::1:37372 on port 1883.
2025-11-25T13:38:27: New client connected from ::1:37372 as auto-98236C7A-2F21-6B4B-DA33-51067FAD497E (p2, c1, k60).
2025-11-25T13:38:27: No will message specified.
2025-11-25T13:38:27: Sending CONNACK to auto-98236C7A-2F21-6B4B-DA33-51067FAD497E (0, 0)
2025-11-25T13:38:27: Received PUBLISH from auto-98236C7A-2F21-6B4B-DA33-51067FAD497E (d0, q0, r0, m0, 'healthcheck', ... (2 bytes))
2025-11-25T13:38:27: Received DISCONNECT from auto-98236C7A-2F21-6B4B-DA33-51067FAD497E
2025-11-25T13:38:27: Client auto-98236C7A-2F21-6B4B-DA33-51067FAD497E disconnected.
2025-11-25T13:38:42: New connection from ::1:37364 on port 1883.
2025-11-25T13:38:42: New client connected from ::1:37364 as auto-1917BC65-DF00-5E01-1926-DD2E38987B8A (p2, c1, k60).
2025-11-25T13:38:42: No will message specified.
2025-11-25T13:38:42: Sending CONNACK to auto-1917BC65-DF00-5E01-1926-DD2E38987B8A (0, 0)
2025-11-25T13:38:42: Received PUBLISH from auto-1917BC65-DF00-5E01-1926-DD2E38987B8A (d0, q0, r0, m0, 'healthcheck', ... (2 bytes))
2025-11-25T13:38:42: Received DISCONNECT from auto-1917BC65-DF00-5E01-1926-DD2E38987B8A
2025-11-25T13:38:42: Client auto-1917BC65-DF00-5E01-1926-DD2E38987B8A disconnected.
2025-11-25T13:38:57: New connection from ::1:59504 on port 1883.
2025-11-25T13:38:57: New client connected from ::1:59504 as auto-1C9E466C-DEFF-2FE3-842F-6B159DA1D902 (p2, c1, k60).
2025-11-25T13:38:57: No will message specified.
2025-11-25T13:38:57: Sending CONNACK to auto-1C9E466C-DEFF-2FE3-842F-6B159DA1D902 (0, 0)
2025-11-25T13:38:57: Received PUBLISH from auto-1C9E466C-DEFF-2FE3-842F-6B159DA1D902 (d0, q0, r0, m0, 'healthcheck', ... (2 bytes))
2025-11-25T13:38:57: Received DISCONNECT from auto-1C9E466C-DEFF-2FE3-842F-6B159DA1D902
2025-11-25T13:38:57: Client auto-1C9E466C-DEFF-2FE3-842F-6B159DA1D902 disconnected.
2025-11-25T13:39:12: New connection from ::1:39900 on port 1883.
2025-11-25T13:39:12: New client connected from ::1:39900 as auto-49F0B9A5-DC94-CE90-5D26-3301575802F6 (p2, c1, k60).
2025-11-25T13:39:12: No will message specified.
2025-11-25T13:39:12: Sending CONNACK to auto-49F0B9A5-DC94-CE90-5D26-3301575802F6 (0, 0)
2025-11-25T13:39:12: Received PUBLISH from auto-49F0B9A5-DC94-CE90-5D26-3301575802F6 (d0, q0, r0, m0, 'healthcheck', ... (2 bytes))
2025-11-25T13:39:12: Received DISCONNECT from auto-49F0B9A5-DC94-CE90-5D26-3301575802F6
2025-11-25T13:39:12: Client auto-49F0B9A5-DC94-CE90-5D26-3301575802F6 disconnected.
2025-11-25T13:39:27: New connection from ::1:35776 on port 1883.
2025-11-25T13:39:27: New client connected from ::1:35776 as auto-8252C743-E674-D7B3-F049-0F5C3A0318A7 (p2, c1, k60).
2025-11-25T13:39:27: No will message specified.
2025-11-25T13:39:27: Sending CONNACK to auto-8252C743-E674-D7B3-F049-0F5C3A0318A7 (0, 0)
2025-11-25T13:39:27: Received PUBLISH from auto-8252C743-E674-D7B3-F049-0F5C3A0318A7 (d0, q0, r0, m0, 'healthcheck', ... (2 bytes))
2025-11-25T13:39:27: Received DISCONNECT from auto-8252C743-E674-D7B3-F049-0F5C3A0318A7
2025-11-25T13:39:27: Client auto-8252C743-E674-D7B3-F049-0F5C3A0318A7 disconnected.
2025-11-25T13:39:42: New connection from ::1:38672 on port 1883.
2025-11-25T13:39:42: New client connected from ::1:38672 as auto-28DF9529-67AB-66B4-E767-4477421EC0BD (p2, c1, k60).
2025-11-25T13:39:42: No will message specified.
2025-11-25T13:39:42: Sending CONNACK to auto-28DF9529-67AB-66B4-E767-4477421EC0BD (0, 0)
2025-11-25T13:39:42: Received PUBLISH from auto-28DF9529-67AB-66B4-E767-4477421EC0BD (d0, q0, r0, m0, 'healthcheck', ... (2 bytes))
2025-11-25T13:39:42: Received DISCONNECT from auto-28DF9529-67AB-66B4-E767-4477421EC0BD
2025-11-25T13:39:42: Client auto-28DF9529-67AB-66B4-E767-4477421EC0BD disconnected.
2025-11-25T13:39:57: New connection from ::1:42670 on port 1883.
2025-11-25T13:39:57: New client connected from ::1:42670 as auto-D0E17757-7BCB-5594-C9CF-AE2895BD1E3F (p2, c1, k60).
2025-11-25T13:39:57: No will message specified.
2025-11-25T13:39:57: Sending CONNACK to auto-D0E17757-7BCB-5594-C9CF-AE2895BD1E3F (0, 0)
2025-11-25T13:39:57: Received PUBLISH from auto-D0E17757-7BCB-5594-C9CF-AE2895BD1E3F (d0, q0, r0, m0, 'healthcheck', ... (2 bytes))
2025-11-25T13:39:57: Received DISCONNECT from auto-D0E17757-7BCB-5594-C9CF-AE2895BD1E3F
2025-11-25T13:39:57: Client auto-D0E17757-7BCB-5594-C9CF-AE2895BD1E3F disconnected.
2025-11-25T13:40:12: New connection from ::1:43186 on port 1883.
2025-11-25T13:40:12: New client connected from ::1:43186 as auto-7B0B93DF-CA26-4BB5-3DD1-6573C429C0F0 (p2, c1, k60).
2025-11-25T13:40:12: No will message specified.
2025-11-25T13:40:12: Sending CONNACK to auto-7B0B93DF-CA26-4BB5-3DD1-6573C429C0F0 (0, 0)
2025-11-25T13:40:12: Received PUBLISH from auto-7B0B93DF-CA26-4BB5-3DD1-6573C429C0F0 (d0, q0, r0, m0, 'healthcheck', ... (2 bytes))
2025-11-25T13:40:12: Received DISCONNECT from auto-7B0B93DF-CA26-4BB5-3DD1-6573C429C0F0
2025-11-25T13:40:12: Client auto-7B0B93DF-CA26-4BB5-3DD1-6573C429C0F0 disconnected.
2025-11-25T13:40:27: New connection from ::1:48278 on port 1883.
2025-11-25T13:40:27: New client connected from ::1:48278 as auto-8877A92F-E75D-C45A-4A6A-BE84D0AC87A6 (p2, c1, k60).
2025-11-25T13:40:27: No will message specified.
2025-11-25T13:40:27: Sending CONNACK to auto-8877A92F-E75D-C45A-4A6A-BE84D0AC87A6 (0, 0)
2025-11-25T13:40:27: Received PUBLISH from auto-8877A92F-E75D-C45A-4A6A-BE84D0AC87A6 (d0, q0, r0, m0, 'healthcheck', ... (2 bytes))
2025-11-25T13:40:27: Received DISCONNECT from auto-8877A92F-E75D-C45A-4A6A-BE84D0AC87A6
2025-11-25T13:40:27: Client auto-8877A92F-E75D-C45A-4A6A-BE84D0AC87A6 disconnected.
2025-11-25T13:40:42: New connection from ::1:51572 on port 1883.
2025-11-25T13:40:42: New client connected from ::1:51572 as auto-C2CFD17E-E2F1-B305-E776-B917A9F4814B (p2, c1, k60).
2025-11-25T13:40:42: No will message specified.
2025-11-25T13:40:42: Sending CONNACK to auto-C2CFD17E-E2F1-B305-E776-B917A9F4814B (0, 0)
2025-11-25T13:40:42: Received PUBLISH from auto-C2CFD17E-E2F1-B305-E776-B917A9F4814B (d0, q0, r0, m0, 'healthcheck', ... (2 bytes))
2025-11-25T13:40:42: Received DISCONNECT from auto-C2CFD17E-E2F1-B305-E776-B917A9F4814B
2025-11-25T13:40:42: Client auto-C2CFD17E-E2F1-B305-E776-B917A9F4814B disconnected.
2025-11-25T13:40:57: New connection from ::1:48532 on port 1883.
2025-11-25T13:40:57: New client connected from ::1:48532 as auto-EA940FF8-6F52-FD75-FDA1-FF8D6028A227 (p2, c1, k60).
2025-11-25T13:40:57: No will message specified.
2025-11-25T13:40:57: Sending CONNACK to auto-EA940FF8-6F52-FD75-FDA1-FF8D6028A227 (0, 0)
2025-11-25T13:40:57: Received PUBLISH from auto-EA940FF8-6F52-FD75-FDA1-FF8D6028A227 (d0, q0, r0, m0, 'healthcheck', ... (2 bytes))
2025-11-25T13:40:57: Received DISCONNECT from auto-EA940FF8-6F52-FD75-FDA1-FF8D6028A227
2025-11-25T13:40:57: Client auto-EA940FF8-6F52-FD75-FDA1-FF8D6028A227 disconnected.
2025-11-25T13:41:12: New connection from ::1:51826 on port 1883.
2025-11-25T13:41:12: New client connected from ::1:51826 as auto-1C53CE24-7222-CFB1-FA2E-B46E2125BF85 (p2, c1, k60).
2025-11-25T13:41:12: No will message specified.
2025-11-25T13:41:12: Sending CONNACK to auto-1C53CE24-7222-CFB1-FA2E-B46E2125BF85 (0, 0)
2025-11-25T13:41:12: Received PUBLISH from auto-1C53CE24-7222-CFB1-FA2E-B46E2125BF85 (d0, q0, r0, m0, 'healthcheck', ... (2 bytes))
2025-11-25T13:41:12: Received DISCONNECT from auto-1C53CE24-7222-CFB1-FA2E-B46E2125BF85
2025-11-25T13:41:12: Client auto-1C53CE24-7222-CFB1-FA2E-B46E2125BF85 disconnected.
2025-11-25T13:41:28: New connection from ::1:56402 on port 1883.
2025-11-25T13:41:28: New client connected from ::1:56402 as auto-DFB1ACF6-9E5F-7D9A-25D6-3A3400DA3602 (p2, c1, k60).
2025-11-25T13:41:28: No will message specified.
2025-11-25T13:41:28: Sending CONNACK to auto-DFB1ACF6-9E5F-7D9A-25D6-3A3400DA3602 (0, 0)
2025-11-25T13:41:28: Received PUBLISH from auto-DFB1ACF6-9E5F-7D9A-25D6-3A3400DA3602 (d0, q0, r0, m0, 'healthcheck', ... (2 bytes))
2025-11-25T13:41:28: Received DISCONNECT from auto-DFB1ACF6-9E5F-7D9A-25D6-3A3400DA3602
2025-11-25T13:41:28: Client auto-DFB1ACF6-9E5F-7D9A-25D6-3A3400DA3602 disconnected.
2025-11-25T13:41:43: New connection from ::1:55422 on port 1883.
2025-11-25T13:41:43: New client connected from ::1:55422 as auto-1B98E29D-3BD0-E66C-8BBF-7789E02FF44B (p2, c1, k60).
2025-11-25T13:41:43: No will message specified.
2025-11-25T13:41:43: Sending CONNACK to auto-1B98E29D-3BD0-E66C-8BBF-7789E02FF44B (0, 0)
2025-11-25T13:41:43: Received PUBLISH from auto-1B98E29D-3BD0-E66C-8BBF-7789E02FF44B (d0, q0, r0, m0, 'healthcheck', ... (2 bytes))
2025-11-25T13:41:43: Received DISCONNECT from auto-1B98E29D-3BD0-E66C-8BBF-7789E02FF44B
2025-11-25T13:41:43: Client auto-1B98E29D-3BD0-E66C-8BBF-7789E02FF44B disconnected.
2025-11-25T13:41:58: New connection from ::1:60316 on port 1883.
2025-11-25T13:41:58: New client connected from ::1:60316 as auto-4073FCE9-6680-B416-F398-498AE16FC7B1 (p2, c1, k60).
2025-11-25T13:41:58: No will message specified.
2025-11-25T13:41:58: Sending CONNACK to auto-4073FCE9-6680-B416-F398-498AE16FC7B1 (0, 0)
2025-11-25T13:41:58: Received PUBLISH from auto-4073FCE9-6680-B416-F398-498AE16FC7B1 (d0, q0, r0, m0, 'healthcheck', ... (2 bytes))
2025-11-25T13:41:58: Received DISCONNECT from auto-4073FCE9-6680-B416-F398-498AE16FC7B1
2025-11-25T13:41:58: Client auto-4073FCE9-6680-B416-F398-498AE16FC7B1 disconnected.
2025-11-25T13:42:13: New connection from ::1:36022 on port 1883.
2025-11-25T13:42:13: New client connected from ::1:36022 as auto-B989163D-BA7A-83F4-CB89-94262F250EFB (p2, c1, k60).
2025-11-25T13:42:13: No will message specified.
2025-11-25T13:42:13: Sending CONNACK to auto-B989163D-BA7A-83F4-CB89-94262F250EFB (0, 0)
2025-11-25T13:42:13: Received PUBLISH from auto-B989163D-BA7A-83F4-CB89-94262F250EFB (d0, q0, r0, m0, 'healthcheck', ... (2 bytes))
2025-11-25T13:42:13: Received DISCONNECT from auto-B989163D-BA7A-83F4-CB89-94262F250EFB
2025-11-25T13:42:13: Client auto-B989163D-BA7A-83F4-CB89-94262F250EFB disconnected.
2025-11-25T13:42:14: mosquitto version 2.0.22 terminating
2025-11-25T13:42:14: Saving in-memory database to /mosquitto/data//mosquitto.db.
2025-11-25T13:48:59: mosquitto version 2.0.22 starting
2025-11-25T13:48:59: Config loaded from /mosquitto/config/mosquitto.conf.
2025-11-25T13:48:59: Opening ipv4 listen socket on port 1883.
2025-11-25T13:48:59: Opening ipv6 listen socket on port 1883.
2025-11-25T13:48:59: Opening websockets listen socket on port 9001.
2025-11-25T13:48:59: mosquitto version 2.0.22 running
2025-11-25T13:49:04: New connection from ::1:50236 on port 1883.
2025-11-25T13:49:04: New client connected from ::1:50236 as auto-37FE12DB-8156-AC09-FF6C-20E58C72B0E5 (p2, c1, k60).
2025-11-25T13:49:04: No will message specified.
2025-11-25T13:49:04: Sending CONNACK to auto-37FE12DB-8156-AC09-FF6C-20E58C72B0E5 (0, 0)
2025-11-25T13:49:04: Received PUBLISH from auto-37FE12DB-8156-AC09-FF6C-20E58C72B0E5 (d0, q0, r0, m0, 'healthcheck', ... (2 bytes))
2025-11-25T13:49:04: Received DISCONNECT from auto-37FE12DB-8156-AC09-FF6C-20E58C72B0E5
2025-11-25T13:49:04: Client auto-37FE12DB-8156-AC09-FF6C-20E58C72B0E5 disconnected.
2025-11-25T13:49:19: New connection from ::1:36830 on port 1883.
2025-11-25T13:49:19: New client connected from ::1:36830 as auto-1FBC088E-A370-669B-BDE9-74AD23633C33 (p2, c1, k60).
2025-11-25T13:49:19: No will message specified.
2025-11-25T13:49:19: Sending CONNACK to auto-1FBC088E-A370-669B-BDE9-74AD23633C33 (0, 0)
2025-11-25T13:49:19: Received PUBLISH from auto-1FBC088E-A370-669B-BDE9-74AD23633C33 (d0, q0, r0, m0, 'healthcheck', ... (2 bytes))
2025-11-25T13:49:19: Received DISCONNECT from auto-1FBC088E-A370-669B-BDE9-74AD23633C33
2025-11-25T13:49:19: Client auto-1FBC088E-A370-669B-BDE9-74AD23633C33 disconnected.
2025-11-25T13:49:34: New connection from ::1:50574 on port 1883.
2025-11-25T13:49:34: New client connected from ::1:50574 as auto-9CF338D8-CB48-8C26-D420-9D3A553C9BDD (p2, c1, k60).
2025-11-25T13:49:34: No will message specified.
2025-11-25T13:49:34: Sending CONNACK to auto-9CF338D8-CB48-8C26-D420-9D3A553C9BDD (0, 0)
2025-11-25T13:49:34: Received PUBLISH from auto-9CF338D8-CB48-8C26-D420-9D3A553C9BDD (d0, q0, r0, m0, 'healthcheck', ... (2 bytes))
2025-11-25T13:49:34: Received DISCONNECT from auto-9CF338D8-CB48-8C26-D420-9D3A553C9BDD
2025-11-25T13:49:34: Client auto-9CF338D8-CB48-8C26-D420-9D3A553C9BDD disconnected.
2025-11-25T13:49:49: New connection from ::1:57856 on port 1883.
2025-11-25T13:49:49: New client connected from ::1:57856 as auto-88B4DDA9-9904-4CB3-7B67-D755F1E488EF (p2, c1, k60).
2025-11-25T13:49:49: No will message specified.
2025-11-25T13:49:49: Sending CONNACK to auto-88B4DDA9-9904-4CB3-7B67-D755F1E488EF (0, 0)
2025-11-25T13:49:49: Received PUBLISH from auto-88B4DDA9-9904-4CB3-7B67-D755F1E488EF (d0, q0, r0, m0, 'healthcheck', ... (2 bytes))
2025-11-25T13:49:49: Received DISCONNECT from auto-88B4DDA9-9904-4CB3-7B67-D755F1E488EF
2025-11-25T13:49:49: Client auto-88B4DDA9-9904-4CB3-7B67-D755F1E488EF disconnected.
2025-11-25T13:50:04: New connection from ::1:52296 on port 1883.
2025-11-25T13:50:04: New client connected from ::1:52296 as auto-F2012676-5E9A-DC9D-22BE-53EA53DE9D7D (p2, c1, k60).
2025-11-25T13:50:04: No will message specified.
2025-11-25T13:50:04: Sending CONNACK to auto-F2012676-5E9A-DC9D-22BE-53EA53DE9D7D (0, 0)
2025-11-25T13:50:04: Received PUBLISH from auto-F2012676-5E9A-DC9D-22BE-53EA53DE9D7D (d0, q0, r0, m0, 'healthcheck', ... (2 bytes))
2025-11-25T13:50:04: Received DISCONNECT from auto-F2012676-5E9A-DC9D-22BE-53EA53DE9D7D
2025-11-25T13:50:04: Client auto-F2012676-5E9A-DC9D-22BE-53EA53DE9D7D disconnected.
2025-11-25T13:50:19: New connection from ::1:37424 on port 1883.
2025-11-25T13:50:19: New client connected from ::1:37424 as auto-701E3A06-8A59-0FE0-6917-43363E640232 (p2, c1, k60).
2025-11-25T13:50:19: No will message specified.
2025-11-25T13:50:19: Sending CONNACK to auto-701E3A06-8A59-0FE0-6917-43363E640232 (0, 0)
2025-11-25T13:50:19: Received PUBLISH from auto-701E3A06-8A59-0FE0-6917-43363E640232 (d0, q0, r0, m0, 'healthcheck', ... (2 bytes))
2025-11-25T13:50:19: Received DISCONNECT from auto-701E3A06-8A59-0FE0-6917-43363E640232
2025-11-25T13:50:19: Client auto-701E3A06-8A59-0FE0-6917-43363E640232 disconnected.
2025-11-25T13:50:34: New connection from ::1:35104 on port 1883.
2025-11-25T13:50:34: New client connected from ::1:35104 as auto-0AA46358-40FE-7D75-406C-8BCBD08919F6 (p2, c1, k60).
2025-11-25T13:50:34: No will message specified.
2025-11-25T13:50:34: Sending CONNACK to auto-0AA46358-40FE-7D75-406C-8BCBD08919F6 (0, 0)
2025-11-25T13:50:34: Received PUBLISH from auto-0AA46358-40FE-7D75-406C-8BCBD08919F6 (d0, q0, r0, m0, 'healthcheck', ... (2 bytes))
2025-11-25T13:50:34: Received DISCONNECT from auto-0AA46358-40FE-7D75-406C-8BCBD08919F6
2025-11-25T13:50:34: Client auto-0AA46358-40FE-7D75-406C-8BCBD08919F6 disconnected.
2025-11-25T13:50:49: New connection from ::1:43764 on port 1883.
2025-11-25T13:50:49: New client connected from ::1:43764 as auto-2677E4C4-B2FB-3862-6994-2B645BEF16D4 (p2, c1, k60).
2025-11-25T13:50:49: No will message specified.
2025-11-25T13:50:49: Sending CONNACK to auto-2677E4C4-B2FB-3862-6994-2B645BEF16D4 (0, 0)
2025-11-25T13:50:49: Received PUBLISH from auto-2677E4C4-B2FB-3862-6994-2B645BEF16D4 (d0, q0, r0, m0, 'healthcheck', ... (2 bytes))
2025-11-25T13:50:49: Received DISCONNECT from auto-2677E4C4-B2FB-3862-6994-2B645BEF16D4
2025-11-25T13:50:49: Client auto-2677E4C4-B2FB-3862-6994-2B645BEF16D4 disconnected.
2025-11-25T13:51:04: New connection from ::1:50178 on port 1883.
2025-11-25T13:51:04: New client connected from ::1:50178 as auto-4DF88CD7-6850-23C4-664E-AE07A44638F7 (p2, c1, k60).
2025-11-25T13:51:04: No will message specified.
2025-11-25T13:51:04: Sending CONNACK to auto-4DF88CD7-6850-23C4-664E-AE07A44638F7 (0, 0)
2025-11-25T13:51:04: Received PUBLISH from auto-4DF88CD7-6850-23C4-664E-AE07A44638F7 (d0, q0, r0, m0, 'healthcheck', ... (2 bytes))
2025-11-25T13:51:04: Received DISCONNECT from auto-4DF88CD7-6850-23C4-664E-AE07A44638F7
2025-11-25T13:51:04: Client auto-4DF88CD7-6850-23C4-664E-AE07A44638F7 disconnected.
2025-11-25T13:51:19: New connection from ::1:57138 on port 1883.
2025-11-25T13:51:19: New client connected from ::1:57138 as auto-F6D575FF-46A4-46D3-081A-422E825D4911 (p2, c1, k60).
2025-11-25T13:51:19: No will message specified.
2025-11-25T13:51:19: Sending CONNACK to auto-F6D575FF-46A4-46D3-081A-422E825D4911 (0, 0)
2025-11-25T13:51:19: Received PUBLISH from auto-F6D575FF-46A4-46D3-081A-422E825D4911 (d0, q0, r0, m0, 'healthcheck', ... (2 bytes))
2025-11-25T13:51:19: Received DISCONNECT from auto-F6D575FF-46A4-46D3-081A-422E825D4911
2025-11-25T13:51:19: Client auto-F6D575FF-46A4-46D3-081A-422E825D4911 disconnected.
2025-11-25T13:51:34: New connection from ::1:55458 on port 1883.
2025-11-25T13:51:34: New client connected from ::1:55458 as auto-14C7273C-E070-4391-E82C-CD831146733E (p2, c1, k60).
2025-11-25T13:51:34: No will message specified.
2025-11-25T13:51:34: Sending CONNACK to auto-14C7273C-E070-4391-E82C-CD831146733E (0, 0)
2025-11-25T13:51:34: Received PUBLISH from auto-14C7273C-E070-4391-E82C-CD831146733E (d0, q0, r0, m0, 'healthcheck', ... (2 bytes))
2025-11-25T13:51:34: Received DISCONNECT from auto-14C7273C-E070-4391-E82C-CD831146733E
2025-11-25T13:51:34: Client auto-14C7273C-E070-4391-E82C-CD831146733E disconnected.
2025-11-25T13:51:50: New connection from ::1:51734 on port 1883.
2025-11-25T13:51:50: New client connected from ::1:51734 as auto-954F9A31-2C37-24A0-8B27-F9B9C18DEF89 (p2, c1, k60).
2025-11-25T13:51:50: No will message specified.
2025-11-25T13:51:50: Sending CONNACK to auto-954F9A31-2C37-24A0-8B27-F9B9C18DEF89 (0, 0)
2025-11-25T13:51:50: Received PUBLISH from auto-954F9A31-2C37-24A0-8B27-F9B9C18DEF89 (d0, q0, r0, m0, 'healthcheck', ... (2 bytes))
2025-11-25T13:51:50: Received DISCONNECT from auto-954F9A31-2C37-24A0-8B27-F9B9C18DEF89
2025-11-25T13:51:50: Client auto-954F9A31-2C37-24A0-8B27-F9B9C18DEF89 disconnected.
2025-11-25T13:52:05: New connection from ::1:46602 on port 1883.
2025-11-25T13:52:05: New client connected from ::1:46602 as auto-7A7E579C-CB59-5AEF-AEB1-0E6C8C61C46A (p2, c1, k60).
2025-11-25T13:52:05: No will message specified.
2025-11-25T13:52:05: Sending CONNACK to auto-7A7E579C-CB59-5AEF-AEB1-0E6C8C61C46A (0, 0)
2025-11-25T13:52:05: Received PUBLISH from auto-7A7E579C-CB59-5AEF-AEB1-0E6C8C61C46A (d0, q0, r0, m0, 'healthcheck', ... (2 bytes))
2025-11-25T13:52:05: Received DISCONNECT from auto-7A7E579C-CB59-5AEF-AEB1-0E6C8C61C46A
2025-11-25T13:52:05: Client auto-7A7E579C-CB59-5AEF-AEB1-0E6C8C61C46A disconnected.
2025-11-25T13:52:13: New connection from 172.24.0.5:49041 on port 1883.
2025-11-25T13:52:13: New client connected from 172.24.0.5:49041 as auto-D976E7C5-7894-C9F3-2CD6-41E6AD2E4152 (p2, c1, k60).
2025-11-25T13:52:13: No will message specified.
2025-11-25T13:52:13: Sending CONNACK to auto-D976E7C5-7894-C9F3-2CD6-41E6AD2E4152 (0, 0)
2025-11-25T13:52:13: Received SUBSCRIBE from auto-D976E7C5-7894-C9F3-2CD6-41E6AD2E4152
2025-11-25T13:52:13: 	spBv1.0/# (QoS 0)
2025-11-25T13:52:13: auto-D976E7C5-7894-C9F3-2CD6-41E6AD2E4152 0 spBv1.0/#
2025-11-25T13:52:13: Sending SUBACK to auto-D976E7C5-7894-C9F3-2CD6-41E6AD2E4152
2025-11-25T13:52:20: New connection from ::1:57596 on port 1883.
2025-11-25T13:52:20: New client connected from ::1:57596 as auto-E5A08AE8-B291-500F-9414-769B1EA6CD61 (p2, c1, k60).
2025-11-25T13:52:20: No will message specified.
2025-11-25T13:52:20: Sending CONNACK to auto-E5A08AE8-B291-500F-9414-769B1EA6CD61 (0, 0)
2025-11-25T13:52:20: Received PUBLISH from auto-E5A08AE8-B291-500F-9414-769B1EA6CD61 (d0, q0, r0, m0, 'healthcheck', ... (2 bytes))
2025-11-25T13:52:20: Received DISCONNECT from auto-E5A08AE8-B291-500F-9414-769B1EA6CD61
2025-11-25T13:52:20: Client auto-E5A08AE8-B291-500F-9414-769B1EA6CD61 disconnected.
2025-11-25T13:52:35: New connection from ::1:41666 on port 1883.
2025-11-25T13:52:35: New client connected from ::1:41666 as auto-14DA6C0E-2CBB-CC67-8354-DFCAC3CDC727 (p2, c1, k60).
2025-11-25T13:52:35: No will message specified.
2025-11-25T13:52:35: Sending CONNACK to auto-14DA6C0E-2CBB-CC67-8354-DFCAC3CDC727 (0, 0)
2025-11-25T13:52:35: Received PUBLISH from auto-14DA6C0E-2CBB-CC67-8354-DFCAC3CDC727 (d0, q0, r0, m0, 'healthcheck', ... (2 bytes))
2025-11-25T13:52:35: Received DISCONNECT from auto-14DA6C0E-2CBB-CC67-8354-DFCAC3CDC727
2025-11-25T13:52:35: Client auto-14DA6C0E-2CBB-CC67-8354-DFCAC3CDC727 disconnected.
2025-11-25T13:52:50: New connection from ::1:54606 on port 1883.
2025-11-25T13:52:50: New client connected from ::1:54606 as auto-B7EE432A-32FF-CCA4-5B66-34D1C885E53F (p2, c1, k60).
2025-11-25T13:52:50: No will message specified.
2025-11-25T13:52:50: Sending CONNACK to auto-B7EE432A-32FF-CCA4-5B66-34D1C885E53F (0, 0)
2025-11-25T13:52:50: Received PUBLISH from auto-B7EE432A-32FF-CCA4-5B66-34D1C885E53F (d0, q0, r0, m0, 'healthcheck', ... (2 bytes))
2025-11-25T13:52:50: Received DISCONNECT from auto-B7EE432A-32FF-CCA4-5B66-34D1C885E53F
2025-11-25T13:52:50: Client auto-B7EE432A-32FF-CCA4-5B66-34D1C885E53F disconnected.
2025-11-25T13:53:05: New connection from ::1:59678 on port 1883.
2025-11-25T13:53:05: New client connected from ::1:59678 as auto-39E1DA07-7332-52D5-A932-6C93A638F76A (p2, c1, k60).
2025-11-25T13:53:05: No will message specified.
2025-11-25T13:53:05: Sending CONNACK to auto-39E1DA07-7332-52D5-A932-6C93A638F76A (0, 0)
2025-11-25T13:53:05: Received PUBLISH from auto-39E1DA07-7332-52D5-A932-6C93A638F76A (d0, q0, r0, m0, 'healthcheck', ... (2 bytes))
2025-11-25T13:53:05: Received DISCONNECT from auto-39E1DA07-7332-52D5-A932-6C93A638F76A
2025-11-25T13:53:05: Client auto-39E1DA07-7332-52D5-A932-6C93A638F76A disconnected.
2025-11-25T13:53:14: Received PINGREQ from auto-D976E7C5-7894-C9F3-2CD6-41E6AD2E4152
2025-11-25T13:53:14: Sending PINGRESP to auto-D976E7C5-7894-C9F3-2CD6-41E6AD2E4152
2025-11-25T13:53:20: New connection from ::1:33212 on port 1883.
2025-11-25T13:53:20: New client connected from ::1:33212 as auto-3468E06B-401D-9EE1-1895-949F154CB0F6 (p2, c1, k60).
2025-11-25T13:53:20: No will message specified.
2025-11-25T13:53:20: Sending CONNACK to auto-3468E06B-401D-9EE1-1895-949F154CB0F6 (0, 0)
2025-11-25T13:53:20: Received PUBLISH from auto-3468E06B-401D-9EE1-1895-949F154CB0F6 (d0, q0, r0, m0, 'healthcheck', ... (2 bytes))
2025-11-25T13:53:20: Received DISCONNECT from auto-3468E06B-401D-9EE1-1895-949F154CB0F6
2025-11-25T13:53:20: Client auto-3468E06B-401D-9EE1-1895-949F154CB0F6 disconnected.
2025-11-25T13:53:35: New connection from ::1:57940 on port 1883.
2025-11-25T13:53:35: New client connected from ::1:57940 as auto-7D97EA44-366F-5D10-BAD7-EFA9ECF9A8C8 (p2, c1, k60).
2025-11-25T13:53:35: No will message specified.
2025-11-25T13:53:35: Sending CONNACK to auto-7D97EA44-366F-5D10-BAD7-EFA9ECF9A8C8 (0, 0)
2025-11-25T13:53:35: Received PUBLISH from auto-7D97EA44-366F-5D10-BAD7-EFA9ECF9A8C8 (d0, q0, r0, m0, 'healthcheck', ... (2 bytes))
2025-11-25T13:53:35: Received DISCONNECT from auto-7D97EA44-366F-5D10-BAD7-EFA9ECF9A8C8
2025-11-25T13:53:35: Client auto-7D97EA44-366F-5D10-BAD7-EFA9ECF9A8C8 disconnected.
2025-11-25T13:53:50: New connection from ::1:42772 on port 1883.
2025-11-25T13:53:50: New client connected from ::1:42772 as auto-96A814D0-F7AE-4662-EE6E-A0CC7031348A (p2, c1, k60).
2025-11-25T13:53:50: No will message specified.
2025-11-25T13:53:50: Sending CONNACK to auto-96A814D0-F7AE-4662-EE6E-A0CC7031348A (0, 0)
2025-11-25T13:53:50: Received PUBLISH from auto-96A814D0-F7AE-4662-EE6E-A0CC7031348A (d0, q0, r0, m0, 'healthcheck', ... (2 bytes))
2025-11-25T13:53:50: Received DISCONNECT from auto-96A814D0-F7AE-4662-EE6E-A0CC7031348A
2025-11-25T13:53:50: Client auto-96A814D0-F7AE-4662-EE6E-A0CC7031348A disconnected.
2025-11-25T13:54:05: New connection from ::1:60718 on port 1883.
2025-11-25T13:54:05: New client connected from ::1:60718 as auto-84C6432E-597E-C24D-EA2C-7346C56C4FE6 (p2, c1, k60).
2025-11-25T13:54:05: No will message specified.
2025-11-25T13:54:05: Sending CONNACK to auto-84C6432E-597E-C24D-EA2C-7346C56C4FE6 (0, 0)
2025-11-25T13:54:05: Received PUBLISH from auto-84C6432E-597E-C24D-EA2C-7346C56C4FE6 (d0, q0, r0, m0, 'healthcheck', ... (2 bytes))
2025-11-25T13:54:05: Received DISCONNECT from auto-84C6432E-597E-C24D-EA2C-7346C56C4FE6
2025-11-25T13:54:05: Client auto-84C6432E-597E-C24D-EA2C-7346C56C4FE6 disconnected.
2025-11-25T13:54:14: Received PINGREQ from auto-D976E7C5-7894-C9F3-2CD6-41E6AD2E4152
2025-11-25T13:54:14: Sending PINGRESP to auto-D976E7C5-7894-C9F3-2CD6-41E6AD2E4152
2025-11-25T13:54:20: New connection from ::1:56634 on port 1883.
2025-11-25T13:54:20: New client connected from ::1:56634 as auto-67F511D6-65F1-BBEC-D070-C50A6FAE3501 (p2, c1, k60).
2025-11-25T13:54:20: No will message specified.
2025-11-25T13:54:20: Sending CONNACK to auto-67F511D6-65F1-BBEC-D070-C50A6FAE3501 (0, 0)
2025-11-25T13:54:20: Received PUBLISH from auto-67F511D6-65F1-BBEC-D070-C50A6FAE3501 (d0, q0, r0, m0, 'healthcheck', ... (2 bytes))
2025-11-25T13:54:20: Received DISCONNECT from auto-67F511D6-65F1-BBEC-D070-C50A6FAE3501
2025-11-25T13:54:20: Client auto-67F511D6-65F1-BBEC-D070-C50A6FAE3501 disconnected.
2025-11-25T13:54:35: New connection from ::1:58910 on port 1883.
2025-11-25T13:54:35: New client connected from ::1:58910 as auto-1C14557B-08A0-DA7D-E704-858B0F1913AB (p2, c1, k60).
2025-11-25T13:54:35: No will message specified.
2025-11-25T13:54:35: Sending CONNACK to auto-1C14557B-08A0-DA7D-E704-858B0F1913AB (0, 0)
2025-11-25T13:54:35: Received PUBLISH from auto-1C14557B-08A0-DA7D-E704-858B0F1913AB (d0, q0, r0, m0, 'healthcheck', ... (2 bytes))
2025-11-25T13:54:35: Received DISCONNECT from auto-1C14557B-08A0-DA7D-E704-858B0F1913AB
2025-11-25T13:54:35: Client auto-1C14557B-08A0-DA7D-E704-858B0F1913AB disconnected.
2025-11-25T13:54:50: New connection from ::1:32872 on port 1883.
2025-11-25T13:54:50: New client connected from ::1:32872 as auto-24316E65-8B4B-B916-13EE-98A9E3877170 (p2, c1, k60).
2025-11-25T13:54:50: No will message specified.
2025-11-25T13:54:50: Sending CONNACK to auto-24316E65-8B4B-B916-13EE-98A9E3877170 (0, 0)
2025-11-25T13:54:50: Received PUBLISH from auto-24316E65-8B4B-B916-13EE-98A9E3877170 (d0, q0, r0, m0, 'healthcheck', ... (2 bytes))
2025-11-25T13:54:50: Received DISCONNECT from auto-24316E65-8B4B-B916-13EE-98A9E3877170
2025-11-25T13:54:50: Client auto-24316E65-8B4B-B916-13EE-98A9E3877170 disconnected.
2025-11-25T13:55:05: New connection from ::1:43614 on port 1883.
2025-11-25T13:55:05: New client connected from ::1:43614 as auto-134A878B-AF93-B748-4CC3-DCC2B1C89901 (p2, c1, k60).
2025-11-25T13:55:05: No will message specified.
2025-11-25T13:55:05: Sending CONNACK to auto-134A878B-AF93-B748-4CC3-DCC2B1C89901 (0, 0)
2025-11-25T13:55:05: Received PUBLISH from auto-134A878B-AF93-B748-4CC3-DCC2B1C89901 (d0, q0, r0, m0, 'healthcheck', ... (2 bytes))
2025-11-25T13:55:05: Received DISCONNECT from auto-134A878B-AF93-B748-4CC3-DCC2B1C89901
2025-11-25T13:55:05: Client auto-134A878B-AF93-B748-4CC3-DCC2B1C89901 disconnected.
2025-11-25T13:55:06: Client auto-D976E7C5-7894-C9F3-2CD6-41E6AD2E4152 closed its connection.
2025-11-25T13:55:06: mosquitto version 2.0.22 terminating
2025-11-25T13:55:06: Saving in-memory database to /mosquitto/data//mosquitto.db.
2025-11-25T13:57:27: mosquitto version 2.0.22 starting
2025-11-25T13:57:27: Config loaded from /mosquitto/config/mosquitto.conf.
2025-11-25T13:57:27: Opening ipv4 listen socket on port 1883.
2025-11-25T13:57:27: Opening ipv6 listen socket on port 1883.
2025-11-25T13:57:27: Opening websockets listen socket on port 9001.
2025-11-25T13:57:27: mosquitto version 2.0.22 running
2025-11-25T13:57:32: New connection from ::1:39208 on port 1883.
2025-11-25T13:57:32: New client connected from ::1:39208 as auto-AFCBF1AD-E844-EFFA-93B0-4BECB31226DE (p2, c1, k60).
2025-11-25T13:57:32: No will message specified.
2025-11-25T13:57:32: Sending CONNACK to auto-AFCBF1AD-E844-EFFA-93B0-4BECB31226DE (0, 0)
2025-11-25T13:57:32: Received PUBLISH from auto-AFCBF1AD-E844-EFFA-93B0-4BECB31226DE (d0, q0, r0, m0, 'healthcheck', ... (2 bytes))
2025-11-25T13:57:32: Received DISCONNECT from auto-AFCBF1AD-E844-EFFA-93B0-4BECB31226DE
2025-11-25T13:57:32: Client auto-AFCBF1AD-E844-EFFA-93B0-4BECB31226DE disconnected.
2025-11-25T13:57:47: New connection from ::1:48580 on port 1883.
2025-11-25T13:57:47: New client connected from ::1:48580 as auto-59B74DEB-E2A8-9B89-5F1C-56C4AF7755FF (p2, c1, k60).
2025-11-25T13:57:47: No will message specified.
2025-11-25T13:57:47: Sending CONNACK to auto-59B74DEB-E2A8-9B89-5F1C-56C4AF7755FF (0, 0)
2025-11-25T13:57:47: Received PUBLISH from auto-59B74DEB-E2A8-9B89-5F1C-56C4AF7755FF (d0, q0, r0, m0, 'healthcheck', ... (2 bytes))
2025-11-25T13:57:47: Received DISCONNECT from auto-59B74DEB-E2A8-9B89-5F1C-56C4AF7755FF
2025-11-25T13:57:47: Client auto-59B74DEB-E2A8-9B89-5F1C-56C4AF7755FF disconnected.
2025-11-25T13:58:02: New connection from ::1:34490 on port 1883.
2025-11-25T13:58:02: New client connected from ::1:34490 as auto-31E1F09F-69EF-B3D9-A765-FD3922C7A3CF (p2, c1, k60).
2025-11-25T13:58:02: No will message specified.
2025-11-25T13:58:02: Sending CONNACK to auto-31E1F09F-69EF-B3D9-A765-FD3922C7A3CF (0, 0)
2025-11-25T13:58:02: Received PUBLISH from auto-31E1F09F-69EF-B3D9-A765-FD3922C7A3CF (d0, q0, r0, m0, 'healthcheck', ... (2 bytes))
2025-11-25T13:58:02: Received DISCONNECT from auto-31E1F09F-69EF-B3D9-A765-FD3922C7A3CF
2025-11-25T13:58:02: Client auto-31E1F09F-69EF-B3D9-A765-FD3922C7A3CF disconnected.
2025-11-25T13:58:17: New connection from ::1:37996 on port 1883.
2025-11-25T13:58:17: New client connected from ::1:37996 as auto-107A56F4-690F-8F1E-60B0-D2E89636C868 (p2, c1, k60).
2025-11-25T13:58:17: No will message specified.
2025-11-25T13:58:17: Sending CONNACK to auto-107A56F4-690F-8F1E-60B0-D2E89636C868 (0, 0)
2025-11-25T13:58:17: Received PUBLISH from auto-107A56F4-690F-8F1E-60B0-D2E89636C868 (d0, q0, r0, m0, 'healthcheck', ... (2 bytes))
2025-11-25T13:58:17: Received DISCONNECT from auto-107A56F4-690F-8F1E-60B0-D2E89636C868
2025-11-25T13:58:17: Client auto-107A56F4-690F-8F1E-60B0-D2E89636C868 disconnected.
2025-11-25T13:58:32: New connection from ::1:51718 on port 1883.
2025-11-25T13:58:32: New client connected from ::1:51718 as auto-FFC55224-70B6-5634-50B6-B8FD649BD657 (p2, c1, k60).
2025-11-25T13:58:32: No will message specified.
2025-11-25T13:58:32: Sending CONNACK to auto-FFC55224-70B6-5634-50B6-B8FD649BD657 (0, 0)
2025-11-25T13:58:32: Received PUBLISH from auto-FFC55224-70B6-5634-50B6-B8FD649BD657 (d0, q0, r0, m0, 'healthcheck', ... (2 bytes))
2025-11-25T13:58:32: Received DISCONNECT from auto-FFC55224-70B6-5634-50B6-B8FD649BD657
2025-11-25T13:58:32: Client auto-FFC55224-70B6-5634-50B6-B8FD649BD657 disconnected.
2025-11-25T13:58:47: New connection from ::1:49886 on port 1883.
2025-11-25T13:58:47: New client connected from ::1:49886 as auto-BD0272CD-EFE5-4A8D-9301-C44B02C623C7 (p2, c1, k60).
2025-11-25T13:58:47: No will message specified.
2025-11-25T13:58:47: Sending CONNACK to auto-BD0272CD-EFE5-4A8D-9301-C44B02C623C7 (0, 0)
2025-11-25T13:58:47: Received PUBLISH from auto-BD0272CD-EFE5-4A8D-9301-C44B02C623C7 (d0, q0, r0, m0, 'healthcheck', ... (2 bytes))
2025-11-25T13:58:47: Received DISCONNECT from auto-BD0272CD-EFE5-4A8D-9301-C44B02C623C7
2025-11-25T13:58:47: Client auto-BD0272CD-EFE5-4A8D-9301-C44B02C623C7 disconnected.
2025-11-25T13:59:02: New connection from ::1:36256 on port 1883.
2025-11-25T13:59:02: New client connected from ::1:36256 as auto-F25C47A7-EAE5-F9F2-A5D1-31093DCD0AA6 (p2, c1, k60).
2025-11-25T13:59:02: No will message specified.
2025-11-25T13:59:02: Sending CONNACK to auto-F25C47A7-EAE5-F9F2-A5D1-31093DCD0AA6 (0, 0)
2025-11-25T13:59:02: Received PUBLISH from auto-F25C47A7-EAE5-F9F2-A5D1-31093DCD0AA6 (d0, q0, r0, m0, 'healthcheck', ... (2 bytes))
2025-11-25T13:59:02: Received DISCONNECT from auto-F25C47A7-EAE5-F9F2-A5D1-31093DCD0AA6
2025-11-25T13:59:02: Client auto-F25C47A7-EAE5-F9F2-A5D1-31093DCD0AA6 disconnected.
2025-11-25T13:59:17: New connection from ::1:46680 on port 1883.
2025-11-25T13:59:17: New client connected from ::1:46680 as auto-5B9C4846-1F68-9B52-57A0-FC0544D37376 (p2, c1, k60).
2025-11-25T13:59:17: No will message specified.
2025-11-25T13:59:17: Sending CONNACK to auto-5B9C4846-1F68-9B52-57A0-FC0544D37376 (0, 0)
2025-11-25T13:59:17: Received PUBLISH from auto-5B9C4846-1F68-9B52-57A0-FC0544D37376 (d0, q0, r0, m0, 'healthcheck', ... (2 bytes))
2025-11-25T13:59:17: Received DISCONNECT from auto-5B9C4846-1F68-9B52-57A0-FC0544D37376
2025-11-25T13:59:17: Client auto-5B9C4846-1F68-9B52-57A0-FC0544D37376 disconnected.
2025-11-25T13:59:33: New connection from ::1:52114 on port 1883.
2025-11-25T13:59:33: New client connected from ::1:52114 as auto-8620C491-838F-B773-93C8-6516D1F29D7E (p2, c1, k60).
2025-11-25T13:59:33: No will message specified.
2025-11-25T13:59:33: Sending CONNACK to auto-8620C491-838F-B773-93C8-6516D1F29D7E (0, 0)
2025-11-25T13:59:33: Received PUBLISH from auto-8620C491-838F-B773-93C8-6516D1F29D7E (d0, q0, r0, m0, 'healthcheck', ... (2 bytes))
2025-11-25T13:59:33: Received DISCONNECT from auto-8620C491-838F-B773-93C8-6516D1F29D7E
2025-11-25T13:59:33: Client auto-8620C491-838F-B773-93C8-6516D1F29D7E disconnected.
2025-11-25T13:59:38: mosquitto version 2.0.22 terminating
2025-11-25T13:59:38: Saving in-memory database to /mosquitto/data//mosquitto.db.
2025-11-25T14:01:32: mosquitto version 2.0.22 starting
2025-11-25T14:01:32: Config loaded from /mosquitto/config/mosquitto.conf.
2025-11-25T14:01:32: Opening ipv4 listen socket on port 1883.
2025-11-25T14:01:32: Opening ipv6 listen socket on port 1883.
2025-11-25T14:01:32: Opening websockets listen socket on port 9001.
2025-11-25T14:01:32: mosquitto version 2.0.22 running
2025-11-25T14:01:37: New connection from ::1:59228 on port 1883.
2025-11-25T14:01:37: New client connected from ::1:59228 as auto-13743FFD-CE17-93CC-5CA8-8F9006F21121 (p2, c1, k60).
2025-11-25T14:01:37: No will message specified.
2025-11-25T14:01:37: Sending CONNACK to auto-13743FFD-CE17-93CC-5CA8-8F9006F21121 (0, 0)
2025-11-25T14:01:37: Received PUBLISH from auto-13743FFD-CE17-93CC-5CA8-8F9006F21121 (d0, q0, r0, m0, 'healthcheck', ... (2 bytes))
2025-11-25T14:01:37: Received DISCONNECT from auto-13743FFD-CE17-93CC-5CA8-8F9006F21121
2025-11-25T14:01:37: Client auto-13743FFD-CE17-93CC-5CA8-8F9006F21121 disconnected.
2025-11-25T14:01:52: New connection from ::1:59954 on port 1883.
2025-11-25T14:01:52: New client connected from ::1:59954 as auto-0A15170D-FD50-74B2-7C33-939DDC8D67FA (p2, c1, k60).
2025-11-25T14:01:52: No will message specified.
2025-11-25T14:01:52: Sending CONNACK to auto-0A15170D-FD50-74B2-7C33-939DDC8D67FA (0, 0)
2025-11-25T14:01:52: Received PUBLISH from auto-0A15170D-FD50-74B2-7C33-939DDC8D67FA (d0, q0, r0, m0, 'healthcheck', ... (2 bytes))
2025-11-25T14:01:52: Received DISCONNECT from auto-0A15170D-FD50-74B2-7C33-939DDC8D67FA
2025-11-25T14:01:52: Client auto-0A15170D-FD50-74B2-7C33-939DDC8D67FA disconnected.
2025-11-25T14:02:07: New connection from ::1:53564 on port 1883.
2025-11-25T14:02:07: New client connected from ::1:53564 as auto-007CC2A2-CDA5-3E58-F97D-149622F1B542 (p2, c1, k60).
2025-11-25T14:02:07: No will message specified.
2025-11-25T14:02:07: Sending CONNACK to auto-007CC2A2-CDA5-3E58-F97D-149622F1B542 (0, 0)
2025-11-25T14:02:07: Received PUBLISH from auto-007CC2A2-CDA5-3E58-F97D-149622F1B542 (d0, q0, r0, m0, 'healthcheck', ... (2 bytes))
2025-11-25T14:02:07: Received DISCONNECT from auto-007CC2A2-CDA5-3E58-F97D-149622F1B542
2025-11-25T14:02:07: Client auto-007CC2A2-CDA5-3E58-F97D-149622F1B542 disconnected.
2025-11-25T14:02:22: New connection from ::1:51836 on port 1883.
2025-11-25T14:02:22: New client connected from ::1:51836 as auto-1F3D48A5-30B6-D3AE-DC17-B952D8D60C51 (p2, c1, k60).
2025-11-25T14:02:22: No will message specified.
2025-11-25T14:02:22: Sending CONNACK to auto-1F3D48A5-30B6-D3AE-DC17-B952D8D60C51 (0, 0)
2025-11-25T14:02:22: Received PUBLISH from auto-1F3D48A5-30B6-D3AE-DC17-B952D8D60C51 (d0, q0, r0, m0, 'healthcheck', ... (2 bytes))
2025-11-25T14:02:22: Received DISCONNECT from auto-1F3D48A5-30B6-D3AE-DC17-B952D8D60C51
2025-11-25T14:02:22: Client auto-1F3D48A5-30B6-D3AE-DC17-B952D8D60C51 disconnected.
2025-11-25T14:02:36: New connection from 172.22.0.5:58655 on port 1883.
2025-11-25T14:02:36: New client connected from 172.22.0.5:58655 as auto-A8E3F0A5-9651-0314-DC44-583CA470170B (p2, c1, k60).
2025-11-25T14:02:36: No will message specified.
2025-11-25T14:02:36: Sending CONNACK to auto-A8E3F0A5-9651-0314-DC44-583CA470170B (0, 0)
2025-11-25T14:02:36: Received SUBSCRIBE from auto-A8E3F0A5-9651-0314-DC44-583CA470170B
2025-11-25T14:02:36: 	spBv1.0/# (QoS 0)
2025-11-25T14:02:36: auto-A8E3F0A5-9651-0314-DC44-583CA470170B 0 spBv1.0/#
2025-11-25T14:02:36: Sending SUBACK to auto-A8E3F0A5-9651-0314-DC44-583CA470170B
2025-11-25T14:02:37: New connection from ::1:54576 on port 1883.
2025-11-25T14:02:37: New client connected from ::1:54576 as auto-4524CBA2-5804-A29B-8F60-5F9E68F3375D (p2, c1, k60).
2025-11-25T14:02:37: No will message specified.
2025-11-25T14:02:37: Sending CONNACK to auto-4524CBA2-5804-A29B-8F60-5F9E68F3375D (0, 0)
2025-11-25T14:02:37: Received PUBLISH from auto-4524CBA2-5804-A29B-8F60-5F9E68F3375D (d0, q0, r0, m0, 'healthcheck', ... (2 bytes))
2025-11-25T14:02:37: Received DISCONNECT from auto-4524CBA2-5804-A29B-8F60-5F9E68F3375D
2025-11-25T14:02:37: Client auto-4524CBA2-5804-A29B-8F60-5F9E68F3375D disconnected.
2025-11-25T14:02:52: New connection from ::1:56888 on port 1883.
2025-11-25T14:02:52: New client connected from ::1:56888 as auto-3868FAE2-F38A-04EE-2725-305775F4167D (p2, c1, k60).
2025-11-25T14:02:52: No will message specified.
2025-11-25T14:02:52: Sending CONNACK to auto-3868FAE2-F38A-04EE-2725-305775F4167D (0, 0)
2025-11-25T14:02:52: Received PUBLISH from auto-3868FAE2-F38A-04EE-2725-305775F4167D (d0, q0, r0, m0, 'healthcheck', ... (2 bytes))
2025-11-25T14:02:52: Received DISCONNECT from auto-3868FAE2-F38A-04EE-2725-305775F4167D
2025-11-25T14:02:52: Client auto-3868FAE2-F38A-04EE-2725-305775F4167D disconnected.
2025-11-25T14:03:07: New connection from ::1:39586 on port 1883.
2025-11-25T14:03:07: New client connected from ::1:39586 as auto-4E5BF6C8-51E0-0812-87EA-424B11230E41 (p2, c1, k60).
2025-11-25T14:03:07: No will message specified.
2025-11-25T14:03:07: Sending CONNACK to auto-4E5BF6C8-51E0-0812-87EA-424B11230E41 (0, 0)
2025-11-25T14:03:07: Received PUBLISH from auto-4E5BF6C8-51E0-0812-87EA-424B11230E41 (d0, q0, r0, m0, 'healthcheck', ... (2 bytes))
2025-11-25T14:03:07: Received DISCONNECT from auto-4E5BF6C8-51E0-0812-87EA-424B11230E41
2025-11-25T14:03:07: Client auto-4E5BF6C8-51E0-0812-87EA-424B11230E41 disconnected.
2025-11-25T14:03:22: New connection from ::1:56196 on port 1883.
2025-11-25T14:03:22: New client connected from ::1:56196 as auto-5EA32D17-CDF2-325F-41AC-6F96C8355921 (p2, c1, k60).
2025-11-25T14:03:22: No will message specified.
2025-11-25T14:03:22: Sending CONNACK to auto-5EA32D17-CDF2-325F-41AC-6F96C8355921 (0, 0)
2025-11-25T14:03:22: Received PUBLISH from auto-5EA32D17-CDF2-325F-41AC-6F96C8355921 (d0, q0, r0, m0, 'healthcheck', ... (2 bytes))
2025-11-25T14:03:22: Received DISCONNECT from auto-5EA32D17-CDF2-325F-41AC-6F96C8355921
2025-11-25T14:03:22: Client auto-5EA32D17-CDF2-325F-41AC-6F96C8355921 disconnected.
2025-11-25T14:03:36: Received PINGREQ from auto-A8E3F0A5-9651-0314-DC44-583CA470170B
2025-11-25T14:03:36: Sending PINGRESP to auto-A8E3F0A5-9651-0314-DC44-583CA470170B
2025-11-25T14:03:37: New connection from ::1:58036 on port 1883.
2025-11-25T14:03:37: New client connected from ::1:58036 as auto-9BA719D5-001F-0091-9913-46554C9DA733 (p2, c1, k60).
2025-11-25T14:03:37: No will message specified.
2025-11-25T14:03:37: Sending CONNACK to auto-9BA719D5-001F-0091-9913-46554C9DA733 (0, 0)
2025-11-25T14:03:37: Received PUBLISH from auto-9BA719D5-001F-0091-9913-46554C9DA733 (d0, q0, r0, m0, 'healthcheck', ... (2 bytes))
2025-11-25T14:03:37: Received DISCONNECT from auto-9BA719D5-001F-0091-9913-46554C9DA733
2025-11-25T14:03:37: Client auto-9BA719D5-001F-0091-9913-46554C9DA733 disconnected.
2025-11-25T14:03:52: New connection from ::1:46450 on port 1883.
2025-11-25T14:03:52: New client connected from ::1:46450 as auto-9FD5A871-1CE0-FADF-7618-15EEDED55788 (p2, c1, k60).
2025-11-25T14:03:52: No will message specified.
2025-11-25T14:03:52: Sending CONNACK to auto-9FD5A871-1CE0-FADF-7618-15EEDED55788 (0, 0)
2025-11-25T14:03:52: Received PUBLISH from auto-9FD5A871-1CE0-FADF-7618-15EEDED55788 (d0, q0, r0, m0, 'healthcheck', ... (2 bytes))
2025-11-25T14:03:52: Received DISCONNECT from auto-9FD5A871-1CE0-FADF-7618-15EEDED55788
2025-11-25T14:03:52: Client auto-9FD5A871-1CE0-FADF-7618-15EEDED55788 disconnected.
2025-11-25T14:04:07: New connection from ::1:59352 on port 1883.
2025-11-25T14:04:07: New client connected from ::1:59352 as auto-F8D90348-49E3-5535-9F5D-1E3D5DB95EFC (p2, c1, k60).
2025-11-25T14:04:07: No will message specified.
2025-11-25T14:04:07: Sending CONNACK to auto-F8D90348-49E3-5535-9F5D-1E3D5DB95EFC (0, 0)
2025-11-25T14:04:07: Received PUBLISH from auto-F8D90348-49E3-5535-9F5D-1E3D5DB95EFC (d0, q0, r0, m0, 'healthcheck', ... (2 bytes))
2025-11-25T14:04:07: Received DISCONNECT from auto-F8D90348-49E3-5535-9F5D-1E3D5DB95EFC
2025-11-25T14:04:07: Client auto-F8D90348-49E3-5535-9F5D-1E3D5DB95EFC disconnected.
2025-11-25T14:04:22: New connection from ::1:38790 on port 1883.
2025-11-25T14:04:22: New client connected from ::1:38790 as auto-D6E36168-E01B-016B-4625-45979B14EA38 (p2, c1, k60).
2025-11-25T14:04:22: No will message specified.
2025-11-25T14:04:22: Sending CONNACK to auto-D6E36168-E01B-016B-4625-45979B14EA38 (0, 0)
2025-11-25T14:04:22: Received PUBLISH from auto-D6E36168-E01B-016B-4625-45979B14EA38 (d0, q0, r0, m0, 'healthcheck', ... (2 bytes))
2025-11-25T14:04:22: Received DISCONNECT from auto-D6E36168-E01B-016B-4625-45979B14EA38
2025-11-25T14:04:22: Client auto-D6E36168-E01B-016B-4625-45979B14EA38 disconnected.
2025-11-25T14:04:36: Received PINGREQ from auto-A8E3F0A5-9651-0314-DC44-583CA470170B
2025-11-25T14:04:36: Sending PINGRESP to auto-A8E3F0A5-9651-0314-DC44-583CA470170B
2025-11-25T14:04:38: New connection from ::1:58874 on port 1883.
2025-11-25T14:04:38: New client connected from ::1:58874 as auto-F96B1CE8-71B0-BDA1-40DC-01F1F5BA1CBC (p2, c1, k60).
2025-11-25T14:04:38: No will message specified.
2025-11-25T14:04:38: Sending CONNACK to auto-F96B1CE8-71B0-BDA1-40DC-01F1F5BA1CBC (0, 0)
2025-11-25T14:04:38: Received PUBLISH from auto-F96B1CE8-71B0-BDA1-40DC-01F1F5BA1CBC (d0, q0, r0, m0, 'healthcheck', ... (2 bytes))
2025-11-25T14:04:38: Received DISCONNECT from auto-F96B1CE8-71B0-BDA1-40DC-01F1F5BA1CBC
2025-11-25T14:04:38: Client auto-F96B1CE8-71B0-BDA1-40DC-01F1F5BA1CBC disconnected.
2025-11-25T14:04:53: New connection from ::1:51306 on port 1883.
2025-11-25T14:04:53: New client connected from ::1:51306 as auto-B94F6BDE-8254-1690-9AA4-4185138F7008 (p2, c1, k60).
2025-11-25T14:04:53: No will message specified.
2025-11-25T14:04:53: Sending CONNACK to auto-B94F6BDE-8254-1690-9AA4-4185138F7008 (0, 0)
2025-11-25T14:04:53: Received PUBLISH from auto-B94F6BDE-8254-1690-9AA4-4185138F7008 (d0, q0, r0, m0, 'healthcheck', ... (2 bytes))
2025-11-25T14:04:53: Received DISCONNECT from auto-B94F6BDE-8254-1690-9AA4-4185138F7008
2025-11-25T14:04:53: Client auto-B94F6BDE-8254-1690-9AA4-4185138F7008 disconnected.
2025-11-25T14:05:08: New connection from ::1:45810 on port 1883.
2025-11-25T14:05:08: New client connected from ::1:45810 as auto-28987D32-502A-D6A9-105D-3C5EFF35C541 (p2, c1, k60).
2025-11-25T14:05:08: No will message specified.
2025-11-25T14:05:08: Sending CONNACK to auto-28987D32-502A-D6A9-105D-3C5EFF35C541 (0, 0)
2025-11-25T14:05:08: Received PUBLISH from auto-28987D32-502A-D6A9-105D-3C5EFF35C541 (d0, q0, r0, m0, 'healthcheck', ... (2 bytes))
2025-11-25T14:05:08: Received DISCONNECT from auto-28987D32-502A-D6A9-105D-3C5EFF35C541
2025-11-25T14:05:08: Client auto-28987D32-502A-D6A9-105D-3C5EFF35C541 disconnected.
2025-11-25T14:05:23: New connection from ::1:52202 on port 1883.
2025-11-25T14:05:23: New client connected from ::1:52202 as auto-26B23E95-1BBA-DB0B-85D3-3F15FE78528A (p2, c1, k60).
2025-11-25T14:05:23: No will message specified.
2025-11-25T14:05:23: Sending CONNACK to auto-26B23E95-1BBA-DB0B-85D3-3F15FE78528A (0, 0)
2025-11-25T14:05:23: Received PUBLISH from auto-26B23E95-1BBA-DB0B-85D3-3F15FE78528A (d0, q0, r0, m0, 'healthcheck', ... (2 bytes))
2025-11-25T14:05:23: Received DISCONNECT from auto-26B23E95-1BBA-DB0B-85D3-3F15FE78528A
2025-11-25T14:05:23: Client auto-26B23E95-1BBA-DB0B-85D3-3F15FE78528A disconnected.
2025-11-25T14:05:36: Received PINGREQ from auto-A8E3F0A5-9651-0314-DC44-583CA470170B
2025-11-25T14:05:36: Sending PINGRESP to auto-A8E3F0A5-9651-0314-DC44-583CA470170B
2025-11-25T14:05:38: New connection from ::1:34710 on port 1883.
2025-11-25T14:05:38: New client connected from ::1:34710 as auto-A40DED9F-BD5F-B9EF-1548-36B71BAAECFB (p2, c1, k60).
2025-11-25T14:05:38: No will message specified.
2025-11-25T14:05:38: Sending CONNACK to auto-A40DED9F-BD5F-B9EF-1548-36B71BAAECFB (0, 0)
2025-11-25T14:05:38: Received PUBLISH from auto-A40DED9F-BD5F-B9EF-1548-36B71BAAECFB (d0, q0, r0, m0, 'healthcheck', ... (2 bytes))
2025-11-25T14:05:38: Received DISCONNECT from auto-A40DED9F-BD5F-B9EF-1548-36B71BAAECFB
2025-11-25T14:05:38: Client auto-A40DED9F-BD5F-B9EF-1548-36B71BAAECFB disconnected.
2025-11-25T14:05:53: New connection from ::1:39856 on port 1883.
2025-11-25T14:05:53: New client connected from ::1:39856 as auto-C6D9A7E5-67BE-E5B0-E5E9-68326AC54CA7 (p2, c1, k60).
2025-11-25T14:05:53: No will message specified.
2025-11-25T14:05:53: Sending CONNACK to auto-C6D9A7E5-67BE-E5B0-E5E9-68326AC54CA7 (0, 0)
2025-11-25T14:05:53: Received PUBLISH from auto-C6D9A7E5-67BE-E5B0-E5E9-68326AC54CA7 (d0, q0, r0, m0, 'healthcheck', ... (2 bytes))
2025-11-25T14:05:53: Received DISCONNECT from auto-C6D9A7E5-67BE-E5B0-E5E9-68326AC54CA7
2025-11-25T14:05:53: Client auto-C6D9A7E5-67BE-E5B0-E5E9-68326AC54CA7 disconnected.
2025-11-25T14:06:08: New connection from ::1:41630 on port 1883.
2025-11-25T14:06:08: New client connected from ::1:41630 as auto-ABC28F50-61AF-49EA-71CB-864C88ED106F (p2, c1, k60).
2025-11-25T14:06:08: No will message specified.
2025-11-25T14:06:08: Sending CONNACK to auto-ABC28F50-61AF-49EA-71CB-864C88ED106F (0, 0)
2025-11-25T14:06:08: Received PUBLISH from auto-ABC28F50-61AF-49EA-71CB-864C88ED106F (d0, q0, r0, m0, 'healthcheck', ... (2 bytes))
2025-11-25T14:06:08: Received DISCONNECT from auto-ABC28F50-61AF-49EA-71CB-864C88ED106F
2025-11-25T14:06:08: Client auto-ABC28F50-61AF-49EA-71CB-864C88ED106F disconnected.
2025-11-25T14:06:23: New connection from ::1:45232 on port 1883.
2025-11-25T14:06:23: New client connected from ::1:45232 as auto-3C15DA6F-D2F8-CA4A-248C-AC7CB7CA5501 (p2, c1, k60).
2025-11-25T14:06:23: No will message specified.
2025-11-25T14:06:23: Sending CONNACK to auto-3C15DA6F-D2F8-CA4A-248C-AC7CB7CA5501 (0, 0)
2025-11-25T14:06:23: Received PUBLISH from auto-3C15DA6F-D2F8-CA4A-248C-AC7CB7CA5501 (d0, q0, r0, m0, 'healthcheck', ... (2 bytes))
2025-11-25T14:06:23: Received DISCONNECT from auto-3C15DA6F-D2F8-CA4A-248C-AC7CB7CA5501
2025-11-25T14:06:23: Client auto-3C15DA6F-D2F8-CA4A-248C-AC7CB7CA5501 disconnected.
2025-11-25T14:06:27: Client auto-A8E3F0A5-9651-0314-DC44-583CA470170B closed its connection.
2025-11-25T14:06:27: mosquitto version 2.0.22 terminating
2025-11-25T14:06:27: Saving in-memory database to /mosquitto/data//mosquitto.db.
2025-11-25T14:06:36: mosquitto version 2.0.22 starting
2025-11-25T14:06:36: Config loaded from /mosquitto/config/mosquitto.conf.
2025-11-25T14:06:36: Opening ipv4 listen socket on port 1883.
2025-11-25T14:06:36: Opening ipv6 listen socket on port 1883.
2025-11-25T14:06:36: Opening websockets listen socket on port 9001.
2025-11-25T14:06:36: mosquitto version 2.0.22 running
2025-11-25T14:06:41: New connection from ::1:37764 on port 1883.
2025-11-25T14:06:41: New client connected from ::1:37764 as auto-F9C8AF13-CA28-FB69-1BF9-98383A55736A (p2, c1, k60).
2025-11-25T14:06:41: No will message specified.
2025-11-25T14:06:41: Sending CONNACK to auto-F9C8AF13-CA28-FB69-1BF9-98383A55736A (0, 0)
2025-11-25T14:06:41: Received PUBLISH from auto-F9C8AF13-CA28-FB69-1BF9-98383A55736A (d0, q0, r0, m0, 'healthcheck', ... (2 bytes))
2025-11-25T14:06:41: Received DISCONNECT from auto-F9C8AF13-CA28-FB69-1BF9-98383A55736A
2025-11-25T14:06:41: Client auto-F9C8AF13-CA28-FB69-1BF9-98383A55736A disconnected.
2025-11-25T14:06:56: New connection from ::1:58000 on port 1883.
2025-11-25T14:06:56: New client connected from ::1:58000 as auto-944F194E-6C4A-2710-60C5-ED32C37CC45C (p2, c1, k60).
2025-11-25T14:06:56: No will message specified.
2025-11-25T14:06:56: Sending CONNACK to auto-944F194E-6C4A-2710-60C5-ED32C37CC45C (0, 0)
2025-11-25T14:06:56: Received PUBLISH from auto-944F194E-6C4A-2710-60C5-ED32C37CC45C (d0, q0, r0, m0, 'healthcheck', ... (2 bytes))
2025-11-25T14:06:56: Received DISCONNECT from auto-944F194E-6C4A-2710-60C5-ED32C37CC45C
2025-11-25T14:06:56: Client auto-944F194E-6C4A-2710-60C5-ED32C37CC45C disconnected.
2025-11-25T14:07:11: New connection from ::1:43152 on port 1883.
2025-11-25T14:07:11: New client connected from ::1:43152 as auto-4B8F4B16-BB97-5170-9B15-B672EFA9D8BF (p2, c1, k60).
2025-11-25T14:07:11: No will message specified.
2025-11-25T14:07:11: Sending CONNACK to auto-4B8F4B16-BB97-5170-9B15-B672EFA9D8BF (0, 0)
2025-11-25T14:07:11: Received PUBLISH from auto-4B8F4B16-BB97-5170-9B15-B672EFA9D8BF (d0, q0, r0, m0, 'healthcheck', ... (2 bytes))
2025-11-25T14:07:11: Received DISCONNECT from auto-4B8F4B16-BB97-5170-9B15-B672EFA9D8BF
2025-11-25T14:07:11: Client auto-4B8F4B16-BB97-5170-9B15-B672EFA9D8BF disconnected.
2025-11-25T14:07:26: New connection from ::1:53362 on port 1883.
2025-11-25T14:07:26: New client connected from ::1:53362 as auto-B9AB3BD5-6EE7-69C1-0E00-1ADDFAF15F45 (p2, c1, k60).
2025-11-25T14:07:26: No will message specified.
2025-11-25T14:07:26: Sending CONNACK to auto-B9AB3BD5-6EE7-69C1-0E00-1ADDFAF15F45 (0, 0)
2025-11-25T14:07:26: Received PUBLISH from auto-B9AB3BD5-6EE7-69C1-0E00-1ADDFAF15F45 (d0, q0, r0, m0, 'healthcheck', ... (2 bytes))
2025-11-25T14:07:26: Received DISCONNECT from auto-B9AB3BD5-6EE7-69C1-0E00-1ADDFAF15F45
2025-11-25T14:07:26: Client auto-B9AB3BD5-6EE7-69C1-0E00-1ADDFAF15F45 disconnected.
2025-11-25T14:07:40: New connection from 172.23.0.5:46809 on port 1883.
2025-11-25T14:07:40: New client connected from 172.23.0.5:46809 as auto-92BDD76A-5B78-74E0-31CE-998AD4BEF023 (p2, c1, k60).
2025-11-25T14:07:40: No will message specified.
2025-11-25T14:07:40: Sending CONNACK to auto-92BDD76A-5B78-74E0-31CE-998AD4BEF023 (0, 0)
2025-11-25T14:07:40: Received SUBSCRIBE from auto-92BDD76A-5B78-74E0-31CE-998AD4BEF023
2025-11-25T14:07:40: 	spBv1.0/# (QoS 0)
2025-11-25T14:07:40: auto-92BDD76A-5B78-74E0-31CE-998AD4BEF023 0 spBv1.0/#
2025-11-25T14:07:40: Sending SUBACK to auto-92BDD76A-5B78-74E0-31CE-998AD4BEF023
2025-11-25T14:07:41: New connection from ::1:59374 on port 1883.
2025-11-25T14:07:41: New client connected from ::1:59374 as auto-66348CE9-F14A-9146-8832-CB85C5C43621 (p2, c1, k60).
2025-11-25T14:07:41: No will message specified.
2025-11-25T14:07:41: Sending CONNACK to auto-66348CE9-F14A-9146-8832-CB85C5C43621 (0, 0)
2025-11-25T14:07:41: Received PUBLISH from auto-66348CE9-F14A-9146-8832-CB85C5C43621 (d0, q0, r0, m0, 'healthcheck', ... (2 bytes))
2025-11-25T14:07:41: Received DISCONNECT from auto-66348CE9-F14A-9146-8832-CB85C5C43621
2025-11-25T14:07:41: Client auto-66348CE9-F14A-9146-8832-CB85C5C43621 disconnected.
2025-11-25T14:07:56: New connection from ::1:52034 on port 1883.
2025-11-25T14:07:56: New client connected from ::1:52034 as auto-4267D495-5E61-5726-B099-A2413DB0BD4E (p2, c1, k60).
2025-11-25T14:07:56: No will message specified.
2025-11-25T14:07:56: Sending CONNACK to auto-4267D495-5E61-5726-B099-A2413DB0BD4E (0, 0)
2025-11-25T14:07:56: Received PUBLISH from auto-4267D495-5E61-5726-B099-A2413DB0BD4E (d0, q0, r0, m0, 'healthcheck', ... (2 bytes))
2025-11-25T14:07:56: Received DISCONNECT from auto-4267D495-5E61-5726-B099-A2413DB0BD4E
2025-11-25T14:07:56: Client auto-4267D495-5E61-5726-B099-A2413DB0BD4E disconnected.
2025-11-25T14:08:11: New connection from ::1:44830 on port 1883.
2025-11-25T14:08:11: New client connected from ::1:44830 as auto-696AA69B-EB68-9DE0-77B0-541A98F78D6B (p2, c1, k60).
2025-11-25T14:08:11: No will message specified.
2025-11-25T14:08:11: Sending CONNACK to auto-696AA69B-EB68-9DE0-77B0-541A98F78D6B (0, 0)
2025-11-25T14:08:11: Received PUBLISH from auto-696AA69B-EB68-9DE0-77B0-541A98F78D6B (d0, q0, r0, m0, 'healthcheck', ... (2 bytes))
2025-11-25T14:08:11: Received DISCONNECT from auto-696AA69B-EB68-9DE0-77B0-541A98F78D6B
2025-11-25T14:08:11: Client auto-696AA69B-EB68-9DE0-77B0-541A98F78D6B disconnected.
2025-11-25T14:08:26: New connection from ::1:44964 on port 1883.
2025-11-25T14:08:26: New client connected from ::1:44964 as auto-4455B5E7-0D92-EA09-1EF5-6CDB745C0939 (p2, c1, k60).
2025-11-25T14:08:26: No will message specified.
2025-11-25T14:08:26: Sending CONNACK to auto-4455B5E7-0D92-EA09-1EF5-6CDB745C0939 (0, 0)
2025-11-25T14:08:26: Received PUBLISH from auto-4455B5E7-0D92-EA09-1EF5-6CDB745C0939 (d0, q0, r0, m0, 'healthcheck', ... (2 bytes))
2025-11-25T14:08:26: Received DISCONNECT from auto-4455B5E7-0D92-EA09-1EF5-6CDB745C0939
2025-11-25T14:08:26: Client auto-4455B5E7-0D92-EA09-1EF5-6CDB745C0939 disconnected.
2025-11-25T14:08:40: Received PINGREQ from auto-92BDD76A-5B78-74E0-31CE-998AD4BEF023
2025-11-25T14:08:40: Sending PINGRESP to auto-92BDD76A-5B78-74E0-31CE-998AD4BEF023
2025-11-25T14:08:41: New connection from ::1:38134 on port 1883.
2025-11-25T14:08:41: New client connected from ::1:38134 as auto-96783FB3-9AB3-A38F-4471-65E91ED6EED8 (p2, c1, k60).
2025-11-25T14:08:41: No will message specified.
2025-11-25T14:08:41: Sending CONNACK to auto-96783FB3-9AB3-A38F-4471-65E91ED6EED8 (0, 0)
2025-11-25T14:08:41: Received PUBLISH from auto-96783FB3-9AB3-A38F-4471-65E91ED6EED8 (d0, q0, r0, m0, 'healthcheck', ... (2 bytes))
2025-11-25T14:08:41: Received DISCONNECT from auto-96783FB3-9AB3-A38F-4471-65E91ED6EED8
2025-11-25T14:08:41: Client auto-96783FB3-9AB3-A38F-4471-65E91ED6EED8 disconnected.
2025-11-25T14:08:57: New connection from ::1:39456 on port 1883.
2025-11-25T14:08:57: New client connected from ::1:39456 as auto-6A68DF96-92CD-011E-7F1B-66027D937CB2 (p2, c1, k60).
2025-11-25T14:08:57: No will message specified.
2025-11-25T14:08:57: Sending CONNACK to auto-6A68DF96-92CD-011E-7F1B-66027D937CB2 (0, 0)
2025-11-25T14:08:57: Received PUBLISH from auto-6A68DF96-92CD-011E-7F1B-66027D937CB2 (d0, q0, r0, m0, 'healthcheck', ... (2 bytes))
2025-11-25T14:08:57: Received DISCONNECT from auto-6A68DF96-92CD-011E-7F1B-66027D937CB2
2025-11-25T14:08:57: Client auto-6A68DF96-92CD-011E-7F1B-66027D937CB2 disconnected.
2025-11-25T14:09:12: New connection from ::1:50472 on port 1883.
2025-11-25T14:09:12: New client connected from ::1:50472 as auto-25ECC8B9-99D7-1EDF-B4BF-40266832FA37 (p2, c1, k60).
2025-11-25T14:09:12: No will message specified.
2025-11-25T14:09:12: Sending CONNACK to auto-25ECC8B9-99D7-1EDF-B4BF-40266832FA37 (0, 0)
2025-11-25T14:09:12: Received PUBLISH from auto-25ECC8B9-99D7-1EDF-B4BF-40266832FA37 (d0, q0, r0, m0, 'healthcheck', ... (2 bytes))
2025-11-25T14:09:12: Received DISCONNECT from auto-25ECC8B9-99D7-1EDF-B4BF-40266832FA37
2025-11-25T14:09:12: Client auto-25ECC8B9-99D7-1EDF-B4BF-40266832FA37 disconnected.
2025-11-25T14:09:27: New connection from ::1:34360 on port 1883.
2025-11-25T14:09:27: New client connected from ::1:34360 as auto-5FDD66D7-F5A0-694C-8B1E-006D111E9221 (p2, c1, k60).
2025-11-25T14:09:27: No will message specified.
2025-11-25T14:09:27: Sending CONNACK to auto-5FDD66D7-F5A0-694C-8B1E-006D111E9221 (0, 0)
2025-11-25T14:09:27: Received PUBLISH from auto-5FDD66D7-F5A0-694C-8B1E-006D111E9221 (d0, q0, r0, m0, 'healthcheck', ... (2 bytes))
2025-11-25T14:09:27: Received DISCONNECT from auto-5FDD66D7-F5A0-694C-8B1E-006D111E9221
2025-11-25T14:09:27: Client auto-5FDD66D7-F5A0-694C-8B1E-006D111E9221 disconnected.
2025-11-25T14:09:40: Received PINGREQ from auto-92BDD76A-5B78-74E0-31CE-998AD4BEF023
2025-11-25T14:09:40: Sending PINGRESP to auto-92BDD76A-5B78-74E0-31CE-998AD4BEF023
2025-11-25T14:09:42: New connection from ::1:39964 on port 1883.
2025-11-25T14:09:42: New client connected from ::1:39964 as auto-98A4443A-E4DC-4042-4DEB-D35CD0FD2032 (p2, c1, k60).
2025-11-25T14:09:42: No will message specified.
2025-11-25T14:09:42: Sending CONNACK to auto-98A4443A-E4DC-4042-4DEB-D35CD0FD2032 (0, 0)
2025-11-25T14:09:42: Received PUBLISH from auto-98A4443A-E4DC-4042-4DEB-D35CD0FD2032 (d0, q0, r0, m0, 'healthcheck', ... (2 bytes))
2025-11-25T14:09:42: Received DISCONNECT from auto-98A4443A-E4DC-4042-4DEB-D35CD0FD2032
2025-11-25T14:09:42: Client auto-98A4443A-E4DC-4042-4DEB-D35CD0FD2032 disconnected.
2025-11-25T14:09:57: New connection from ::1:54640 on port 1883.
2025-11-25T14:09:57: New client connected from ::1:54640 as auto-D6E9A9A8-404A-F98A-3213-CE3D82285978 (p2, c1, k60).
2025-11-25T14:09:57: No will message specified.
2025-11-25T14:09:57: Sending CONNACK to auto-D6E9A9A8-404A-F98A-3213-CE3D82285978 (0, 0)
2025-11-25T14:09:57: Received PUBLISH from auto-D6E9A9A8-404A-F98A-3213-CE3D82285978 (d0, q0, r0, m0, 'healthcheck', ... (2 bytes))
2025-11-25T14:09:57: Received DISCONNECT from auto-D6E9A9A8-404A-F98A-3213-CE3D82285978
2025-11-25T14:09:57: Client auto-D6E9A9A8-404A-F98A-3213-CE3D82285978 disconnected.
2025-11-25T14:10:12: New connection from ::1:35626 on port 1883.
2025-11-25T14:10:12: New client connected from ::1:35626 as auto-108A5F7C-A3EF-49A9-ACAA-1D528780E6B4 (p2, c1, k60).
2025-11-25T14:10:12: No will message specified.
2025-11-25T14:10:12: Sending CONNACK to auto-108A5F7C-A3EF-49A9-ACAA-1D528780E6B4 (0, 0)
2025-11-25T14:10:12: Received PUBLISH from auto-108A5F7C-A3EF-49A9-ACAA-1D528780E6B4 (d0, q0, r0, m0, 'healthcheck', ... (2 bytes))
2025-11-25T14:10:12: Received DISCONNECT from auto-108A5F7C-A3EF-49A9-ACAA-1D528780E6B4
2025-11-25T14:10:12: Client auto-108A5F7C-A3EF-49A9-ACAA-1D528780E6B4 disconnected.
2025-11-25T14:10:27: New connection from ::1:45094 on port 1883.
2025-11-25T14:10:27: New client connected from ::1:45094 as auto-D396B02E-E952-8319-ACC2-3B64A8B23819 (p2, c1, k60).
2025-11-25T14:10:27: No will message specified.
2025-11-25T14:10:27: Sending CONNACK to auto-D396B02E-E952-8319-ACC2-3B64A8B23819 (0, 0)
2025-11-25T14:10:27: Received PUBLISH from auto-D396B02E-E952-8319-ACC2-3B64A8B23819 (d0, q0, r0, m0, 'healthcheck', ... (2 bytes))
2025-11-25T14:10:27: Received DISCONNECT from auto-D396B02E-E952-8319-ACC2-3B64A8B23819
2025-11-25T14:10:27: Client auto-D396B02E-E952-8319-ACC2-3B64A8B23819 disconnected.
2025-11-25T14:10:40: Received PINGREQ from auto-92BDD76A-5B78-74E0-31CE-998AD4BEF023
2025-11-25T14:10:40: Sending PINGRESP to auto-92BDD76A-5B78-74E0-31CE-998AD4BEF023
2025-11-25T14:10:42: New connection from ::1:43302 on port 1883.
2025-11-25T14:10:42: New client connected from ::1:43302 as auto-2FF2EBFD-479F-7B36-FAA7-D9F441941E7B (p2, c1, k60).
2025-11-25T14:10:42: No will message specified.
2025-11-25T14:10:42: Sending CONNACK to auto-2FF2EBFD-479F-7B36-FAA7-D9F441941E7B (0, 0)
2025-11-25T14:10:42: Received PUBLISH from auto-2FF2EBFD-479F-7B36-FAA7-D9F441941E7B (d0, q0, r0, m0, 'healthcheck', ... (2 bytes))
2025-11-25T14:10:42: Received DISCONNECT from auto-2FF2EBFD-479F-7B36-FAA7-D9F441941E7B
2025-11-25T14:10:42: Client auto-2FF2EBFD-479F-7B36-FAA7-D9F441941E7B disconnected.
2025-11-25T14:10:57: New connection from ::1:52300 on port 1883.
2025-11-25T14:10:57: New client connected from ::1:52300 as auto-6C1EAD9B-D13C-79AA-DA9F-8656ECC17C78 (p2, c1, k60).
2025-11-25T14:10:57: No will message specified.
2025-11-25T14:10:57: Sending CONNACK to auto-6C1EAD9B-D13C-79AA-DA9F-8656ECC17C78 (0, 0)
2025-11-25T14:10:57: Received PUBLISH from auto-6C1EAD9B-D13C-79AA-DA9F-8656ECC17C78 (d0, q0, r0, m0, 'healthcheck', ... (2 bytes))
2025-11-25T14:10:57: Received DISCONNECT from auto-6C1EAD9B-D13C-79AA-DA9F-8656ECC17C78
2025-11-25T14:10:57: Client auto-6C1EAD9B-D13C-79AA-DA9F-8656ECC17C78 disconnected.
2025-11-25T14:11:12: New connection from ::1:57922 on port 1883.
2025-11-25T14:11:12: New client connected from ::1:57922 as auto-31319529-EC8E-20C1-0311-26EBA60881EC (p2, c1, k60).
2025-11-25T14:11:12: No will message specified.
2025-11-25T14:11:12: Sending CONNACK to auto-31319529-EC8E-20C1-0311-26EBA60881EC (0, 0)
2025-11-25T14:11:12: Received PUBLISH from auto-31319529-EC8E-20C1-0311-26EBA60881EC (d0, q0, r0, m0, 'healthcheck', ... (2 bytes))
2025-11-25T14:11:12: Received DISCONNECT from auto-31319529-EC8E-20C1-0311-26EBA60881EC
2025-11-25T14:11:12: Client auto-31319529-EC8E-20C1-0311-26EBA60881EC disconnected.
2025-11-25T14:11:27: New connection from ::1:60652 on port 1883.
2025-11-25T14:11:27: New client connected from ::1:60652 as auto-4D463271-C9BF-3E84-0842-D4421B190873 (p2, c1, k60).
2025-11-25T14:11:27: No will message specified.
2025-11-25T14:11:27: Sending CONNACK to auto-4D463271-C9BF-3E84-0842-D4421B190873 (0, 0)
2025-11-25T14:11:27: Received PUBLISH from auto-4D463271-C9BF-3E84-0842-D4421B190873 (d0, q0, r0, m0, 'healthcheck', ... (2 bytes))
2025-11-25T14:11:27: Received DISCONNECT from auto-4D463271-C9BF-3E84-0842-D4421B190873
2025-11-25T14:11:27: Client auto-4D463271-C9BF-3E84-0842-D4421B190873 disconnected.
2025-11-25T14:11:28: Client auto-92BDD76A-5B78-74E0-31CE-998AD4BEF023 closed its connection.
2025-11-25T14:11:28: mosquitto version 2.0.22 terminating
2025-11-25T14:11:28: Saving in-memory database to /mosquitto/data//mosquitto.db.
2025-11-25T14:13:03: mosquitto version 2.0.22 starting
2025-11-25T14:13:03: Config loaded from /mosquitto/config/mosquitto.conf.
2025-11-25T14:13:03: Opening ipv4 listen socket on port 1883.
2025-11-25T14:13:03: Opening ipv6 listen socket on port 1883.
2025-11-25T14:13:03: Opening websockets listen socket on port 9001.
2025-11-25T14:13:03: mosquitto version 2.0.22 running
2025-11-25T14:13:08: New connection from ::1:40676 on port 1883.
2025-11-25T14:13:08: New client connected from ::1:40676 as auto-758D812F-893B-FD5B-5DF0-901F56521281 (p2, c1, k60).
2025-11-25T14:13:08: No will message specified.
2025-11-25T14:13:08: Sending CONNACK to auto-758D812F-893B-FD5B-5DF0-901F56521281 (0, 0)
2025-11-25T14:13:08: Received PUBLISH from auto-758D812F-893B-FD5B-5DF0-901F56521281 (d0, q0, r0, m0, 'healthcheck', ... (2 bytes))
2025-11-25T14:13:08: Received DISCONNECT from auto-758D812F-893B-FD5B-5DF0-901F56521281
2025-11-25T14:13:08: Client auto-758D812F-893B-FD5B-5DF0-901F56521281 disconnected.
2025-11-25T14:13:23: New connection from ::1:34022 on port 1883.
2025-11-25T14:13:23: New client connected from ::1:34022 as auto-341B059F-136D-3C14-1C85-297D532C041F (p2, c1, k60).
2025-11-25T14:13:23: No will message specified.
2025-11-25T14:13:23: Sending CONNACK to auto-341B059F-136D-3C14-1C85-297D532C041F (0, 0)
2025-11-25T14:13:23: Received PUBLISH from auto-341B059F-136D-3C14-1C85-297D532C041F (d0, q0, r0, m0, 'healthcheck', ... (2 bytes))
2025-11-25T14:13:23: Received DISCONNECT from auto-341B059F-136D-3C14-1C85-297D532C041F
2025-11-25T14:13:23: Client auto-341B059F-136D-3C14-1C85-297D532C041F disconnected.
2025-11-25T14:13:38: New connection from ::1:50718 on port 1883.
2025-11-25T14:13:38: New client connected from ::1:50718 as auto-603A826F-0ECD-4858-64D1-5F0B78033798 (p2, c1, k60).
2025-11-25T14:13:38: No will message specified.
2025-11-25T14:13:38: Sending CONNACK to auto-603A826F-0ECD-4858-64D1-5F0B78033798 (0, 0)
2025-11-25T14:13:38: Received PUBLISH from auto-603A826F-0ECD-4858-64D1-5F0B78033798 (d0, q0, r0, m0, 'healthcheck', ... (2 bytes))
2025-11-25T14:13:38: Received DISCONNECT from auto-603A826F-0ECD-4858-64D1-5F0B78033798
2025-11-25T14:13:38: Client auto-603A826F-0ECD-4858-64D1-5F0B78033798 disconnected.
2025-11-25T14:13:53: New connection from ::1:53612 on port 1883.
2025-11-25T14:13:53: New client connected from ::1:53612 as auto-87322B5E-7F3A-9F5D-1B58-EE4280FCC168 (p2, c1, k60).
2025-11-25T14:13:53: No will message specified.
2025-11-25T14:13:53: Sending CONNACK to auto-87322B5E-7F3A-9F5D-1B58-EE4280FCC168 (0, 0)
2025-11-25T14:13:53: Received PUBLISH from auto-87322B5E-7F3A-9F5D-1B58-EE4280FCC168 (d0, q0, r0, m0, 'healthcheck', ... (2 bytes))
2025-11-25T14:13:53: Received DISCONNECT from auto-87322B5E-7F3A-9F5D-1B58-EE4280FCC168
2025-11-25T14:13:53: Client auto-87322B5E-7F3A-9F5D-1B58-EE4280FCC168 disconnected.
2025-11-25T14:14:08: New connection from ::1:59730 on port 1883.
2025-11-25T14:14:08: New client connected from ::1:59730 as auto-7E1C68A5-0FD0-0ED3-7489-8A256ABC9FCE (p2, c1, k60).
2025-11-25T14:14:08: No will message specified.
2025-11-25T14:14:08: Sending CONNACK to auto-7E1C68A5-0FD0-0ED3-7489-8A256ABC9FCE (0, 0)
2025-11-25T14:14:08: Received PUBLISH from auto-7E1C68A5-0FD0-0ED3-7489-8A256ABC9FCE (d0, q0, r0, m0, 'healthcheck', ... (2 bytes))
2025-11-25T14:14:08: Received DISCONNECT from auto-7E1C68A5-0FD0-0ED3-7489-8A256ABC9FCE
2025-11-25T14:14:08: Client auto-7E1C68A5-0FD0-0ED3-7489-8A256ABC9FCE disconnected.
2025-11-25T14:14:23: New connection from ::1:49870 on port 1883.
2025-11-25T14:14:23: New client connected from ::1:49870 as auto-6AE046BE-BDA9-B9E8-4EFD-381FE5F219AD (p2, c1, k60).
2025-11-25T14:14:23: No will message specified.
2025-11-25T14:14:23: Sending CONNACK to auto-6AE046BE-BDA9-B9E8-4EFD-381FE5F219AD (0, 0)
2025-11-25T14:14:23: Received PUBLISH from auto-6AE046BE-BDA9-B9E8-4EFD-381FE5F219AD (d0, q0, r0, m0, 'healthcheck', ... (2 bytes))
2025-11-25T14:14:23: Received DISCONNECT from auto-6AE046BE-BDA9-B9E8-4EFD-381FE5F219AD
2025-11-25T14:14:23: Client auto-6AE046BE-BDA9-B9E8-4EFD-381FE5F219AD disconnected.
2025-11-25T14:14:38: New connection from ::1:39532 on port 1883.
2025-11-25T14:14:38: New client connected from ::1:39532 as auto-1EC6599A-A557-CE5E-4B1B-26C1F75A9AC2 (p2, c1, k60).
2025-11-25T14:14:38: No will message specified.
2025-11-25T14:14:38: Sending CONNACK to auto-1EC6599A-A557-CE5E-4B1B-26C1F75A9AC2 (0, 0)
2025-11-25T14:14:38: Received PUBLISH from auto-1EC6599A-A557-CE5E-4B1B-26C1F75A9AC2 (d0, q0, r0, m0, 'healthcheck', ... (2 bytes))
2025-11-25T14:14:38: Received DISCONNECT from auto-1EC6599A-A557-CE5E-4B1B-26C1F75A9AC2
2025-11-25T14:14:38: Client auto-1EC6599A-A557-CE5E-4B1B-26C1F75A9AC2 disconnected.
2025-11-25T14:14:53: New connection from ::1:42600 on port 1883.
2025-11-25T14:14:53: New client connected from ::1:42600 as auto-29A5C52F-2FA3-8B37-6913-CDD24E8F3E5D (p2, c1, k60).
2025-11-25T14:14:53: No will message specified.
2025-11-25T14:14:53: Sending CONNACK to auto-29A5C52F-2FA3-8B37-6913-CDD24E8F3E5D (0, 0)
2025-11-25T14:14:53: Received PUBLISH from auto-29A5C52F-2FA3-8B37-6913-CDD24E8F3E5D (d0, q0, r0, m0, 'healthcheck', ... (2 bytes))
2025-11-25T14:14:53: Received DISCONNECT from auto-29A5C52F-2FA3-8B37-6913-CDD24E8F3E5D
2025-11-25T14:14:53: Client auto-29A5C52F-2FA3-8B37-6913-CDD24E8F3E5D disconnected.
2025-11-25T14:15:08: New connection from ::1:42170 on port 1883.
2025-11-25T14:15:08: New client connected from ::1:42170 as auto-6512F0EF-9D70-138D-F8A5-9FF8A21F4624 (p2, c1, k60).
2025-11-25T14:15:08: No will message specified.
2025-11-25T14:15:08: Sending CONNACK to auto-6512F0EF-9D70-138D-F8A5-9FF8A21F4624 (0, 0)
2025-11-25T14:15:08: Received PUBLISH from auto-6512F0EF-9D70-138D-F8A5-9FF8A21F4624 (d0, q0, r0, m0, 'healthcheck', ... (2 bytes))
2025-11-25T14:15:08: Received DISCONNECT from auto-6512F0EF-9D70-138D-F8A5-9FF8A21F4624
2025-11-25T14:15:08: Client auto-6512F0EF-9D70-138D-F8A5-9FF8A21F4624 disconnected.
2025-11-25T14:15:23: New connection from ::1:35762 on port 1883.
2025-11-25T14:15:23: New client connected from ::1:35762 as auto-E1AC9BD8-4795-D744-1245-0D1F4DEFD787 (p2, c1, k60).
2025-11-25T14:15:23: No will message specified.
2025-11-25T14:15:23: Sending CONNACK to auto-E1AC9BD8-4795-D744-1245-0D1F4DEFD787 (0, 0)
2025-11-25T14:15:23: Received PUBLISH from auto-E1AC9BD8-4795-D744-1245-0D1F4DEFD787 (d0, q0, r0, m0, 'healthcheck', ... (2 bytes))
2025-11-25T14:15:23: Received DISCONNECT from auto-E1AC9BD8-4795-D744-1245-0D1F4DEFD787
2025-11-25T14:15:23: Client auto-E1AC9BD8-4795-D744-1245-0D1F4DEFD787 disconnected.
2025-11-25T14:15:38: New connection from ::1:41766 on port 1883.
2025-11-25T14:15:38: New client connected from ::1:41766 as auto-7D28FC17-6137-C61F-C662-A69845CC79D8 (p2, c1, k60).
2025-11-25T14:15:38: No will message specified.
2025-11-25T14:15:38: Sending CONNACK to auto-7D28FC17-6137-C61F-C662-A69845CC79D8 (0, 0)
2025-11-25T14:15:38: Received PUBLISH from auto-7D28FC17-6137-C61F-C662-A69845CC79D8 (d0, q0, r0, m0, 'healthcheck', ... (2 bytes))
2025-11-25T14:15:38: Received DISCONNECT from auto-7D28FC17-6137-C61F-C662-A69845CC79D8
2025-11-25T14:15:38: Client auto-7D28FC17-6137-C61F-C662-A69845CC79D8 disconnected.
2025-11-25T14:15:53: New connection from ::1:45714 on port 1883.
2025-11-25T14:15:53: New client connected from ::1:45714 as auto-5D465B81-BC36-55D3-A64F-F8A596B15364 (p2, c1, k60).
2025-11-25T14:15:53: No will message specified.
2025-11-25T14:15:53: Sending CONNACK to auto-5D465B81-BC36-55D3-A64F-F8A596B15364 (0, 0)
2025-11-25T14:15:53: Received PUBLISH from auto-5D465B81-BC36-55D3-A64F-F8A596B15364 (d0, q0, r0, m0, 'healthcheck', ... (2 bytes))
2025-11-25T14:15:53: Received DISCONNECT from auto-5D465B81-BC36-55D3-A64F-F8A596B15364
2025-11-25T14:15:53: Client auto-5D465B81-BC36-55D3-A64F-F8A596B15364 disconnected.
2025-11-25T14:16:08: New connection from ::1:48076 on port 1883.
2025-11-25T14:16:08: New client connected from ::1:48076 as auto-ACD18CBE-E6C8-FA32-36C5-434B340BF4D3 (p2, c1, k60).
2025-11-25T14:16:08: No will message specified.
2025-11-25T14:16:08: Sending CONNACK to auto-ACD18CBE-E6C8-FA32-36C5-434B340BF4D3 (0, 0)
2025-11-25T14:16:08: Received PUBLISH from auto-ACD18CBE-E6C8-FA32-36C5-434B340BF4D3 (d0, q0, r0, m0, 'healthcheck', ... (2 bytes))
2025-11-25T14:16:08: Received DISCONNECT from auto-ACD18CBE-E6C8-FA32-36C5-434B340BF4D3
2025-11-25T14:16:08: Client auto-ACD18CBE-E6C8-FA32-36C5-434B340BF4D3 disconnected.
2025-11-25T14:16:24: New connection from ::1:47672 on port 1883.
2025-11-25T14:16:24: New client connected from ::1:47672 as auto-F3000E97-0800-B27E-D85E-5A9C85055137 (p2, c1, k60).
2025-11-25T14:16:24: No will message specified.
2025-11-25T14:16:24: Sending CONNACK to auto-F3000E97-0800-B27E-D85E-5A9C85055137 (0, 0)
2025-11-25T14:16:24: Received PUBLISH from auto-F3000E97-0800-B27E-D85E-5A9C85055137 (d0, q0, r0, m0, 'healthcheck', ... (2 bytes))
2025-11-25T14:16:24: Received DISCONNECT from auto-F3000E97-0800-B27E-D85E-5A9C85055137
2025-11-25T14:16:24: Client auto-F3000E97-0800-B27E-D85E-5A9C85055137 disconnected.
2025-11-25T14:16:39: New connection from ::1:59522 on port 1883.
2025-11-25T14:16:39: New client connected from ::1:59522 as auto-81BD61EA-A774-9CDF-3439-3E97964286E3 (p2, c1, k60).
2025-11-25T14:16:39: No will message specified.
2025-11-25T14:16:39: Sending CONNACK to auto-81BD61EA-A774-9CDF-3439-3E97964286E3 (0, 0)
2025-11-25T14:16:39: Received PUBLISH from auto-81BD61EA-A774-9CDF-3439-3E97964286E3 (d0, q0, r0, m0, 'healthcheck', ... (2 bytes))
2025-11-25T14:16:39: Received DISCONNECT from auto-81BD61EA-A774-9CDF-3439-3E97964286E3
2025-11-25T14:16:39: Client auto-81BD61EA-A774-9CDF-3439-3E97964286E3 disconnected.
2025-11-25T14:16:54: New connection from ::1:40532 on port 1883.
2025-11-25T14:16:54: New client connected from ::1:40532 as auto-4ED63560-E2F1-C729-EDA6-DD410583F004 (p2, c1, k60).
2025-11-25T14:16:54: No will message specified.
2025-11-25T14:16:54: Sending CONNACK to auto-4ED63560-E2F1-C729-EDA6-DD410583F004 (0, 0)
2025-11-25T14:16:54: Received PUBLISH from auto-4ED63560-E2F1-C729-EDA6-DD410583F004 (d0, q0, r0, m0, 'healthcheck', ... (2 bytes))
2025-11-25T14:16:54: Received DISCONNECT from auto-4ED63560-E2F1-C729-EDA6-DD410583F004
2025-11-25T14:16:54: Client auto-4ED63560-E2F1-C729-EDA6-DD410583F004 disconnected.
2025-11-25T14:17:09: New connection from ::1:53146 on port 1883.
2025-11-25T14:17:09: New client connected from ::1:53146 as auto-94BA4E00-1067-FE2F-1319-8C66164DD17C (p2, c1, k60).
2025-11-25T14:17:09: No will message specified.
2025-11-25T14:17:09: Sending CONNACK to auto-94BA4E00-1067-FE2F-1319-8C66164DD17C (0, 0)
2025-11-25T14:17:09: Received PUBLISH from auto-94BA4E00-1067-FE2F-1319-8C66164DD17C (d0, q0, r0, m0, 'healthcheck', ... (2 bytes))
2025-11-25T14:17:09: Received DISCONNECT from auto-94BA4E00-1067-FE2F-1319-8C66164DD17C
2025-11-25T14:17:09: Client auto-94BA4E00-1067-FE2F-1319-8C66164DD17C disconnected.
2025-11-25T14:17:24: New connection from ::1:42152 on port 1883.
2025-11-25T14:17:24: New client connected from ::1:42152 as auto-9916E212-A9AC-B122-0830-2F57F11DE644 (p2, c1, k60).
2025-11-25T14:17:24: No will message specified.
2025-11-25T14:17:24: Sending CONNACK to auto-9916E212-A9AC-B122-0830-2F57F11DE644 (0, 0)
2025-11-25T14:17:24: Received PUBLISH from auto-9916E212-A9AC-B122-0830-2F57F11DE644 (d0, q0, r0, m0, 'healthcheck', ... (2 bytes))
2025-11-25T14:17:24: Received DISCONNECT from auto-9916E212-A9AC-B122-0830-2F57F11DE644
2025-11-25T14:17:24: Client auto-9916E212-A9AC-B122-0830-2F57F11DE644 disconnected.
2025-11-25T14:17:39: New connection from ::1:44946 on port 1883.
2025-11-25T14:17:39: New client connected from ::1:44946 as auto-6B8E31F2-0040-5620-E47F-81BD12FFD6B1 (p2, c1, k60).
2025-11-25T14:17:39: No will message specified.
2025-11-25T14:17:39: Sending CONNACK to auto-6B8E31F2-0040-5620-E47F-81BD12FFD6B1 (0, 0)
2025-11-25T14:17:39: Received PUBLISH from auto-6B8E31F2-0040-5620-E47F-81BD12FFD6B1 (d0, q0, r0, m0, 'healthcheck', ... (2 bytes))
2025-11-25T14:17:39: Received DISCONNECT from auto-6B8E31F2-0040-5620-E47F-81BD12FFD6B1
2025-11-25T14:17:39: Client auto-6B8E31F2-0040-5620-E47F-81BD12FFD6B1 disconnected.
2025-11-25T14:17:54: New connection from ::1:53976 on port 1883.
2025-11-25T14:17:54: New client connected from ::1:53976 as auto-DBDAB3FE-808D-143F-2B42-979F5B42299B (p2, c1, k60).
2025-11-25T14:17:54: No will message specified.
2025-11-25T14:17:54: Sending CONNACK to auto-DBDAB3FE-808D-143F-2B42-979F5B42299B (0, 0)
2025-11-25T14:17:54: Received PUBLISH from auto-DBDAB3FE-808D-143F-2B42-979F5B42299B (d0, q0, r0, m0, 'healthcheck', ... (2 bytes))
2025-11-25T14:17:54: Received DISCONNECT from auto-DBDAB3FE-808D-143F-2B42-979F5B42299B
2025-11-25T14:17:54: Client auto-DBDAB3FE-808D-143F-2B42-979F5B42299B disconnected.
2025-11-25T14:18:09: New connection from ::1:59924 on port 1883.
2025-11-25T14:18:09: New client connected from ::1:59924 as auto-F4301EF7-5A3D-B6B2-BBCF-506F0ABBCD4B (p2, c1, k60).
2025-11-25T14:18:09: No will message specified.
2025-11-25T14:18:09: Sending CONNACK to auto-F4301EF7-5A3D-B6B2-BBCF-506F0ABBCD4B (0, 0)
2025-11-25T14:18:09: Received PUBLISH from auto-F4301EF7-5A3D-B6B2-BBCF-506F0ABBCD4B (d0, q0, r0, m0, 'healthcheck', ... (2 bytes))
2025-11-25T14:18:09: Received DISCONNECT from auto-F4301EF7-5A3D-B6B2-BBCF-506F0ABBCD4B
2025-11-25T14:18:09: Client auto-F4301EF7-5A3D-B6B2-BBCF-506F0ABBCD4B disconnected.
2025-11-25T14:18:24: New connection from ::1:36000 on port 1883.
2025-11-25T14:18:24: New client connected from ::1:36000 as auto-D3749F0A-65FE-F7C5-A76B-6DEB4ED5B142 (p2, c1, k60).
2025-11-25T14:18:24: No will message specified.
2025-11-25T14:18:24: Sending CONNACK to auto-D3749F0A-65FE-F7C5-A76B-6DEB4ED5B142 (0, 0)
2025-11-25T14:18:24: Received PUBLISH from auto-D3749F0A-65FE-F7C5-A76B-6DEB4ED5B142 (d0, q0, r0, m0, 'healthcheck', ... (2 bytes))
2025-11-25T14:18:24: Received DISCONNECT from auto-D3749F0A-65FE-F7C5-A76B-6DEB4ED5B142
2025-11-25T14:18:24: Client auto-D3749F0A-65FE-F7C5-A76B-6DEB4ED5B142 disconnected.
2025-11-25T14:18:39: New connection from ::1:55730 on port 1883.
2025-11-25T14:18:39: New client connected from ::1:55730 as auto-EC5473ED-F410-F405-208A-51EE19168AE5 (p2, c1, k60).
2025-11-25T14:18:39: No will message specified.
2025-11-25T14:18:39: Sending CONNACK to auto-EC5473ED-F410-F405-208A-51EE19168AE5 (0, 0)
2025-11-25T14:18:39: Received PUBLISH from auto-EC5473ED-F410-F405-208A-51EE19168AE5 (d0, q0, r0, m0, 'healthcheck', ... (2 bytes))
2025-11-25T14:18:39: Received DISCONNECT from auto-EC5473ED-F410-F405-208A-51EE19168AE5
2025-11-25T14:18:39: Client auto-EC5473ED-F410-F405-208A-51EE19168AE5 disconnected.
2025-11-25T14:18:54: New connection from ::1:46232 on port 1883.
2025-11-25T14:18:54: New client connected from ::1:46232 as auto-2071CCA6-2848-5A8B-A61B-FE889D0D62F3 (p2, c1, k60).
2025-11-25T14:18:54: No will message specified.
2025-11-25T14:18:54: Sending CONNACK to auto-2071CCA6-2848-5A8B-A61B-FE889D0D62F3 (0, 0)
2025-11-25T14:18:54: Received PUBLISH from auto-2071CCA6-2848-5A8B-A61B-FE889D0D62F3 (d0, q0, r0, m0, 'healthcheck', ... (2 bytes))
2025-11-25T14:18:54: Received DISCONNECT from auto-2071CCA6-2848-5A8B-A61B-FE889D0D62F3
2025-11-25T14:18:54: Client auto-2071CCA6-2848-5A8B-A61B-FE889D0D62F3 disconnected.
2025-11-25T14:19:09: New connection from ::1:33936 on port 1883.
2025-11-25T14:19:09: New client connected from ::1:33936 as auto-86D98AEB-E969-B645-21A2-9DA012E0AE7A (p2, c1, k60).
2025-11-25T14:19:09: No will message specified.
2025-11-25T14:19:09: Sending CONNACK to auto-86D98AEB-E969-B645-21A2-9DA012E0AE7A (0, 0)
2025-11-25T14:19:09: Received PUBLISH from auto-86D98AEB-E969-B645-21A2-9DA012E0AE7A (d0, q0, r0, m0, 'healthcheck', ... (2 bytes))
2025-11-25T14:19:09: Received DISCONNECT from auto-86D98AEB-E969-B645-21A2-9DA012E0AE7A
2025-11-25T14:19:09: Client auto-86D98AEB-E969-B645-21A2-9DA012E0AE7A disconnected.
2025-11-25T14:19:24: New connection from ::1:48492 on port 1883.
2025-11-25T14:19:24: New client connected from ::1:48492 as auto-1723153A-FAA6-AD77-553A-DCE3B50BF69F (p2, c1, k60).
2025-11-25T14:19:24: No will message specified.
2025-11-25T14:19:24: Sending CONNACK to auto-1723153A-FAA6-AD77-553A-DCE3B50BF69F (0, 0)
2025-11-25T14:19:24: Received PUBLISH from auto-1723153A-FAA6-AD77-553A-DCE3B50BF69F (d0, q0, r0, m0, 'healthcheck', ... (2 bytes))
2025-11-25T14:19:24: Received DISCONNECT from auto-1723153A-FAA6-AD77-553A-DCE3B50BF69F
2025-11-25T14:19:24: Client auto-1723153A-FAA6-AD77-553A-DCE3B50BF69F disconnected.
2025-11-25T14:19:39: New connection from ::1:35062 on port 1883.
2025-11-25T14:19:39: New client connected from ::1:35062 as auto-F47377C0-F743-F224-05A7-77D5C2BC7BA9 (p2, c1, k60).
2025-11-25T14:19:39: No will message specified.
2025-11-25T14:19:39: Sending CONNACK to auto-F47377C0-F743-F224-05A7-77D5C2BC7BA9 (0, 0)
2025-11-25T14:19:39: Received PUBLISH from auto-F47377C0-F743-F224-05A7-77D5C2BC7BA9 (d0, q0, r0, m0, 'healthcheck', ... (2 bytes))
2025-11-25T14:19:39: Received DISCONNECT from auto-F47377C0-F743-F224-05A7-77D5C2BC7BA9
2025-11-25T14:19:39: Client auto-F47377C0-F743-F224-05A7-77D5C2BC7BA9 disconnected.
2025-11-25T14:19:54: New connection from ::1:58960 on port 1883.
2025-11-25T14:19:54: New client connected from ::1:58960 as auto-1F94322F-E4D9-9E38-7068-E872F23F9282 (p2, c1, k60).
2025-11-25T14:19:54: No will message specified.
2025-11-25T14:19:54: Sending CONNACK to auto-1F94322F-E4D9-9E38-7068-E872F23F9282 (0, 0)
2025-11-25T14:19:54: Received PUBLISH from auto-1F94322F-E4D9-9E38-7068-E872F23F9282 (d0, q0, r0, m0, 'healthcheck', ... (2 bytes))
2025-11-25T14:19:54: Received DISCONNECT from auto-1F94322F-E4D9-9E38-7068-E872F23F9282
2025-11-25T14:19:54: Client auto-1F94322F-E4D9-9E38-7068-E872F23F9282 disconnected.
2025-11-25T14:20:09: New connection from ::1:54098 on port 1883.
2025-11-25T14:20:09: New client connected from ::1:54098 as auto-A71034BC-8390-2222-5DC9-D7877A83287A (p2, c1, k60).
2025-11-25T14:20:09: No will message specified.
2025-11-25T14:20:09: Sending CONNACK to auto-A71034BC-8390-2222-5DC9-D7877A83287A (0, 0)
2025-11-25T14:20:09: Received PUBLISH from auto-A71034BC-8390-2222-5DC9-D7877A83287A (d0, q0, r0, m0, 'healthcheck', ... (2 bytes))
2025-11-25T14:20:09: Received DISCONNECT from auto-A71034BC-8390-2222-5DC9-D7877A83287A
2025-11-25T14:20:09: Client auto-A71034BC-8390-2222-5DC9-D7877A83287A disconnected.
2025-11-25T14:20:24: New connection from ::1:49956 on port 1883.
2025-11-25T14:20:24: New client connected from ::1:49956 as auto-D8CBD2BE-9E09-7931-CC1E-55D7222E53C7 (p2, c1, k60).
2025-11-25T14:20:24: No will message specified.
2025-11-25T14:20:24: Sending CONNACK to auto-D8CBD2BE-9E09-7931-CC1E-55D7222E53C7 (0, 0)
2025-11-25T14:20:24: Received PUBLISH from auto-D8CBD2BE-9E09-7931-CC1E-55D7222E53C7 (d0, q0, r0, m0, 'healthcheck', ... (2 bytes))
2025-11-25T14:20:24: Received DISCONNECT from auto-D8CBD2BE-9E09-7931-CC1E-55D7222E53C7
2025-11-25T14:20:24: Client auto-D8CBD2BE-9E09-7931-CC1E-55D7222E53C7 disconnected.
2025-11-25T14:20:39: New connection from ::1:59806 on port 1883.
2025-11-25T14:20:39: New client connected from ::1:59806 as auto-6F484576-0D9C-6A4D-E706-01C66B491E8D (p2, c1, k60).
2025-11-25T14:20:39: No will message specified.
2025-11-25T14:20:39: Sending CONNACK to auto-6F484576-0D9C-6A4D-E706-01C66B491E8D (0, 0)
2025-11-25T14:20:39: Received PUBLISH from auto-6F484576-0D9C-6A4D-E706-01C66B491E8D (d0, q0, r0, m0, 'healthcheck', ... (2 bytes))
2025-11-25T14:20:39: Received DISCONNECT from auto-6F484576-0D9C-6A4D-E706-01C66B491E8D
2025-11-25T14:20:39: Client auto-6F484576-0D9C-6A4D-E706-01C66B491E8D disconnected.
2025-11-25T14:20:55: New connection from ::1:50442 on port 1883.
2025-11-25T14:20:55: New client connected from ::1:50442 as auto-198DB341-C4FB-966A-D702-4CEF1CFBF9B0 (p2, c1, k60).
2025-11-25T14:20:55: No will message specified.
2025-11-25T14:20:55: Sending CONNACK to auto-198DB341-C4FB-966A-D702-4CEF1CFBF9B0 (0, 0)
2025-11-25T14:20:55: Received PUBLISH from auto-198DB341-C4FB-966A-D702-4CEF1CFBF9B0 (d0, q0, r0, m0, 'healthcheck', ... (2 bytes))
2025-11-25T14:20:55: Received DISCONNECT from auto-198DB341-C4FB-966A-D702-4CEF1CFBF9B0
2025-11-25T14:20:55: Client auto-198DB341-C4FB-966A-D702-4CEF1CFBF9B0 disconnected.
2025-11-25T14:21:10: New connection from ::1:45084 on port 1883.
2025-11-25T14:21:10: New client connected from ::1:45084 as auto-6AF7ED93-EFD4-AED9-58A2-B9AE6446B7B1 (p2, c1, k60).
2025-11-25T14:21:10: No will message specified.
2025-11-25T14:21:10: Sending CONNACK to auto-6AF7ED93-EFD4-AED9-58A2-B9AE6446B7B1 (0, 0)
2025-11-25T14:21:10: Received PUBLISH from auto-6AF7ED93-EFD4-AED9-58A2-B9AE6446B7B1 (d0, q0, r0, m0, 'healthcheck', ... (2 bytes))
2025-11-25T14:21:10: Received DISCONNECT from auto-6AF7ED93-EFD4-AED9-58A2-B9AE6446B7B1
2025-11-25T14:21:10: Client auto-6AF7ED93-EFD4-AED9-58A2-B9AE6446B7B1 disconnected.
2025-11-25T14:21:25: New connection from ::1:49946 on port 1883.
2025-11-25T14:21:25: New client connected from ::1:49946 as auto-176E54D1-5860-0228-F927-A989F4703735 (p2, c1, k60).
2025-11-25T14:21:25: No will message specified.
2025-11-25T14:21:25: Sending CONNACK to auto-176E54D1-5860-0228-F927-A989F4703735 (0, 0)
2025-11-25T14:21:25: Received PUBLISH from auto-176E54D1-5860-0228-F927-A989F4703735 (d0, q0, r0, m0, 'healthcheck', ... (2 bytes))
2025-11-25T14:21:25: Received DISCONNECT from auto-176E54D1-5860-0228-F927-A989F4703735
2025-11-25T14:21:25: Client auto-176E54D1-5860-0228-F927-A989F4703735 disconnected.
2025-11-25T14:21:40: New connection from ::1:42750 on port 1883.
2025-11-25T14:21:40: New client connected from ::1:42750 as auto-00B90803-C018-D88A-073A-5E4B8EB116B4 (p2, c1, k60).
2025-11-25T14:21:40: No will message specified.
2025-11-25T14:21:40: Sending CONNACK to auto-00B90803-C018-D88A-073A-5E4B8EB116B4 (0, 0)
2025-11-25T14:21:40: Received PUBLISH from auto-00B90803-C018-D88A-073A-5E4B8EB116B4 (d0, q0, r0, m0, 'healthcheck', ... (2 bytes))
2025-11-25T14:21:40: Received DISCONNECT from auto-00B90803-C018-D88A-073A-5E4B8EB116B4
2025-11-25T14:21:40: Client auto-00B90803-C018-D88A-073A-5E4B8EB116B4 disconnected.
2025-11-25T14:21:55: New connection from ::1:48312 on port 1883.
2025-11-25T14:21:55: New client connected from ::1:48312 as auto-86C86327-450C-A41F-D062-E8A1EA337134 (p2, c1, k60).
2025-11-25T14:21:55: No will message specified.
2025-11-25T14:21:55: Sending CONNACK to auto-86C86327-450C-A41F-D062-E8A1EA337134 (0, 0)
2025-11-25T14:21:55: Received PUBLISH from auto-86C86327-450C-A41F-D062-E8A1EA337134 (d0, q0, r0, m0, 'healthcheck', ... (2 bytes))
2025-11-25T14:21:55: Received DISCONNECT from auto-86C86327-450C-A41F-D062-E8A1EA337134
2025-11-25T14:21:55: Client auto-86C86327-450C-A41F-D062-E8A1EA337134 disconnected.
2025-11-25T14:22:10: New connection from ::1:47674 on port 1883.
2025-11-25T14:22:10: New client connected from ::1:47674 as auto-A2B90A35-87EE-0F96-DF2B-AFB008091804 (p2, c1, k60).
2025-11-25T14:22:10: No will message specified.
2025-11-25T14:22:10: Sending CONNACK to auto-A2B90A35-87EE-0F96-DF2B-AFB008091804 (0, 0)
2025-11-25T14:22:10: Received PUBLISH from auto-A2B90A35-87EE-0F96-DF2B-AFB008091804 (d0, q0, r0, m0, 'healthcheck', ... (2 bytes))
2025-11-25T14:22:10: Received DISCONNECT from auto-A2B90A35-87EE-0F96-DF2B-AFB008091804
2025-11-25T14:22:10: Client auto-A2B90A35-87EE-0F96-DF2B-AFB008091804 disconnected.
2025-11-25T14:22:25: New connection from ::1:38006 on port 1883.
2025-11-25T14:22:25: New client connected from ::1:38006 as auto-770C27D4-45DD-6B43-8AAB-BF9607C911B5 (p2, c1, k60).
2025-11-25T14:22:25: No will message specified.
2025-11-25T14:22:25: Sending CONNACK to auto-770C27D4-45DD-6B43-8AAB-BF9607C911B5 (0, 0)
2025-11-25T14:22:25: Received PUBLISH from auto-770C27D4-45DD-6B43-8AAB-BF9607C911B5 (d0, q0, r0, m0, 'healthcheck', ... (2 bytes))
2025-11-25T14:22:25: Received DISCONNECT from auto-770C27D4-45DD-6B43-8AAB-BF9607C911B5
2025-11-25T14:22:25: Client auto-770C27D4-45DD-6B43-8AAB-BF9607C911B5 disconnected.
2025-11-25T14:22:40: New connection from ::1:36232 on port 1883.
2025-11-25T14:22:40: New client connected from ::1:36232 as auto-74806A32-E93D-4376-8A71-EDE20C94EBAF (p2, c1, k60).
2025-11-25T14:22:40: No will message specified.
2025-11-25T14:22:40: Sending CONNACK to auto-74806A32-E93D-4376-8A71-EDE20C94EBAF (0, 0)
2025-11-25T14:22:40: Received PUBLISH from auto-74806A32-E93D-4376-8A71-EDE20C94EBAF (d0, q0, r0, m0, 'healthcheck', ... (2 bytes))
2025-11-25T14:22:40: Received DISCONNECT from auto-74806A32-E93D-4376-8A71-EDE20C94EBAF
2025-11-25T14:22:40: Client auto-74806A32-E93D-4376-8A71-EDE20C94EBAF disconnected.
2025-11-25T14:22:55: New connection from ::1:60234 on port 1883.
2025-11-25T14:22:55: New client connected from ::1:60234 as auto-7A6FDB39-0124-D8A2-50CF-339B4C726D69 (p2, c1, k60).
2025-11-25T14:22:55: No will message specified.
2025-11-25T14:22:55: Sending CONNACK to auto-7A6FDB39-0124-D8A2-50CF-339B4C726D69 (0, 0)
2025-11-25T14:22:55: Received PUBLISH from auto-7A6FDB39-0124-D8A2-50CF-339B4C726D69 (d0, q0, r0, m0, 'healthcheck', ... (2 bytes))
2025-11-25T14:22:55: Received DISCONNECT from auto-7A6FDB39-0124-D8A2-50CF-339B4C726D69
2025-11-25T14:22:55: Client auto-7A6FDB39-0124-D8A2-50CF-339B4C726D69 disconnected.
2025-11-25T14:23:10: New connection from ::1:46330 on port 1883.
2025-11-25T14:23:10: New client connected from ::1:46330 as auto-F568854A-35E0-1C26-3C72-06FFB3CB2181 (p2, c1, k60).
2025-11-25T14:23:10: No will message specified.
2025-11-25T14:23:10: Sending CONNACK to auto-F568854A-35E0-1C26-3C72-06FFB3CB2181 (0, 0)
2025-11-25T14:23:10: Received PUBLISH from auto-F568854A-35E0-1C26-3C72-06FFB3CB2181 (d0, q0, r0, m0, 'healthcheck', ... (2 bytes))
2025-11-25T14:23:10: Received DISCONNECT from auto-F568854A-35E0-1C26-3C72-06FFB3CB2181
2025-11-25T14:23:10: Client auto-F568854A-35E0-1C26-3C72-06FFB3CB2181 disconnected.
2025-11-25T14:23:25: New connection from ::1:38520 on port 1883.
2025-11-25T14:23:25: New client connected from ::1:38520 as auto-AFCEAB53-7534-511F-3C02-45D43937537F (p2, c1, k60).
2025-11-25T14:23:25: No will message specified.
2025-11-25T14:23:25: Sending CONNACK to auto-AFCEAB53-7534-511F-3C02-45D43937537F (0, 0)
2025-11-25T14:23:25: Received PUBLISH from auto-AFCEAB53-7534-511F-3C02-45D43937537F (d0, q0, r0, m0, 'healthcheck', ... (2 bytes))
2025-11-25T14:23:25: Received DISCONNECT from auto-AFCEAB53-7534-511F-3C02-45D43937537F
2025-11-25T14:23:25: Client auto-AFCEAB53-7534-511F-3C02-45D43937537F disconnected.
2025-11-25T14:23:40: New connection from ::1:51066 on port 1883.
2025-11-25T14:23:40: New client connected from ::1:51066 as auto-B1534549-1B2A-CDB8-3A47-AFD25E6B60D3 (p2, c1, k60).
2025-11-25T14:23:40: No will message specified.
2025-11-25T14:23:40: Sending CONNACK to auto-B1534549-1B2A-CDB8-3A47-AFD25E6B60D3 (0, 0)
2025-11-25T14:23:40: Received PUBLISH from auto-B1534549-1B2A-CDB8-3A47-AFD25E6B60D3 (d0, q0, r0, m0, 'healthcheck', ... (2 bytes))
2025-11-25T14:23:40: Received DISCONNECT from auto-B1534549-1B2A-CDB8-3A47-AFD25E6B60D3
2025-11-25T14:23:40: Client auto-B1534549-1B2A-CDB8-3A47-AFD25E6B60D3 disconnected.
2025-11-25T14:23:55: New connection from ::1:43672 on port 1883.
2025-11-25T14:23:55: New client connected from ::1:43672 as auto-FC0328B9-F81E-8291-7838-2664CDBA07C0 (p2, c1, k60).
2025-11-25T14:23:55: No will message specified.
2025-11-25T14:23:55: Sending CONNACK to auto-FC0328B9-F81E-8291-7838-2664CDBA07C0 (0, 0)
2025-11-25T14:23:55: Received PUBLISH from auto-FC0328B9-F81E-8291-7838-2664CDBA07C0 (d0, q0, r0, m0, 'healthcheck', ... (2 bytes))
2025-11-25T14:23:55: Received DISCONNECT from auto-FC0328B9-F81E-8291-7838-2664CDBA07C0
2025-11-25T14:23:55: Client auto-FC0328B9-F81E-8291-7838-2664CDBA07C0 disconnected.
2025-11-25T14:24:10: New connection from ::1:42698 on port 1883.
2025-11-25T14:24:10: New client connected from ::1:42698 as auto-6D53E158-8874-EBF3-7C31-7695F1CDBAC1 (p2, c1, k60).
2025-11-25T14:24:10: No will message specified.
2025-11-25T14:24:10: Sending CONNACK to auto-6D53E158-8874-EBF3-7C31-7695F1CDBAC1 (0, 0)
2025-11-25T14:24:10: Received PUBLISH from auto-6D53E158-8874-EBF3-7C31-7695F1CDBAC1 (d0, q0, r0, m0, 'healthcheck', ... (2 bytes))
2025-11-25T14:24:10: Received DISCONNECT from auto-6D53E158-8874-EBF3-7C31-7695F1CDBAC1
2025-11-25T14:24:10: Client auto-6D53E158-8874-EBF3-7C31-7695F1CDBAC1 disconnected.
2025-11-25T14:24:25: New connection from ::1:48582 on port 1883.
2025-11-25T14:24:25: New client connected from ::1:48582 as auto-2EFF258A-D605-2774-5E10-137088A2D9C9 (p2, c1, k60).
2025-11-25T14:24:25: No will message specified.
2025-11-25T14:24:25: Sending CONNACK to auto-2EFF258A-D605-2774-5E10-137088A2D9C9 (0, 0)
2025-11-25T14:24:25: Received PUBLISH from auto-2EFF258A-D605-2774-5E10-137088A2D9C9 (d0, q0, r0, m0, 'healthcheck', ... (2 bytes))
2025-11-25T14:24:25: Received DISCONNECT from auto-2EFF258A-D605-2774-5E10-137088A2D9C9
2025-11-25T14:24:25: Client auto-2EFF258A-D605-2774-5E10-137088A2D9C9 disconnected.
2025-11-25T14:24:40: New connection from ::1:38850 on port 1883.
2025-11-25T14:24:40: New client connected from ::1:38850 as auto-42C04699-2ECF-66D2-1556-17839A52E38E (p2, c1, k60).
2025-11-25T14:24:40: No will message specified.
2025-11-25T14:24:40: Sending CONNACK to auto-42C04699-2ECF-66D2-1556-17839A52E38E (0, 0)
2025-11-25T14:24:40: Received PUBLISH from auto-42C04699-2ECF-66D2-1556-17839A52E38E (d0, q0, r0, m0, 'healthcheck', ... (2 bytes))
2025-11-25T14:24:40: Received DISCONNECT from auto-42C04699-2ECF-66D2-1556-17839A52E38E
2025-11-25T14:24:40: Client auto-42C04699-2ECF-66D2-1556-17839A52E38E disconnected.
2025-11-25T14:24:55: New connection from ::1:49988 on port 1883.
2025-11-25T14:24:55: New client connected from ::1:49988 as auto-ED6FAF5C-C697-081C-3F7F-8DC4148FE597 (p2, c1, k60).
2025-11-25T14:24:55: No will message specified.
2025-11-25T14:24:55: Sending CONNACK to auto-ED6FAF5C-C697-081C-3F7F-8DC4148FE597 (0, 0)
2025-11-25T14:24:55: Received PUBLISH from auto-ED6FAF5C-C697-081C-3F7F-8DC4148FE597 (d0, q0, r0, m0, 'healthcheck', ... (2 bytes))
2025-11-25T14:24:55: Received DISCONNECT from auto-ED6FAF5C-C697-081C-3F7F-8DC4148FE597
2025-11-25T14:24:55: Client auto-ED6FAF5C-C697-081C-3F7F-8DC4148FE597 disconnected.
2025-11-25T14:25:11: New connection from ::1:44530 on port 1883.
2025-11-25T14:25:11: New client connected from ::1:44530 as auto-AC731C43-CEAE-D528-A433-4FD5E9B1DE66 (p2, c1, k60).
2025-11-25T14:25:11: No will message specified.
2025-11-25T14:25:11: Sending CONNACK to auto-AC731C43-CEAE-D528-A433-4FD5E9B1DE66 (0, 0)
2025-11-25T14:25:11: Received PUBLISH from auto-AC731C43-CEAE-D528-A433-4FD5E9B1DE66 (d0, q0, r0, m0, 'healthcheck', ... (2 bytes))
2025-11-25T14:25:11: Received DISCONNECT from auto-AC731C43-CEAE-D528-A433-4FD5E9B1DE66
2025-11-25T14:25:11: Client auto-AC731C43-CEAE-D528-A433-4FD5E9B1DE66 disconnected.
2025-11-25T14:25:26: New connection from ::1:55062 on port 1883.
2025-11-25T14:25:26: New client connected from ::1:55062 as auto-562C87C6-821C-632C-E9D9-E855C6EB1331 (p2, c1, k60).
2025-11-25T14:25:26: No will message specified.
2025-11-25T14:25:26: Sending CONNACK to auto-562C87C6-821C-632C-E9D9-E855C6EB1331 (0, 0)
2025-11-25T14:25:26: Received PUBLISH from auto-562C87C6-821C-632C-E9D9-E855C6EB1331 (d0, q0, r0, m0, 'healthcheck', ... (2 bytes))
2025-11-25T14:25:26: Received DISCONNECT from auto-562C87C6-821C-632C-E9D9-E855C6EB1331
2025-11-25T14:25:26: Client auto-562C87C6-821C-632C-E9D9-E855C6EB1331 disconnected.
2025-11-25T14:25:41: New connection from ::1:43890 on port 1883.
2025-11-25T14:25:41: New client connected from ::1:43890 as auto-5A8EFFF5-6D0E-2514-1124-8FBC9CF9C2D9 (p2, c1, k60).
2025-11-25T14:25:41: No will message specified.
2025-11-25T14:25:41: Sending CONNACK to auto-5A8EFFF5-6D0E-2514-1124-8FBC9CF9C2D9 (0, 0)
2025-11-25T14:25:41: Received PUBLISH from auto-5A8EFFF5-6D0E-2514-1124-8FBC9CF9C2D9 (d0, q0, r0, m0, 'healthcheck', ... (2 bytes))
2025-11-25T14:25:41: Received DISCONNECT from auto-5A8EFFF5-6D0E-2514-1124-8FBC9CF9C2D9
2025-11-25T14:25:41: Client auto-5A8EFFF5-6D0E-2514-1124-8FBC9CF9C2D9 disconnected.
2025-11-25T14:25:56: New connection from ::1:55580 on port 1883.
2025-11-25T14:25:56: New client connected from ::1:55580 as auto-07AC5D88-F1FD-34DD-BFD7-E7DCCA9B5A5C (p2, c1, k60).
2025-11-25T14:25:56: No will message specified.
2025-11-25T14:25:56: Sending CONNACK to auto-07AC5D88-F1FD-34DD-BFD7-E7DCCA9B5A5C (0, 0)
2025-11-25T14:25:56: Received PUBLISH from auto-07AC5D88-F1FD-34DD-BFD7-E7DCCA9B5A5C (d0, q0, r0, m0, 'healthcheck', ... (2 bytes))
2025-11-25T14:25:56: Received DISCONNECT from auto-07AC5D88-F1FD-34DD-BFD7-E7DCCA9B5A5C
2025-11-25T14:25:56: Client auto-07AC5D88-F1FD-34DD-BFD7-E7DCCA9B5A5C disconnected.
2025-11-25T14:26:11: New connection from ::1:58198 on port 1883.
2025-11-25T14:26:11: New client connected from ::1:58198 as auto-8F268DF2-27A7-4C88-BB17-868AED87447D (p2, c1, k60).
2025-11-25T14:26:11: No will message specified.
2025-11-25T14:26:11: Sending CONNACK to auto-8F268DF2-27A7-4C88-BB17-868AED87447D (0, 0)
2025-11-25T14:26:11: Received PUBLISH from auto-8F268DF2-27A7-4C88-BB17-868AED87447D (d0, q0, r0, m0, 'healthcheck', ... (2 bytes))
2025-11-25T14:26:11: Received DISCONNECT from auto-8F268DF2-27A7-4C88-BB17-868AED87447D
2025-11-25T14:26:11: Client auto-8F268DF2-27A7-4C88-BB17-868AED87447D disconnected.
2025-11-25T14:26:26: New connection from ::1:42912 on port 1883.
2025-11-25T14:26:26: New client connected from ::1:42912 as auto-4194630D-1065-B594-EF57-93F4537978F6 (p2, c1, k60).
2025-11-25T14:26:26: No will message specified.
2025-11-25T14:26:26: Sending CONNACK to auto-4194630D-1065-B594-EF57-93F4537978F6 (0, 0)
2025-11-25T14:26:26: Received PUBLISH from auto-4194630D-1065-B594-EF57-93F4537978F6 (d0, q0, r0, m0, 'healthcheck', ... (2 bytes))
2025-11-25T14:26:26: Received DISCONNECT from auto-4194630D-1065-B594-EF57-93F4537978F6
2025-11-25T14:26:26: Client auto-4194630D-1065-B594-EF57-93F4537978F6 disconnected.
2025-11-25T14:26:41: New connection from ::1:42594 on port 1883.
2025-11-25T14:26:41: New client connected from ::1:42594 as auto-C48210DF-4EDD-E915-13C0-F20B9CD4CA46 (p2, c1, k60).
2025-11-25T14:26:41: No will message specified.
2025-11-25T14:26:41: Sending CONNACK to auto-C48210DF-4EDD-E915-13C0-F20B9CD4CA46 (0, 0)
2025-11-25T14:26:41: Received PUBLISH from auto-C48210DF-4EDD-E915-13C0-F20B9CD4CA46 (d0, q0, r0, m0, 'healthcheck', ... (2 bytes))
2025-11-25T14:26:41: Received DISCONNECT from auto-C48210DF-4EDD-E915-13C0-F20B9CD4CA46
2025-11-25T14:26:41: Client auto-C48210DF-4EDD-E915-13C0-F20B9CD4CA46 disconnected.
2025-11-25T14:26:56: New connection from ::1:54840 on port 1883.
2025-11-25T14:26:56: New client connected from ::1:54840 as auto-A4F015E3-E3B0-1984-15A2-B492210A4CBB (p2, c1, k60).
2025-11-25T14:26:56: No will message specified.
2025-11-25T14:26:56: Sending CONNACK to auto-A4F015E3-E3B0-1984-15A2-B492210A4CBB (0, 0)
2025-11-25T14:26:56: Received PUBLISH from auto-A4F015E3-E3B0-1984-15A2-B492210A4CBB (d0, q0, r0, m0, 'healthcheck', ... (2 bytes))
2025-11-25T14:26:56: Received DISCONNECT from auto-A4F015E3-E3B0-1984-15A2-B492210A4CBB
2025-11-25T14:26:56: Client auto-A4F015E3-E3B0-1984-15A2-B492210A4CBB disconnected.
2025-11-25T14:27:11: New connection from ::1:56894 on port 1883.
2025-11-25T14:27:11: New client connected from ::1:56894 as auto-F53A5185-1EA9-D637-1172-31571B0705F8 (p2, c1, k60).
2025-11-25T14:27:11: No will message specified.
2025-11-25T14:27:11: Sending CONNACK to auto-F53A5185-1EA9-D637-1172-31571B0705F8 (0, 0)
2025-11-25T14:27:11: Received PUBLISH from auto-F53A5185-1EA9-D637-1172-31571B0705F8 (d0, q0, r0, m0, 'healthcheck', ... (2 bytes))
2025-11-25T14:27:11: Received DISCONNECT from auto-F53A5185-1EA9-D637-1172-31571B0705F8
2025-11-25T14:27:11: Client auto-F53A5185-1EA9-D637-1172-31571B0705F8 disconnected.
2025-11-25T14:27:26: New connection from ::1:58812 on port 1883.
2025-11-25T14:27:26: New client connected from ::1:58812 as auto-3E6ED5BC-BB81-7588-1BAE-B5ED1CA49455 (p2, c1, k60).
2025-11-25T14:27:26: No will message specified.
2025-11-25T14:27:26: Sending CONNACK to auto-3E6ED5BC-BB81-7588-1BAE-B5ED1CA49455 (0, 0)
2025-11-25T14:27:26: Received PUBLISH from auto-3E6ED5BC-BB81-7588-1BAE-B5ED1CA49455 (d0, q0, r0, m0, 'healthcheck', ... (2 bytes))
2025-11-25T14:27:26: Received DISCONNECT from auto-3E6ED5BC-BB81-7588-1BAE-B5ED1CA49455
2025-11-25T14:27:26: Client auto-3E6ED5BC-BB81-7588-1BAE-B5ED1CA49455 disconnected.
2025-11-25T14:27:41: New connection from ::1:38102 on port 1883.
2025-11-25T14:27:41: New client connected from ::1:38102 as auto-BDBA3BBE-B5F7-F3A1-8215-B77862AA0F3D (p2, c1, k60).
2025-11-25T14:27:41: No will message specified.
2025-11-25T14:27:41: Sending CONNACK to auto-BDBA3BBE-B5F7-F3A1-8215-B77862AA0F3D (0, 0)
2025-11-25T14:27:41: Received PUBLISH from auto-BDBA3BBE-B5F7-F3A1-8215-B77862AA0F3D (d0, q0, r0, m0, 'healthcheck', ... (2 bytes))
2025-11-25T14:27:41: Received DISCONNECT from auto-BDBA3BBE-B5F7-F3A1-8215-B77862AA0F3D
2025-11-25T14:27:41: Client auto-BDBA3BBE-B5F7-F3A1-8215-B77862AA0F3D disconnected.
2025-11-25T14:27:56: New connection from ::1:37548 on port 1883.
2025-11-25T14:27:56: New client connected from ::1:37548 as auto-63BC8E6F-77E4-F8B4-53CB-0942FD734E27 (p2, c1, k60).
2025-11-25T14:27:56: No will message specified.
2025-11-25T14:27:56: Sending CONNACK to auto-63BC8E6F-77E4-F8B4-53CB-0942FD734E27 (0, 0)
2025-11-25T14:27:56: Received PUBLISH from auto-63BC8E6F-77E4-F8B4-53CB-0942FD734E27 (d0, q0, r0, m0, 'healthcheck', ... (2 bytes))
2025-11-25T14:27:56: Received DISCONNECT from auto-63BC8E6F-77E4-F8B4-53CB-0942FD734E27
2025-11-25T14:27:56: Client auto-63BC8E6F-77E4-F8B4-53CB-0942FD734E27 disconnected.
2025-11-25T14:28:11: New connection from ::1:38846 on port 1883.
2025-11-25T14:28:11: New client connected from ::1:38846 as auto-09BE1F99-D563-15B4-BD6F-B61ED39C5380 (p2, c1, k60).
2025-11-25T14:28:11: No will message specified.
2025-11-25T14:28:11: Sending CONNACK to auto-09BE1F99-D563-15B4-BD6F-B61ED39C5380 (0, 0)
2025-11-25T14:28:11: Received PUBLISH from auto-09BE1F99-D563-15B4-BD6F-B61ED39C5380 (d0, q0, r0, m0, 'healthcheck', ... (2 bytes))
2025-11-25T14:28:11: Received DISCONNECT from auto-09BE1F99-D563-15B4-BD6F-B61ED39C5380
2025-11-25T14:28:11: Client auto-09BE1F99-D563-15B4-BD6F-B61ED39C5380 disconnected.
2025-11-25T14:28:26: New connection from ::1:39212 on port 1883.
2025-11-25T14:28:26: New client connected from ::1:39212 as auto-15F8886A-17E9-E1DA-0AB6-E362B41C9267 (p2, c1, k60).
2025-11-25T14:28:26: No will message specified.
2025-11-25T14:28:26: Sending CONNACK to auto-15F8886A-17E9-E1DA-0AB6-E362B41C9267 (0, 0)
2025-11-25T14:28:26: Received PUBLISH from auto-15F8886A-17E9-E1DA-0AB6-E362B41C9267 (d0, q0, r0, m0, 'healthcheck', ... (2 bytes))
2025-11-25T14:28:26: Received DISCONNECT from auto-15F8886A-17E9-E1DA-0AB6-E362B41C9267
2025-11-25T14:28:26: Client auto-15F8886A-17E9-E1DA-0AB6-E362B41C9267 disconnected.
2025-11-25T14:28:41: New connection from ::1:45264 on port 1883.
2025-11-25T14:28:41: New client connected from ::1:45264 as auto-C6999AE7-E285-D9A3-8910-796AA55657EC (p2, c1, k60).
2025-11-25T14:28:41: No will message specified.
2025-11-25T14:28:41: Sending CONNACK to auto-C6999AE7-E285-D9A3-8910-796AA55657EC (0, 0)
2025-11-25T14:28:41: Received PUBLISH from auto-C6999AE7-E285-D9A3-8910-796AA55657EC (d0, q0, r0, m0, 'healthcheck', ... (2 bytes))
2025-11-25T14:28:41: Received DISCONNECT from auto-C6999AE7-E285-D9A3-8910-796AA55657EC
2025-11-25T14:28:41: Client auto-C6999AE7-E285-D9A3-8910-796AA55657EC disconnected.
2025-11-25T14:28:56: New connection from ::1:45914 on port 1883.
2025-11-25T14:28:56: New client connected from ::1:45914 as auto-2C192610-6F8C-3ECD-8CB1-7B4E2324A2BD (p2, c1, k60).
2025-11-25T14:28:56: No will message specified.
2025-11-25T14:28:56: Sending CONNACK to auto-2C192610-6F8C-3ECD-8CB1-7B4E2324A2BD (0, 0)
2025-11-25T14:28:56: Received PUBLISH from auto-2C192610-6F8C-3ECD-8CB1-7B4E2324A2BD (d0, q0, r0, m0, 'healthcheck', ... (2 bytes))
2025-11-25T14:28:56: Received DISCONNECT from auto-2C192610-6F8C-3ECD-8CB1-7B4E2324A2BD
2025-11-25T14:28:56: Client auto-2C192610-6F8C-3ECD-8CB1-7B4E2324A2BD disconnected.
2025-11-25T14:29:12: New connection from ::1:54500 on port 1883.
2025-11-25T14:29:12: New client connected from ::1:54500 as auto-BDA28878-2A2A-B14C-CA4B-DC626CB4C82F (p2, c1, k60).
2025-11-25T14:29:12: No will message specified.
2025-11-25T14:29:12: Sending CONNACK to auto-BDA28878-2A2A-B14C-CA4B-DC626CB4C82F (0, 0)
2025-11-25T14:29:12: Received PUBLISH from auto-BDA28878-2A2A-B14C-CA4B-DC626CB4C82F (d0, q0, r0, m0, 'healthcheck', ... (2 bytes))
2025-11-25T14:29:12: Received DISCONNECT from auto-BDA28878-2A2A-B14C-CA4B-DC626CB4C82F
2025-11-25T14:29:12: Client auto-BDA28878-2A2A-B14C-CA4B-DC626CB4C82F disconnected.
2025-11-25T14:29:27: New connection from ::1:37264 on port 1883.
2025-11-25T14:29:27: New client connected from ::1:37264 as auto-D2FB825C-671A-9393-A0B0-45EE3CFD7B95 (p2, c1, k60).
2025-11-25T14:29:27: No will message specified.
2025-11-25T14:29:27: Sending CONNACK to auto-D2FB825C-671A-9393-A0B0-45EE3CFD7B95 (0, 0)
2025-11-25T14:29:27: Received PUBLISH from auto-D2FB825C-671A-9393-A0B0-45EE3CFD7B95 (d0, q0, r0, m0, 'healthcheck', ... (2 bytes))
2025-11-25T14:29:27: Received DISCONNECT from auto-D2FB825C-671A-9393-A0B0-45EE3CFD7B95
2025-11-25T14:29:27: Client auto-D2FB825C-671A-9393-A0B0-45EE3CFD7B95 disconnected.
2025-11-25T14:29:42: New connection from ::1:34842 on port 1883.
2025-11-25T14:29:42: New client connected from ::1:34842 as auto-58DAD539-FD0B-A12D-FE51-70DA3E2D79EF (p2, c1, k60).
2025-11-25T14:29:42: No will message specified.
2025-11-25T14:29:42: Sending CONNACK to auto-58DAD539-FD0B-A12D-FE51-70DA3E2D79EF (0, 0)
2025-11-25T14:29:42: Received PUBLISH from auto-58DAD539-FD0B-A12D-FE51-70DA3E2D79EF (d0, q0, r0, m0, 'healthcheck', ... (2 bytes))
2025-11-25T14:29:42: Received DISCONNECT from auto-58DAD539-FD0B-A12D-FE51-70DA3E2D79EF
2025-11-25T14:29:42: Client auto-58DAD539-FD0B-A12D-FE51-70DA3E2D79EF disconnected.
2025-11-25T14:29:57: New connection from ::1:44444 on port 1883.
2025-11-25T14:29:57: New client connected from ::1:44444 as auto-50EE62F0-F8E7-6161-F859-88841477A2D0 (p2, c1, k60).
2025-11-25T14:29:57: No will message specified.
2025-11-25T14:29:57: Sending CONNACK to auto-50EE62F0-F8E7-6161-F859-88841477A2D0 (0, 0)
2025-11-25T14:29:57: Received PUBLISH from auto-50EE62F0-F8E7-6161-F859-88841477A2D0 (d0, q0, r0, m0, 'healthcheck', ... (2 bytes))
2025-11-25T14:29:57: Received DISCONNECT from auto-50EE62F0-F8E7-6161-F859-88841477A2D0
2025-11-25T14:29:57: Client auto-50EE62F0-F8E7-6161-F859-88841477A2D0 disconnected.
2025-11-25T14:30:12: New connection from ::1:51738 on port 1883.
2025-11-25T14:30:12: New client connected from ::1:51738 as auto-424EEF8B-59C0-9D8C-5875-FD506E0F6FC6 (p2, c1, k60).
2025-11-25T14:30:12: No will message specified.
2025-11-25T14:30:12: Sending CONNACK to auto-424EEF8B-59C0-9D8C-5875-FD506E0F6FC6 (0, 0)
2025-11-25T14:30:12: Received PUBLISH from auto-424EEF8B-59C0-9D8C-5875-FD506E0F6FC6 (d0, q0, r0, m0, 'healthcheck', ... (2 bytes))
2025-11-25T14:30:12: Received DISCONNECT from auto-424EEF8B-59C0-9D8C-5875-FD506E0F6FC6
2025-11-25T14:30:12: Client auto-424EEF8B-59C0-9D8C-5875-FD506E0F6FC6 disconnected.
2025-11-25T14:30:27: New connection from ::1:36032 on port 1883.
2025-11-25T14:30:27: New client connected from ::1:36032 as auto-85C31CD7-7B3F-13F7-A529-764EE367ABAF (p2, c1, k60).
2025-11-25T14:30:27: No will message specified.
2025-11-25T14:30:27: Sending CONNACK to auto-85C31CD7-7B3F-13F7-A529-764EE367ABAF (0, 0)
2025-11-25T14:30:27: Received PUBLISH from auto-85C31CD7-7B3F-13F7-A529-764EE367ABAF (d0, q0, r0, m0, 'healthcheck', ... (2 bytes))
2025-11-25T14:30:27: Received DISCONNECT from auto-85C31CD7-7B3F-13F7-A529-764EE367ABAF
2025-11-25T14:30:27: Client auto-85C31CD7-7B3F-13F7-A529-764EE367ABAF disconnected.
2025-11-25T14:30:42: New connection from ::1:46112 on port 1883.
2025-11-25T14:30:42: New client connected from ::1:46112 as auto-C05DB12E-51CA-F7DE-7EB9-41145573B130 (p2, c1, k60).
2025-11-25T14:30:42: No will message specified.
2025-11-25T14:30:42: Sending CONNACK to auto-C05DB12E-51CA-F7DE-7EB9-41145573B130 (0, 0)
2025-11-25T14:30:42: Received PUBLISH from auto-C05DB12E-51CA-F7DE-7EB9-41145573B130 (d0, q0, r0, m0, 'healthcheck', ... (2 bytes))
2025-11-25T14:30:42: Received DISCONNECT from auto-C05DB12E-51CA-F7DE-7EB9-41145573B130
2025-11-25T14:30:42: Client auto-C05DB12E-51CA-F7DE-7EB9-41145573B130 disconnected.
2025-11-25T14:30:57: New connection from ::1:49894 on port 1883.
2025-11-25T14:30:57: New client connected from ::1:49894 as auto-3D1A5745-FEFF-825C-0729-AE4F5B313452 (p2, c1, k60).
2025-11-25T14:30:57: No will message specified.
2025-11-25T14:30:57: Sending CONNACK to auto-3D1A5745-FEFF-825C-0729-AE4F5B313452 (0, 0)
2025-11-25T14:30:57: Received PUBLISH from auto-3D1A5745-FEFF-825C-0729-AE4F5B313452 (d0, q0, r0, m0, 'healthcheck', ... (2 bytes))
2025-11-25T14:30:57: Received DISCONNECT from auto-3D1A5745-FEFF-825C-0729-AE4F5B313452
2025-11-25T14:30:57: Client auto-3D1A5745-FEFF-825C-0729-AE4F5B313452 disconnected.
2025-11-25T14:31:12: New connection from ::1:33400 on port 1883.
2025-11-25T14:31:12: New client connected from ::1:33400 as auto-874AA7EA-7AE8-DC9C-9D27-82497D5398FE (p2, c1, k60).
2025-11-25T14:31:12: No will message specified.
2025-11-25T14:31:12: Sending CONNACK to auto-874AA7EA-7AE8-DC9C-9D27-82497D5398FE (0, 0)
2025-11-25T14:31:12: Received PUBLISH from auto-874AA7EA-7AE8-DC9C-9D27-82497D5398FE (d0, q0, r0, m0, 'healthcheck', ... (2 bytes))
2025-11-25T14:31:12: Received DISCONNECT from auto-874AA7EA-7AE8-DC9C-9D27-82497D5398FE
2025-11-25T14:31:12: Client auto-874AA7EA-7AE8-DC9C-9D27-82497D5398FE disconnected.
2025-11-25T14:31:27: New connection from ::1:49200 on port 1883.
2025-11-25T14:31:27: New client connected from ::1:49200 as auto-13734F4A-EB66-C350-0DBE-7BF8048AE927 (p2, c1, k60).
2025-11-25T14:31:27: No will message specified.
2025-11-25T14:31:27: Sending CONNACK to auto-13734F4A-EB66-C350-0DBE-7BF8048AE927 (0, 0)
2025-11-25T14:31:27: Received PUBLISH from auto-13734F4A-EB66-C350-0DBE-7BF8048AE927 (d0, q0, r0, m0, 'healthcheck', ... (2 bytes))
2025-11-25T14:31:27: Received DISCONNECT from auto-13734F4A-EB66-C350-0DBE-7BF8048AE927
2025-11-25T14:31:27: Client auto-13734F4A-EB66-C350-0DBE-7BF8048AE927 disconnected.
2025-11-25T14:31:42: New connection from ::1:48582 on port 1883.
2025-11-25T14:31:42: New client connected from ::1:48582 as auto-095C9D92-31E1-BC47-2938-4BD8F26BB266 (p2, c1, k60).
2025-11-25T14:31:42: No will message specified.
2025-11-25T14:31:42: Sending CONNACK to auto-095C9D92-31E1-BC47-2938-4BD8F26BB266 (0, 0)
2025-11-25T14:31:42: Received PUBLISH from auto-095C9D92-31E1-BC47-2938-4BD8F26BB266 (d0, q0, r0, m0, 'healthcheck', ... (2 bytes))
2025-11-25T14:31:42: Received DISCONNECT from auto-095C9D92-31E1-BC47-2938-4BD8F26BB266
2025-11-25T14:31:42: Client auto-095C9D92-31E1-BC47-2938-4BD8F26BB266 disconnected.
2025-11-25T14:31:57: New connection from ::1:51178 on port 1883.
2025-11-25T14:31:57: New client connected from ::1:51178 as auto-DC17BA7E-F163-B686-2AED-8C9CCF3F6F54 (p2, c1, k60).
2025-11-25T14:31:57: No will message specified.
2025-11-25T14:31:57: Sending CONNACK to auto-DC17BA7E-F163-B686-2AED-8C9CCF3F6F54 (0, 0)
2025-11-25T14:31:57: Received PUBLISH from auto-DC17BA7E-F163-B686-2AED-8C9CCF3F6F54 (d0, q0, r0, m0, 'healthcheck', ... (2 bytes))
2025-11-25T14:31:57: Received DISCONNECT from auto-DC17BA7E-F163-B686-2AED-8C9CCF3F6F54
2025-11-25T14:31:57: Client auto-DC17BA7E-F163-B686-2AED-8C9CCF3F6F54 disconnected.
2025-11-25T14:32:12: New connection from ::1:42198 on port 1883.
2025-11-25T14:32:12: New client connected from ::1:42198 as auto-6A427350-20A3-7374-C478-78924201CFF4 (p2, c1, k60).
2025-11-25T14:32:12: No will message specified.
2025-11-25T14:32:12: Sending CONNACK to auto-6A427350-20A3-7374-C478-78924201CFF4 (0, 0)
2025-11-25T14:32:12: Received PUBLISH from auto-6A427350-20A3-7374-C478-78924201CFF4 (d0, q0, r0, m0, 'healthcheck', ... (2 bytes))
2025-11-25T14:32:12: Received DISCONNECT from auto-6A427350-20A3-7374-C478-78924201CFF4
2025-11-25T14:32:12: Client auto-6A427350-20A3-7374-C478-78924201CFF4 disconnected.
2025-11-25T14:32:27: New connection from ::1:51704 on port 1883.
2025-11-25T14:32:27: New client connected from ::1:51704 as auto-D44C3296-EDE7-B6EC-01E1-F4765F783D79 (p2, c1, k60).
2025-11-25T14:32:27: No will message specified.
2025-11-25T14:32:27: Sending CONNACK to auto-D44C3296-EDE7-B6EC-01E1-F4765F783D79 (0, 0)
2025-11-25T14:32:27: Received PUBLISH from auto-D44C3296-EDE7-B6EC-01E1-F4765F783D79 (d0, q0, r0, m0, 'healthcheck', ... (2 bytes))
2025-11-25T14:32:27: Received DISCONNECT from auto-D44C3296-EDE7-B6EC-01E1-F4765F783D79
2025-11-25T14:32:27: Client auto-D44C3296-EDE7-B6EC-01E1-F4765F783D79 disconnected.
2025-11-25T14:32:42: New connection from ::1:41142 on port 1883.
2025-11-25T14:32:42: New client connected from ::1:41142 as auto-4297ED3B-B811-ED98-9AC4-348580E0C975 (p2, c1, k60).
2025-11-25T14:32:42: No will message specified.
2025-11-25T14:32:42: Sending CONNACK to auto-4297ED3B-B811-ED98-9AC4-348580E0C975 (0, 0)
2025-11-25T14:32:42: Received PUBLISH from auto-4297ED3B-B811-ED98-9AC4-348580E0C975 (d0, q0, r0, m0, 'healthcheck', ... (2 bytes))
2025-11-25T14:32:42: Received DISCONNECT from auto-4297ED3B-B811-ED98-9AC4-348580E0C975
2025-11-25T14:32:42: Client auto-4297ED3B-B811-ED98-9AC4-348580E0C975 disconnected.
2025-11-25T14:32:57: New connection from ::1:42818 on port 1883.
2025-11-25T14:32:57: New client connected from ::1:42818 as auto-A7D2D1B5-602A-2122-5CB4-3E142A99E0D1 (p2, c1, k60).
2025-11-25T14:32:57: No will message specified.
2025-11-25T14:32:57: Sending CONNACK to auto-A7D2D1B5-602A-2122-5CB4-3E142A99E0D1 (0, 0)
2025-11-25T14:32:57: Received PUBLISH from auto-A7D2D1B5-602A-2122-5CB4-3E142A99E0D1 (d0, q0, r0, m0, 'healthcheck', ... (2 bytes))
2025-11-25T14:32:57: Received DISCONNECT from auto-A7D2D1B5-602A-2122-5CB4-3E142A99E0D1
2025-11-25T14:32:57: Client auto-A7D2D1B5-602A-2122-5CB4-3E142A99E0D1 disconnected.
2025-11-25T14:33:12: New connection from ::1:60942 on port 1883.
2025-11-25T14:33:12: New client connected from ::1:60942 as auto-FD7DA58F-799A-BDDF-7A85-D9D820CC7BD9 (p2, c1, k60).
2025-11-25T14:33:12: No will message specified.
2025-11-25T14:33:12: Sending CONNACK to auto-FD7DA58F-799A-BDDF-7A85-D9D820CC7BD9 (0, 0)
2025-11-25T14:33:12: Received PUBLISH from auto-FD7DA58F-799A-BDDF-7A85-D9D820CC7BD9 (d0, q0, r0, m0, 'healthcheck', ... (2 bytes))
2025-11-25T14:33:12: Received DISCONNECT from auto-FD7DA58F-799A-BDDF-7A85-D9D820CC7BD9
2025-11-25T14:33:12: Client auto-FD7DA58F-799A-BDDF-7A85-D9D820CC7BD9 disconnected.
2025-11-25T14:33:27: New connection from ::1:46302 on port 1883.
2025-11-25T14:33:27: New client connected from ::1:46302 as auto-D831307A-85DA-CB3D-F9CA-53044C6EAA1E (p2, c1, k60).
2025-11-25T14:33:27: No will message specified.
2025-11-25T14:33:27: Sending CONNACK to auto-D831307A-85DA-CB3D-F9CA-53044C6EAA1E (0, 0)
2025-11-25T14:33:27: Received PUBLISH from auto-D831307A-85DA-CB3D-F9CA-53044C6EAA1E (d0, q0, r0, m0, 'healthcheck', ... (2 bytes))
2025-11-25T14:33:27: Received DISCONNECT from auto-D831307A-85DA-CB3D-F9CA-53044C6EAA1E
2025-11-25T14:33:27: Client auto-D831307A-85DA-CB3D-F9CA-53044C6EAA1E disconnected.
2025-11-25T14:33:43: New connection from ::1:39436 on port 1883.
2025-11-25T14:33:43: New client connected from ::1:39436 as auto-1EDE0B3F-90E1-7364-5383-8700C2B6CCF2 (p2, c1, k60).
2025-11-25T14:33:43: No will message specified.
2025-11-25T14:33:43: Sending CONNACK to auto-1EDE0B3F-90E1-7364-5383-8700C2B6CCF2 (0, 0)
2025-11-25T14:33:43: Received PUBLISH from auto-1EDE0B3F-90E1-7364-5383-8700C2B6CCF2 (d0, q0, r0, m0, 'healthcheck', ... (2 bytes))
2025-11-25T14:33:43: Received DISCONNECT from auto-1EDE0B3F-90E1-7364-5383-8700C2B6CCF2
2025-11-25T14:33:43: Client auto-1EDE0B3F-90E1-7364-5383-8700C2B6CCF2 disconnected.
2025-11-25T14:33:58: New connection from ::1:58454 on port 1883.
2025-11-25T14:33:58: New client connected from ::1:58454 as auto-946C8C9B-64C0-C895-CAC4-419786A743C0 (p2, c1, k60).
2025-11-25T14:33:58: No will message specified.
2025-11-25T14:33:58: Sending CONNACK to auto-946C8C9B-64C0-C895-CAC4-419786A743C0 (0, 0)
2025-11-25T14:33:58: Received PUBLISH from auto-946C8C9B-64C0-C895-CAC4-419786A743C0 (d0, q0, r0, m0, 'healthcheck', ... (2 bytes))
2025-11-25T14:33:58: Received DISCONNECT from auto-946C8C9B-64C0-C895-CAC4-419786A743C0
2025-11-25T14:33:58: Client auto-946C8C9B-64C0-C895-CAC4-419786A743C0 disconnected.
2025-11-25T14:34:13: New connection from ::1:58336 on port 1883.
2025-11-25T14:34:13: New client connected from ::1:58336 as auto-668B79D6-1AD9-06FA-0FFE-627E68A2B2A9 (p2, c1, k60).
2025-11-25T14:34:13: No will message specified.
2025-11-25T14:34:13: Sending CONNACK to auto-668B79D6-1AD9-06FA-0FFE-627E68A2B2A9 (0, 0)
2025-11-25T14:34:13: Received PUBLISH from auto-668B79D6-1AD9-06FA-0FFE-627E68A2B2A9 (d0, q0, r0, m0, 'healthcheck', ... (2 bytes))
2025-11-25T14:34:13: Received DISCONNECT from auto-668B79D6-1AD9-06FA-0FFE-627E68A2B2A9
2025-11-25T14:34:13: Client auto-668B79D6-1AD9-06FA-0FFE-627E68A2B2A9 disconnected.
2025-11-25T14:34:28: New connection from ::1:48116 on port 1883.
2025-11-25T14:34:28: New client connected from ::1:48116 as auto-884BA9DB-0BE5-3F16-6D16-0C0801CB9E25 (p2, c1, k60).
2025-11-25T14:34:28: No will message specified.
2025-11-25T14:34:28: Sending CONNACK to auto-884BA9DB-0BE5-3F16-6D16-0C0801CB9E25 (0, 0)
2025-11-25T14:34:28: Received PUBLISH from auto-884BA9DB-0BE5-3F16-6D16-0C0801CB9E25 (d0, q0, r0, m0, 'healthcheck', ... (2 bytes))
2025-11-25T14:34:28: Received DISCONNECT from auto-884BA9DB-0BE5-3F16-6D16-0C0801CB9E25
2025-11-25T14:34:28: Client auto-884BA9DB-0BE5-3F16-6D16-0C0801CB9E25 disconnected.
2025-11-25T14:34:43: New connection from ::1:43090 on port 1883.
2025-11-25T14:34:43: New client connected from ::1:43090 as auto-A0FC2946-A0CF-BF6A-C804-096955A0A8FB (p2, c1, k60).
2025-11-25T14:34:43: No will message specified.
2025-11-25T14:34:43: Sending CONNACK to auto-A0FC2946-A0CF-BF6A-C804-096955A0A8FB (0, 0)
2025-11-25T14:34:43: Received PUBLISH from auto-A0FC2946-A0CF-BF6A-C804-096955A0A8FB (d0, q0, r0, m0, 'healthcheck', ... (2 bytes))
2025-11-25T14:34:43: Received DISCONNECT from auto-A0FC2946-A0CF-BF6A-C804-096955A0A8FB
2025-11-25T14:34:43: Client auto-A0FC2946-A0CF-BF6A-C804-096955A0A8FB disconnected.
2025-11-25T14:34:58: New connection from ::1:34668 on port 1883.
2025-11-25T14:34:58: New client connected from ::1:34668 as auto-AE1A8237-EF1B-A521-3F25-0BD70EA22736 (p2, c1, k60).
2025-11-25T14:34:58: No will message specified.
2025-11-25T14:34:58: Sending CONNACK to auto-AE1A8237-EF1B-A521-3F25-0BD70EA22736 (0, 0)
2025-11-25T14:34:58: Received PUBLISH from auto-AE1A8237-EF1B-A521-3F25-0BD70EA22736 (d0, q0, r0, m0, 'healthcheck', ... (2 bytes))
2025-11-25T14:34:58: Received DISCONNECT from auto-AE1A8237-EF1B-A521-3F25-0BD70EA22736
2025-11-25T14:34:58: Client auto-AE1A8237-EF1B-A521-3F25-0BD70EA22736 disconnected.
2025-11-25T14:35:13: New connection from ::1:50962 on port 1883.
2025-11-25T14:35:13: New client connected from ::1:50962 as auto-7615A002-EEC3-6EBE-0893-D3DE390326C1 (p2, c1, k60).
2025-11-25T14:35:13: No will message specified.
2025-11-25T14:35:13: Sending CONNACK to auto-7615A002-EEC3-6EBE-0893-D3DE390326C1 (0, 0)
2025-11-25T14:35:13: Received PUBLISH from auto-7615A002-EEC3-6EBE-0893-D3DE390326C1 (d0, q0, r0, m0, 'healthcheck', ... (2 bytes))
2025-11-25T14:35:13: Received DISCONNECT from auto-7615A002-EEC3-6EBE-0893-D3DE390326C1
2025-11-25T14:35:13: Client auto-7615A002-EEC3-6EBE-0893-D3DE390326C1 disconnected.
2025-11-25T14:35:28: New connection from ::1:33698 on port 1883.
2025-11-25T14:35:28: New client connected from ::1:33698 as auto-822440D3-2F79-D908-7295-AE2ACDAD7F76 (p2, c1, k60).
2025-11-25T14:35:28: No will message specified.
2025-11-25T14:35:28: Sending CONNACK to auto-822440D3-2F79-D908-7295-AE2ACDAD7F76 (0, 0)
2025-11-25T14:35:28: Received PUBLISH from auto-822440D3-2F79-D908-7295-AE2ACDAD7F76 (d0, q0, r0, m0, 'healthcheck', ... (2 bytes))
2025-11-25T14:35:28: Received DISCONNECT from auto-822440D3-2F79-D908-7295-AE2ACDAD7F76
2025-11-25T14:35:28: Client auto-822440D3-2F79-D908-7295-AE2ACDAD7F76 disconnected.
2025-11-25T14:35:43: New connection from ::1:56824 on port 1883.
2025-11-25T14:35:43: New client connected from ::1:56824 as auto-73FAE4F6-D10C-C428-1FD4-F06ED9E4FBE3 (p2, c1, k60).
2025-11-25T14:35:43: No will message specified.
2025-11-25T14:35:43: Sending CONNACK to auto-73FAE4F6-D10C-C428-1FD4-F06ED9E4FBE3 (0, 0)
2025-11-25T14:35:43: Received PUBLISH from auto-73FAE4F6-D10C-C428-1FD4-F06ED9E4FBE3 (d0, q0, r0, m0, 'healthcheck', ... (2 bytes))
2025-11-25T14:35:43: Received DISCONNECT from auto-73FAE4F6-D10C-C428-1FD4-F06ED9E4FBE3
2025-11-25T14:35:43: Client auto-73FAE4F6-D10C-C428-1FD4-F06ED9E4FBE3 disconnected.
2025-11-25T14:35:58: New connection from ::1:38024 on port 1883.
2025-11-25T14:35:58: New client connected from ::1:38024 as auto-056C67E9-9BF2-C18D-B7AF-994809814A8A (p2, c1, k60).
2025-11-25T14:35:58: No will message specified.
2025-11-25T14:35:58: Sending CONNACK to auto-056C67E9-9BF2-C18D-B7AF-994809814A8A (0, 0)
2025-11-25T14:35:58: Received PUBLISH from auto-056C67E9-9BF2-C18D-B7AF-994809814A8A (d0, q0, r0, m0, 'healthcheck', ... (2 bytes))
2025-11-25T14:35:58: Received DISCONNECT from auto-056C67E9-9BF2-C18D-B7AF-994809814A8A
2025-11-25T14:35:58: Client auto-056C67E9-9BF2-C18D-B7AF-994809814A8A disconnected.
2025-11-25T14:36:13: New connection from ::1:48720 on port 1883.
2025-11-25T14:36:13: New client connected from ::1:48720 as auto-830C235B-A888-27C3-25D2-FBE7CE82BD13 (p2, c1, k60).
2025-11-25T14:36:13: No will message specified.
2025-11-25T14:36:13: Sending CONNACK to auto-830C235B-A888-27C3-25D2-FBE7CE82BD13 (0, 0)
2025-11-25T14:36:13: Received PUBLISH from auto-830C235B-A888-27C3-25D2-FBE7CE82BD13 (d0, q0, r0, m0, 'healthcheck', ... (2 bytes))
2025-11-25T14:36:13: Received DISCONNECT from auto-830C235B-A888-27C3-25D2-FBE7CE82BD13
2025-11-25T14:36:13: Client auto-830C235B-A888-27C3-25D2-FBE7CE82BD13 disconnected.
2025-11-25T14:36:28: New connection from ::1:47106 on port 1883.
2025-11-25T14:36:28: New client connected from ::1:47106 as auto-958EBA4B-DFA8-4EE5-9E50-1764763A9397 (p2, c1, k60).
2025-11-25T14:36:28: No will message specified.
2025-11-25T14:36:28: Sending CONNACK to auto-958EBA4B-DFA8-4EE5-9E50-1764763A9397 (0, 0)
2025-11-25T14:36:28: Received PUBLISH from auto-958EBA4B-DFA8-4EE5-9E50-1764763A9397 (d0, q0, r0, m0, 'healthcheck', ... (2 bytes))
2025-11-25T14:36:28: Received DISCONNECT from auto-958EBA4B-DFA8-4EE5-9E50-1764763A9397
2025-11-25T14:36:28: Client auto-958EBA4B-DFA8-4EE5-9E50-1764763A9397 disconnected.
2025-11-25T14:36:43: New connection from ::1:50262 on port 1883.
2025-11-25T14:36:43: New client connected from ::1:50262 as auto-D1E2F384-EDAD-DB44-8967-69068747DC43 (p2, c1, k60).
2025-11-25T14:36:43: No will message specified.
2025-11-25T14:36:43: Sending CONNACK to auto-D1E2F384-EDAD-DB44-8967-69068747DC43 (0, 0)
2025-11-25T14:36:43: Received PUBLISH from auto-D1E2F384-EDAD-DB44-8967-69068747DC43 (d0, q0, r0, m0, 'healthcheck', ... (2 bytes))
2025-11-25T14:36:43: Received DISCONNECT from auto-D1E2F384-EDAD-DB44-8967-69068747DC43
2025-11-25T14:36:43: Client auto-D1E2F384-EDAD-DB44-8967-69068747DC43 disconnected.
2025-11-25T14:36:58: New connection from ::1:37532 on port 1883.
2025-11-25T14:36:58: New client connected from ::1:37532 as auto-7C99C96F-4405-5C8F-0DEE-8EAB225668DF (p2, c1, k60).
2025-11-25T14:36:58: No will message specified.
2025-11-25T14:36:58: Sending CONNACK to auto-7C99C96F-4405-5C8F-0DEE-8EAB225668DF (0, 0)
2025-11-25T14:36:58: Received PUBLISH from auto-7C99C96F-4405-5C8F-0DEE-8EAB225668DF (d0, q0, r0, m0, 'healthcheck', ... (2 bytes))
2025-11-25T14:36:58: Received DISCONNECT from auto-7C99C96F-4405-5C8F-0DEE-8EAB225668DF
2025-11-25T14:36:58: Client auto-7C99C96F-4405-5C8F-0DEE-8EAB225668DF disconnected.
2025-11-25T14:37:13: New connection from ::1:41420 on port 1883.
2025-11-25T14:37:13: New client connected from ::1:41420 as auto-91FA4921-7256-E5F2-20E5-5A513B47836F (p2, c1, k60).
2025-11-25T14:37:13: No will message specified.
2025-11-25T14:37:13: Sending CONNACK to auto-91FA4921-7256-E5F2-20E5-5A513B47836F (0, 0)
2025-11-25T14:37:13: Received PUBLISH from auto-91FA4921-7256-E5F2-20E5-5A513B47836F (d0, q0, r0, m0, 'healthcheck', ... (2 bytes))
2025-11-25T14:37:13: Received DISCONNECT from auto-91FA4921-7256-E5F2-20E5-5A513B47836F
2025-11-25T14:37:13: Client auto-91FA4921-7256-E5F2-20E5-5A513B47836F disconnected.
2025-11-25T14:37:28: New connection from ::1:57232 on port 1883.
2025-11-25T14:37:28: New client connected from ::1:57232 as auto-519E9ECA-91C3-C5B0-C981-F994884BA117 (p2, c1, k60).
2025-11-25T14:37:28: No will message specified.
2025-11-25T14:37:28: Sending CONNACK to auto-519E9ECA-91C3-C5B0-C981-F994884BA117 (0, 0)
2025-11-25T14:37:28: Received PUBLISH from auto-519E9ECA-91C3-C5B0-C981-F994884BA117 (d0, q0, r0, m0, 'healthcheck', ... (2 bytes))
2025-11-25T14:37:28: Received DISCONNECT from auto-519E9ECA-91C3-C5B0-C981-F994884BA117
2025-11-25T14:37:28: Client auto-519E9ECA-91C3-C5B0-C981-F994884BA117 disconnected.
2025-11-25T14:37:43: New connection from ::1:57558 on port 1883.
2025-11-25T14:37:43: New client connected from ::1:57558 as auto-575797DB-D0C1-8315-E1D2-C8749C560AB3 (p2, c1, k60).
2025-11-25T14:37:43: No will message specified.
2025-11-25T14:37:43: Sending CONNACK to auto-575797DB-D0C1-8315-E1D2-C8749C560AB3 (0, 0)
2025-11-25T14:37:43: Received PUBLISH from auto-575797DB-D0C1-8315-E1D2-C8749C560AB3 (d0, q0, r0, m0, 'healthcheck', ... (2 bytes))
2025-11-25T14:37:43: Received DISCONNECT from auto-575797DB-D0C1-8315-E1D2-C8749C560AB3
2025-11-25T14:37:43: Client auto-575797DB-D0C1-8315-E1D2-C8749C560AB3 disconnected.
2025-11-25T14:37:59: New connection from ::1:56634 on port 1883.
2025-11-25T14:37:59: New client connected from ::1:56634 as auto-427497C5-3410-426F-1EE8-A1437B24995C (p2, c1, k60).
2025-11-25T14:37:59: No will message specified.
2025-11-25T14:37:59: Sending CONNACK to auto-427497C5-3410-426F-1EE8-A1437B24995C (0, 0)
2025-11-25T14:37:59: Received PUBLISH from auto-427497C5-3410-426F-1EE8-A1437B24995C (d0, q0, r0, m0, 'healthcheck', ... (2 bytes))
2025-11-25T14:37:59: Received DISCONNECT from auto-427497C5-3410-426F-1EE8-A1437B24995C
2025-11-25T14:37:59: Client auto-427497C5-3410-426F-1EE8-A1437B24995C disconnected.
2025-11-25T14:38:14: New connection from ::1:34524 on port 1883.
2025-11-25T14:38:14: New client connected from ::1:34524 as auto-4A15A017-B3B0-6265-C53A-ACD7A1CACBAE (p2, c1, k60).
2025-11-25T14:38:14: No will message specified.
2025-11-25T14:38:14: Sending CONNACK to auto-4A15A017-B3B0-6265-C53A-ACD7A1CACBAE (0, 0)
2025-11-25T14:38:14: Received PUBLISH from auto-4A15A017-B3B0-6265-C53A-ACD7A1CACBAE (d0, q0, r0, m0, 'healthcheck', ... (2 bytes))
2025-11-25T14:38:14: Received DISCONNECT from auto-4A15A017-B3B0-6265-C53A-ACD7A1CACBAE
2025-11-25T14:38:14: Client auto-4A15A017-B3B0-6265-C53A-ACD7A1CACBAE disconnected.
2025-11-25T14:38:29: New connection from ::1:50670 on port 1883.
2025-11-25T14:38:29: New client connected from ::1:50670 as auto-2C94562A-32ED-EED0-F7CE-10DD4BBB3B09 (p2, c1, k60).
2025-11-25T14:38:29: No will message specified.
2025-11-25T14:38:29: Sending CONNACK to auto-2C94562A-32ED-EED0-F7CE-10DD4BBB3B09 (0, 0)
2025-11-25T14:38:29: Received PUBLISH from auto-2C94562A-32ED-EED0-F7CE-10DD4BBB3B09 (d0, q0, r0, m0, 'healthcheck', ... (2 bytes))
2025-11-25T14:38:29: Received DISCONNECT from auto-2C94562A-32ED-EED0-F7CE-10DD4BBB3B09
2025-11-25T14:38:29: Client auto-2C94562A-32ED-EED0-F7CE-10DD4BBB3B09 disconnected.
2025-11-25T14:38:44: New connection from ::1:55134 on port 1883.
2025-11-25T14:38:44: New client connected from ::1:55134 as auto-06C724F2-DE9A-BE28-1B94-0B262AC5E3E2 (p2, c1, k60).
2025-11-25T14:38:44: No will message specified.
2025-11-25T14:38:44: Sending CONNACK to auto-06C724F2-DE9A-BE28-1B94-0B262AC5E3E2 (0, 0)
2025-11-25T14:38:44: Received PUBLISH from auto-06C724F2-DE9A-BE28-1B94-0B262AC5E3E2 (d0, q0, r0, m0, 'healthcheck', ... (2 bytes))
2025-11-25T14:38:44: Received DISCONNECT from auto-06C724F2-DE9A-BE28-1B94-0B262AC5E3E2
2025-11-25T14:38:44: Client auto-06C724F2-DE9A-BE28-1B94-0B262AC5E3E2 disconnected.
2025-11-25T14:38:59: New connection from ::1:59108 on port 1883.
2025-11-25T14:38:59: New client connected from ::1:59108 as auto-E8AAC9EE-5E3B-826C-F949-9C02B7480248 (p2, c1, k60).
2025-11-25T14:38:59: No will message specified.
2025-11-25T14:38:59: Sending CONNACK to auto-E8AAC9EE-5E3B-826C-F949-9C02B7480248 (0, 0)
2025-11-25T14:38:59: Received PUBLISH from auto-E8AAC9EE-5E3B-826C-F949-9C02B7480248 (d0, q0, r0, m0, 'healthcheck', ... (2 bytes))
2025-11-25T14:38:59: Received DISCONNECT from auto-E8AAC9EE-5E3B-826C-F949-9C02B7480248
2025-11-25T14:38:59: Client auto-E8AAC9EE-5E3B-826C-F949-9C02B7480248 disconnected.
2025-11-25T14:39:14: New connection from ::1:54812 on port 1883.
2025-11-25T14:39:14: New client connected from ::1:54812 as auto-ED36360B-0438-D1F5-3ADC-FB479AFCFE58 (p2, c1, k60).
2025-11-25T14:39:14: No will message specified.
2025-11-25T14:39:14: Sending CONNACK to auto-ED36360B-0438-D1F5-3ADC-FB479AFCFE58 (0, 0)
2025-11-25T14:39:14: Received PUBLISH from auto-ED36360B-0438-D1F5-3ADC-FB479AFCFE58 (d0, q0, r0, m0, 'healthcheck', ... (2 bytes))
2025-11-25T14:39:14: Received DISCONNECT from auto-ED36360B-0438-D1F5-3ADC-FB479AFCFE58
2025-11-25T14:39:14: Client auto-ED36360B-0438-D1F5-3ADC-FB479AFCFE58 disconnected.
2025-11-25T14:39:29: New connection from ::1:37946 on port 1883.
2025-11-25T14:39:29: New client connected from ::1:37946 as auto-69E4741E-F7EE-E172-58C5-4E32962DE1C7 (p2, c1, k60).
2025-11-25T14:39:29: No will message specified.
2025-11-25T14:39:29: Sending CONNACK to auto-69E4741E-F7EE-E172-58C5-4E32962DE1C7 (0, 0)
2025-11-25T14:39:29: Received PUBLISH from auto-69E4741E-F7EE-E172-58C5-4E32962DE1C7 (d0, q0, r0, m0, 'healthcheck', ... (2 bytes))
2025-11-25T14:39:29: Received DISCONNECT from auto-69E4741E-F7EE-E172-58C5-4E32962DE1C7
2025-11-25T14:39:29: Client auto-69E4741E-F7EE-E172-58C5-4E32962DE1C7 disconnected.
2025-11-25T14:39:44: New connection from ::1:50730 on port 1883.
2025-11-25T14:39:44: New client connected from ::1:50730 as auto-DCC489B6-167D-E865-1C74-CD66AB8493EB (p2, c1, k60).
2025-11-25T14:39:44: No will message specified.
2025-11-25T14:39:44: Sending CONNACK to auto-DCC489B6-167D-E865-1C74-CD66AB8493EB (0, 0)
2025-11-25T14:39:44: Received PUBLISH from auto-DCC489B6-167D-E865-1C74-CD66AB8493EB (d0, q0, r0, m0, 'healthcheck', ... (2 bytes))
2025-11-25T14:39:44: Received DISCONNECT from auto-DCC489B6-167D-E865-1C74-CD66AB8493EB
2025-11-25T14:39:44: Client auto-DCC489B6-167D-E865-1C74-CD66AB8493EB disconnected.
2025-11-25T14:39:59: New connection from ::1:55466 on port 1883.
2025-11-25T14:39:59: New client connected from ::1:55466 as auto-3BDD6272-B24A-BCAF-397B-376381DCBF72 (p2, c1, k60).
2025-11-25T14:39:59: No will message specified.
2025-11-25T14:39:59: Sending CONNACK to auto-3BDD6272-B24A-BCAF-397B-376381DCBF72 (0, 0)
2025-11-25T14:39:59: Received PUBLISH from auto-3BDD6272-B24A-BCAF-397B-376381DCBF72 (d0, q0, r0, m0, 'healthcheck', ... (2 bytes))
2025-11-25T14:39:59: Received DISCONNECT from auto-3BDD6272-B24A-BCAF-397B-376381DCBF72
2025-11-25T14:39:59: Client auto-3BDD6272-B24A-BCAF-397B-376381DCBF72 disconnected.
2025-11-25T14:40:14: New connection from ::1:46868 on port 1883.
2025-11-25T14:40:14: New client connected from ::1:46868 as auto-1D658405-8C56-DAAC-9375-B327C9542133 (p2, c1, k60).
2025-11-25T14:40:14: No will message specified.
2025-11-25T14:40:14: Sending CONNACK to auto-1D658405-8C56-DAAC-9375-B327C9542133 (0, 0)
2025-11-25T14:40:14: Received PUBLISH from auto-1D658405-8C56-DAAC-9375-B327C9542133 (d0, q0, r0, m0, 'healthcheck', ... (2 bytes))
2025-11-25T14:40:14: Received DISCONNECT from auto-1D658405-8C56-DAAC-9375-B327C9542133
2025-11-25T14:40:14: Client auto-1D658405-8C56-DAAC-9375-B327C9542133 disconnected.
2025-11-25T14:40:29: New connection from ::1:36388 on port 1883.
2025-11-25T14:40:29: New client connected from ::1:36388 as auto-173EA1AB-DFCB-AF67-0EB1-0D2DAF9CAF03 (p2, c1, k60).
2025-11-25T14:40:29: No will message specified.
2025-11-25T14:40:29: Sending CONNACK to auto-173EA1AB-DFCB-AF67-0EB1-0D2DAF9CAF03 (0, 0)
2025-11-25T14:40:29: Received PUBLISH from auto-173EA1AB-DFCB-AF67-0EB1-0D2DAF9CAF03 (d0, q0, r0, m0, 'healthcheck', ... (2 bytes))
2025-11-25T14:40:29: Received DISCONNECT from auto-173EA1AB-DFCB-AF67-0EB1-0D2DAF9CAF03
2025-11-25T14:40:29: Client auto-173EA1AB-DFCB-AF67-0EB1-0D2DAF9CAF03 disconnected.
2025-11-25T14:40:44: New connection from ::1:46792 on port 1883.
2025-11-25T14:40:44: New client connected from ::1:46792 as auto-06B277D1-AB4A-835A-D78E-DB3C349397BD (p2, c1, k60).
2025-11-25T14:40:44: No will message specified.
2025-11-25T14:40:44: Sending CONNACK to auto-06B277D1-AB4A-835A-D78E-DB3C349397BD (0, 0)
2025-11-25T14:40:44: Received PUBLISH from auto-06B277D1-AB4A-835A-D78E-DB3C349397BD (d0, q0, r0, m0, 'healthcheck', ... (2 bytes))
2025-11-25T14:40:44: Received DISCONNECT from auto-06B277D1-AB4A-835A-D78E-DB3C349397BD
2025-11-25T14:40:44: Client auto-06B277D1-AB4A-835A-D78E-DB3C349397BD disconnected.
2025-11-25T14:41:00: New connection from ::1:35962 on port 1883.
2025-11-25T14:41:00: New client connected from ::1:35962 as auto-C6E83E3B-C93F-42B5-5E25-92F0C3190873 (p2, c1, k60).
2025-11-25T14:41:00: No will message specified.
2025-11-25T14:41:00: Sending CONNACK to auto-C6E83E3B-C93F-42B5-5E25-92F0C3190873 (0, 0)
2025-11-25T14:41:00: Received PUBLISH from auto-C6E83E3B-C93F-42B5-5E25-92F0C3190873 (d0, q0, r0, m0, 'healthcheck', ... (2 bytes))
2025-11-25T14:41:00: Received DISCONNECT from auto-C6E83E3B-C93F-42B5-5E25-92F0C3190873
2025-11-25T14:41:00: Client auto-C6E83E3B-C93F-42B5-5E25-92F0C3190873 disconnected.
2025-11-25T14:41:15: New connection from ::1:59066 on port 1883.
2025-11-25T14:41:15: New client connected from ::1:59066 as auto-9E8E69A6-6E8B-3401-FA97-78680BC7B9C7 (p2, c1, k60).
2025-11-25T14:41:15: No will message specified.
2025-11-25T14:41:15: Sending CONNACK to auto-9E8E69A6-6E8B-3401-FA97-78680BC7B9C7 (0, 0)
2025-11-25T14:41:15: Received PUBLISH from auto-9E8E69A6-6E8B-3401-FA97-78680BC7B9C7 (d0, q0, r0, m0, 'healthcheck', ... (2 bytes))
2025-11-25T14:41:15: Received DISCONNECT from auto-9E8E69A6-6E8B-3401-FA97-78680BC7B9C7
2025-11-25T14:41:15: Client auto-9E8E69A6-6E8B-3401-FA97-78680BC7B9C7 disconnected.
2025-11-25T14:41:30: New connection from ::1:53578 on port 1883.
2025-11-25T14:41:30: New client connected from ::1:53578 as auto-2D100D20-F183-61E5-E86C-87157ADF232D (p2, c1, k60).
2025-11-25T14:41:30: No will message specified.
2025-11-25T14:41:30: Sending CONNACK to auto-2D100D20-F183-61E5-E86C-87157ADF232D (0, 0)
2025-11-25T14:41:30: Received PUBLISH from auto-2D100D20-F183-61E5-E86C-87157ADF232D (d0, q0, r0, m0, 'healthcheck', ... (2 bytes))
2025-11-25T14:41:30: Received DISCONNECT from auto-2D100D20-F183-61E5-E86C-87157ADF232D
2025-11-25T14:41:30: Client auto-2D100D20-F183-61E5-E86C-87157ADF232D disconnected.
2025-11-25T14:41:45: New connection from ::1:47460 on port 1883.
2025-11-25T14:41:45: New client connected from ::1:47460 as auto-666895A9-187F-0DC9-DA5E-B21C2504774E (p2, c1, k60).
2025-11-25T14:41:45: No will message specified.
2025-11-25T14:41:45: Sending CONNACK to auto-666895A9-187F-0DC9-DA5E-B21C2504774E (0, 0)
2025-11-25T14:41:45: Received PUBLISH from auto-666895A9-187F-0DC9-DA5E-B21C2504774E (d0, q0, r0, m0, 'healthcheck', ... (2 bytes))
2025-11-25T14:41:45: Received DISCONNECT from auto-666895A9-187F-0DC9-DA5E-B21C2504774E
2025-11-25T14:41:45: Client auto-666895A9-187F-0DC9-DA5E-B21C2504774E disconnected.
2025-11-25T14:42:00: New connection from ::1:53500 on port 1883.
2025-11-25T14:42:00: New client connected from ::1:53500 as auto-6B8537CA-419E-47B5-E15D-0538BBC06730 (p2, c1, k60).
2025-11-25T14:42:00: No will message specified.
2025-11-25T14:42:00: Sending CONNACK to auto-6B8537CA-419E-47B5-E15D-0538BBC06730 (0, 0)
2025-11-25T14:42:00: Received PUBLISH from auto-6B8537CA-419E-47B5-E15D-0538BBC06730 (d0, q0, r0, m0, 'healthcheck', ... (2 bytes))
2025-11-25T14:42:00: Received DISCONNECT from auto-6B8537CA-419E-47B5-E15D-0538BBC06730
2025-11-25T14:42:00: Client auto-6B8537CA-419E-47B5-E15D-0538BBC06730 disconnected.
2025-11-25T14:42:03: mosquitto version 2.0.22 terminating
2025-11-25T14:42:03: Saving in-memory database to /mosquitto/data//mosquitto.db.
2025-11-25T15:56:18: mosquitto version 2.0.22 starting
2025-11-25T15:56:18: Config loaded from /mosquitto/config/mosquitto.conf.
2025-11-25T15:56:18: Opening ipv4 listen socket on port 1883.
2025-11-25T15:56:18: Opening ipv6 listen socket on port 1883.
2025-11-25T15:56:18: Opening websockets listen socket on port 9001.
2025-11-25T15:56:18: mosquitto version 2.0.22 running
2025-11-25T15:56:23: New connection from ::1:56678 on port 1883.
2025-11-25T15:56:23: New client connected from ::1:56678 as auto-A06288EF-47D7-27EA-9375-486489DB43D0 (p2, c1, k60).
2025-11-25T15:56:23: No will message specified.
2025-11-25T15:56:23: Sending CONNACK to auto-A06288EF-47D7-27EA-9375-486489DB43D0 (0, 0)
2025-11-25T15:56:23: Received PUBLISH from auto-A06288EF-47D7-27EA-9375-486489DB43D0 (d0, q0, r0, m0, 'healthcheck', ... (2 bytes))
2025-11-25T15:56:23: Received DISCONNECT from auto-A06288EF-47D7-27EA-9375-486489DB43D0
2025-11-25T15:56:23: Client auto-A06288EF-47D7-27EA-9375-486489DB43D0 disconnected.
2025-11-25T15:56:38: New connection from ::1:58994 on port 1883.
2025-11-25T15:56:38: New client connected from ::1:58994 as auto-CAB9959E-C638-585B-E5F0-8DCDC2380046 (p2, c1, k60).
2025-11-25T15:56:38: No will message specified.
2025-11-25T15:56:38: Sending CONNACK to auto-CAB9959E-C638-585B-E5F0-8DCDC2380046 (0, 0)
2025-11-25T15:56:38: Received PUBLISH from auto-CAB9959E-C638-585B-E5F0-8DCDC2380046 (d0, q0, r0, m0, 'healthcheck', ... (2 bytes))
2025-11-25T15:56:38: Received DISCONNECT from auto-CAB9959E-C638-585B-E5F0-8DCDC2380046
2025-11-25T15:56:38: Client auto-CAB9959E-C638-585B-E5F0-8DCDC2380046 disconnected.
2025-11-25T15:56:53: New connection from ::1:52434 on port 1883.
2025-11-25T15:56:53: New client connected from ::1:52434 as auto-371E47DE-9ADA-0084-2D45-2C80C1518814 (p2, c1, k60).
2025-11-25T15:56:53: No will message specified.
2025-11-25T15:56:53: Sending CONNACK to auto-371E47DE-9ADA-0084-2D45-2C80C1518814 (0, 0)
2025-11-25T15:56:53: Received PUBLISH from auto-371E47DE-9ADA-0084-2D45-2C80C1518814 (d0, q0, r0, m0, 'healthcheck', ... (2 bytes))
2025-11-25T15:56:53: Received DISCONNECT from auto-371E47DE-9ADA-0084-2D45-2C80C1518814
2025-11-25T15:56:53: Client auto-371E47DE-9ADA-0084-2D45-2C80C1518814 disconnected.
2025-11-25T15:57:08: New connection from ::1:47016 on port 1883.
2025-11-25T15:57:08: New client connected from ::1:47016 as auto-6FE97A7C-2106-004E-0C53-55E3B4FA2D6A (p2, c1, k60).
2025-11-25T15:57:08: No will message specified.
2025-11-25T15:57:08: Sending CONNACK to auto-6FE97A7C-2106-004E-0C53-55E3B4FA2D6A (0, 0)
2025-11-25T15:57:08: Received PUBLISH from auto-6FE97A7C-2106-004E-0C53-55E3B4FA2D6A (d0, q0, r0, m0, 'healthcheck', ... (2 bytes))
2025-11-25T15:57:08: Received DISCONNECT from auto-6FE97A7C-2106-004E-0C53-55E3B4FA2D6A
2025-11-25T15:57:08: Client auto-6FE97A7C-2106-004E-0C53-55E3B4FA2D6A disconnected.
2025-11-25T15:57:23: New connection from ::1:57386 on port 1883.
2025-11-25T15:57:23: New client connected from ::1:57386 as auto-AE6A4D87-64F5-D36B-64D5-874CFB080919 (p2, c1, k60).
2025-11-25T15:57:23: No will message specified.
2025-11-25T15:57:23: Sending CONNACK to auto-AE6A4D87-64F5-D36B-64D5-874CFB080919 (0, 0)
2025-11-25T15:57:23: Received PUBLISH from auto-AE6A4D87-64F5-D36B-64D5-874CFB080919 (d0, q0, r0, m0, 'healthcheck', ... (2 bytes))
2025-11-25T15:57:23: Received DISCONNECT from auto-AE6A4D87-64F5-D36B-64D5-874CFB080919
2025-11-25T15:57:23: Client auto-AE6A4D87-64F5-D36B-64D5-874CFB080919 disconnected.
2025-11-25T15:57:38: New connection from ::1:46988 on port 1883.
2025-11-25T15:57:38: New client connected from ::1:46988 as auto-BDDC8114-9744-75BC-4EFB-D9C599244F1D (p2, c1, k60).
2025-11-25T15:57:38: No will message specified.
2025-11-25T15:57:38: Sending CONNACK to auto-BDDC8114-9744-75BC-4EFB-D9C599244F1D (0, 0)
2025-11-25T15:57:38: Received PUBLISH from auto-BDDC8114-9744-75BC-4EFB-D9C599244F1D (d0, q0, r0, m0, 'healthcheck', ... (2 bytes))
2025-11-25T15:57:38: Received DISCONNECT from auto-BDDC8114-9744-75BC-4EFB-D9C599244F1D
2025-11-25T15:57:38: Client auto-BDDC8114-9744-75BC-4EFB-D9C599244F1D disconnected.
2025-11-25T15:57:54: New connection from ::1:55918 on port 1883.
2025-11-25T15:57:54: New client connected from ::1:55918 as auto-C4B702B7-27AD-AA1C-847B-9C549FBAA769 (p2, c1, k60).
2025-11-25T15:57:54: No will message specified.
2025-11-25T15:57:54: Sending CONNACK to auto-C4B702B7-27AD-AA1C-847B-9C549FBAA769 (0, 0)
2025-11-25T15:57:54: Received PUBLISH from auto-C4B702B7-27AD-AA1C-847B-9C549FBAA769 (d0, q0, r0, m0, 'healthcheck', ... (2 bytes))
2025-11-25T15:57:54: Received DISCONNECT from auto-C4B702B7-27AD-AA1C-847B-9C549FBAA769
2025-11-25T15:57:54: Client auto-C4B702B7-27AD-AA1C-847B-9C549FBAA769 disconnected.
2025-11-25T15:58:09: New connection from ::1:51714 on port 1883.
2025-11-25T15:58:09: New client connected from ::1:51714 as auto-79620653-26C9-C653-06E8-1F9B446D6C79 (p2, c1, k60).
2025-11-25T15:58:09: No will message specified.
2025-11-25T15:58:09: Sending CONNACK to auto-79620653-26C9-C653-06E8-1F9B446D6C79 (0, 0)
2025-11-25T15:58:09: Received PUBLISH from auto-79620653-26C9-C653-06E8-1F9B446D6C79 (d0, q0, r0, m0, 'healthcheck', ... (2 bytes))
2025-11-25T15:58:09: Received DISCONNECT from auto-79620653-26C9-C653-06E8-1F9B446D6C79
2025-11-25T15:58:09: Client auto-79620653-26C9-C653-06E8-1F9B446D6C79 disconnected.
2025-11-25T15:58:24: New connection from ::1:41040 on port 1883.
2025-11-25T15:58:24: New client connected from ::1:41040 as auto-8C09B23E-8412-3456-8117-1A7BD4438B7D (p2, c1, k60).
2025-11-25T15:58:24: No will message specified.
2025-11-25T15:58:24: Sending CONNACK to auto-8C09B23E-8412-3456-8117-1A7BD4438B7D (0, 0)
2025-11-25T15:58:24: Received PUBLISH from auto-8C09B23E-8412-3456-8117-1A7BD4438B7D (d0, q0, r0, m0, 'healthcheck', ... (2 bytes))
2025-11-25T15:58:24: Received DISCONNECT from auto-8C09B23E-8412-3456-8117-1A7BD4438B7D
2025-11-25T15:58:24: Client auto-8C09B23E-8412-3456-8117-1A7BD4438B7D disconnected.
2025-11-25T15:58:39: New connection from ::1:42404 on port 1883.
2025-11-25T15:58:39: New client connected from ::1:42404 as auto-51A97BF4-E382-46A5-50AB-FBD17F8427C0 (p2, c1, k60).
2025-11-25T15:58:39: No will message specified.
2025-11-25T15:58:39: Sending CONNACK to auto-51A97BF4-E382-46A5-50AB-FBD17F8427C0 (0, 0)
2025-11-25T15:58:39: Received PUBLISH from auto-51A97BF4-E382-46A5-50AB-FBD17F8427C0 (d0, q0, r0, m0, 'healthcheck', ... (2 bytes))
2025-11-25T15:58:39: Received DISCONNECT from auto-51A97BF4-E382-46A5-50AB-FBD17F8427C0
2025-11-25T15:58:39: Client auto-51A97BF4-E382-46A5-50AB-FBD17F8427C0 disconnected.
2025-11-25T15:58:54: New connection from ::1:50490 on port 1883.
2025-11-25T15:58:54: New client connected from ::1:50490 as auto-5D7486F8-29E0-1AF6-7C95-CCDC6366F2F1 (p2, c1, k60).
2025-11-25T15:58:54: No will message specified.
2025-11-25T15:58:54: Sending CONNACK to auto-5D7486F8-29E0-1AF6-7C95-CCDC6366F2F1 (0, 0)
2025-11-25T15:58:54: Received PUBLISH from auto-5D7486F8-29E0-1AF6-7C95-CCDC6366F2F1 (d0, q0, r0, m0, 'healthcheck', ... (2 bytes))
2025-11-25T15:58:54: Received DISCONNECT from auto-5D7486F8-29E0-1AF6-7C95-CCDC6366F2F1
2025-11-25T15:58:54: Client auto-5D7486F8-29E0-1AF6-7C95-CCDC6366F2F1 disconnected.
2025-11-25T15:59:09: New connection from ::1:56322 on port 1883.
2025-11-25T15:59:09: New client connected from ::1:56322 as auto-E8A7BD47-3BFC-889D-0FDF-020609751F06 (p2, c1, k60).
2025-11-25T15:59:09: No will message specified.
2025-11-25T15:59:09: Sending CONNACK to auto-E8A7BD47-3BFC-889D-0FDF-020609751F06 (0, 0)
2025-11-25T15:59:09: Received PUBLISH from auto-E8A7BD47-3BFC-889D-0FDF-020609751F06 (d0, q0, r0, m0, 'healthcheck', ... (2 bytes))
2025-11-25T15:59:09: Received DISCONNECT from auto-E8A7BD47-3BFC-889D-0FDF-020609751F06
2025-11-25T15:59:09: Client auto-E8A7BD47-3BFC-889D-0FDF-020609751F06 disconnected.
2025-11-25T15:59:24: New connection from ::1:37788 on port 1883.
2025-11-25T15:59:24: New client connected from ::1:37788 as auto-D853FBCC-C8D0-4831-BA45-B4F94F92429D (p2, c1, k60).
2025-11-25T15:59:24: No will message specified.
2025-11-25T15:59:24: Sending CONNACK to auto-D853FBCC-C8D0-4831-BA45-B4F94F92429D (0, 0)
2025-11-25T15:59:24: Received PUBLISH from auto-D853FBCC-C8D0-4831-BA45-B4F94F92429D (d0, q0, r0, m0, 'healthcheck', ... (2 bytes))
2025-11-25T15:59:24: Received DISCONNECT from auto-D853FBCC-C8D0-4831-BA45-B4F94F92429D
2025-11-25T15:59:24: Client auto-D853FBCC-C8D0-4831-BA45-B4F94F92429D disconnected.
2025-11-25T15:59:39: New connection from ::1:33518 on port 1883.
2025-11-25T15:59:39: New client connected from ::1:33518 as auto-FC485769-B1DE-0F16-DB88-D04D864026F9 (p2, c1, k60).
2025-11-25T15:59:39: No will message specified.
2025-11-25T15:59:39: Sending CONNACK to auto-FC485769-B1DE-0F16-DB88-D04D864026F9 (0, 0)
2025-11-25T15:59:39: Received PUBLISH from auto-FC485769-B1DE-0F16-DB88-D04D864026F9 (d0, q0, r0, m0, 'healthcheck', ... (2 bytes))
2025-11-25T15:59:39: Received DISCONNECT from auto-FC485769-B1DE-0F16-DB88-D04D864026F9
2025-11-25T15:59:39: Client auto-FC485769-B1DE-0F16-DB88-D04D864026F9 disconnected.
2025-11-25T15:59:54: New connection from ::1:56196 on port 1883.
2025-11-25T15:59:54: New client connected from ::1:56196 as auto-0FBBB034-2CD8-35D4-0A99-373CE18A7602 (p2, c1, k60).
2025-11-25T15:59:54: No will message specified.
2025-11-25T15:59:54: Sending CONNACK to auto-0FBBB034-2CD8-35D4-0A99-373CE18A7602 (0, 0)
2025-11-25T15:59:54: Received PUBLISH from auto-0FBBB034-2CD8-35D4-0A99-373CE18A7602 (d0, q0, r0, m0, 'healthcheck', ... (2 bytes))
2025-11-25T15:59:54: Received DISCONNECT from auto-0FBBB034-2CD8-35D4-0A99-373CE18A7602
2025-11-25T15:59:54: Client auto-0FBBB034-2CD8-35D4-0A99-373CE18A7602 disconnected.
2025-11-25T16:00:09: New connection from ::1:47574 on port 1883.
2025-11-25T16:00:09: New client connected from ::1:47574 as auto-FE6A0A36-CCFF-25EB-BF15-4340E4CC5913 (p2, c1, k60).
2025-11-25T16:00:09: No will message specified.
2025-11-25T16:00:09: Sending CONNACK to auto-FE6A0A36-CCFF-25EB-BF15-4340E4CC5913 (0, 0)
2025-11-25T16:00:09: Received PUBLISH from auto-FE6A0A36-CCFF-25EB-BF15-4340E4CC5913 (d0, q0, r0, m0, 'healthcheck', ... (2 bytes))
2025-11-25T16:00:09: Received DISCONNECT from auto-FE6A0A36-CCFF-25EB-BF15-4340E4CC5913
2025-11-25T16:00:09: Client auto-FE6A0A36-CCFF-25EB-BF15-4340E4CC5913 disconnected.
2025-11-25T16:00:24: New connection from ::1:43798 on port 1883.
2025-11-25T16:00:24: New client connected from ::1:43798 as auto-FB56FA33-A47A-95E0-D303-E7B2DE85D57A (p2, c1, k60).
2025-11-25T16:00:24: No will message specified.
2025-11-25T16:00:24: Sending CONNACK to auto-FB56FA33-A47A-95E0-D303-E7B2DE85D57A (0, 0)
2025-11-25T16:00:24: Received PUBLISH from auto-FB56FA33-A47A-95E0-D303-E7B2DE85D57A (d0, q0, r0, m0, 'healthcheck', ... (2 bytes))
2025-11-25T16:00:24: Received DISCONNECT from auto-FB56FA33-A47A-95E0-D303-E7B2DE85D57A
2025-11-25T16:00:24: Client auto-FB56FA33-A47A-95E0-D303-E7B2DE85D57A disconnected.
2025-11-25T16:00:39: New connection from ::1:51828 on port 1883.
2025-11-25T16:00:39: New client connected from ::1:51828 as auto-D7FB0CCF-1153-D393-6FBB-2C03757FE72A (p2, c1, k60).
2025-11-25T16:00:39: No will message specified.
2025-11-25T16:00:39: Sending CONNACK to auto-D7FB0CCF-1153-D393-6FBB-2C03757FE72A (0, 0)
2025-11-25T16:00:39: Received PUBLISH from auto-D7FB0CCF-1153-D393-6FBB-2C03757FE72A (d0, q0, r0, m0, 'healthcheck', ... (2 bytes))
2025-11-25T16:00:39: Received DISCONNECT from auto-D7FB0CCF-1153-D393-6FBB-2C03757FE72A
2025-11-25T16:00:39: Client auto-D7FB0CCF-1153-D393-6FBB-2C03757FE72A disconnected.
2025-11-25T16:00:54: New connection from ::1:49996 on port 1883.
2025-11-25T16:00:54: New client connected from ::1:49996 as auto-0515458E-4D38-FAC2-5109-66CF1DD99489 (p2, c1, k60).
2025-11-25T16:00:54: No will message specified.
2025-11-25T16:00:54: Sending CONNACK to auto-0515458E-4D38-FAC2-5109-66CF1DD99489 (0, 0)
2025-11-25T16:00:54: Received PUBLISH from auto-0515458E-4D38-FAC2-5109-66CF1DD99489 (d0, q0, r0, m0, 'healthcheck', ... (2 bytes))
2025-11-25T16:00:54: Received DISCONNECT from auto-0515458E-4D38-FAC2-5109-66CF1DD99489
2025-11-25T16:00:54: Client auto-0515458E-4D38-FAC2-5109-66CF1DD99489 disconnected.
2025-11-25T16:01:09: New connection from ::1:40982 on port 1883.
2025-11-25T16:01:09: New client connected from ::1:40982 as auto-159D01F3-B9F5-5CAC-75E9-42E41FA88A32 (p2, c1, k60).
2025-11-25T16:01:09: No will message specified.
2025-11-25T16:01:09: Sending CONNACK to auto-159D01F3-B9F5-5CAC-75E9-42E41FA88A32 (0, 0)
2025-11-25T16:01:09: Received PUBLISH from auto-159D01F3-B9F5-5CAC-75E9-42E41FA88A32 (d0, q0, r0, m0, 'healthcheck', ... (2 bytes))
2025-11-25T16:01:09: Received DISCONNECT from auto-159D01F3-B9F5-5CAC-75E9-42E41FA88A32
2025-11-25T16:01:09: Client auto-159D01F3-B9F5-5CAC-75E9-42E41FA88A32 disconnected.
2025-11-25T16:01:24: New connection from ::1:38116 on port 1883.
2025-11-25T16:01:24: New client connected from ::1:38116 as auto-1E68E1BD-6FA2-E787-DA57-18B461BEA75C (p2, c1, k60).
2025-11-25T16:01:24: No will message specified.
2025-11-25T16:01:24: Sending CONNACK to auto-1E68E1BD-6FA2-E787-DA57-18B461BEA75C (0, 0)
2025-11-25T16:01:24: Received PUBLISH from auto-1E68E1BD-6FA2-E787-DA57-18B461BEA75C (d0, q0, r0, m0, 'healthcheck', ... (2 bytes))
2025-11-25T16:01:24: Received DISCONNECT from auto-1E68E1BD-6FA2-E787-DA57-18B461BEA75C
2025-11-25T16:01:24: Client auto-1E68E1BD-6FA2-E787-DA57-18B461BEA75C disconnected.
2025-11-25T16:01:39: New connection from ::1:60992 on port 1883.
2025-11-25T16:01:39: New client connected from ::1:60992 as auto-1165DCEC-A90A-9B41-BA58-A6E62E51B72B (p2, c1, k60).
2025-11-25T16:01:39: No will message specified.
2025-11-25T16:01:39: Sending CONNACK to auto-1165DCEC-A90A-9B41-BA58-A6E62E51B72B (0, 0)
2025-11-25T16:01:39: Received PUBLISH from auto-1165DCEC-A90A-9B41-BA58-A6E62E51B72B (d0, q0, r0, m0, 'healthcheck', ... (2 bytes))
2025-11-25T16:01:39: Received DISCONNECT from auto-1165DCEC-A90A-9B41-BA58-A6E62E51B72B
2025-11-25T16:01:39: Client auto-1165DCEC-A90A-9B41-BA58-A6E62E51B72B disconnected.
2025-11-25T16:01:55: New connection from ::1:46912 on port 1883.
2025-11-25T16:01:55: New client connected from ::1:46912 as auto-51646ECD-7686-CA08-2BE3-6540BB12B803 (p2, c1, k60).
2025-11-25T16:01:55: No will message specified.
2025-11-25T16:01:55: Sending CONNACK to auto-51646ECD-7686-CA08-2BE3-6540BB12B803 (0, 0)
2025-11-25T16:01:55: Received PUBLISH from auto-51646ECD-7686-CA08-2BE3-6540BB12B803 (d0, q0, r0, m0, 'healthcheck', ... (2 bytes))
2025-11-25T16:01:55: Received DISCONNECT from auto-51646ECD-7686-CA08-2BE3-6540BB12B803
2025-11-25T16:01:55: Client auto-51646ECD-7686-CA08-2BE3-6540BB12B803 disconnected.
2025-11-25T16:02:10: New connection from ::1:59424 on port 1883.
2025-11-25T16:02:10: New client connected from ::1:59424 as auto-C784C6D4-05FA-1C19-5B94-29CB35C46246 (p2, c1, k60).
2025-11-25T16:02:10: No will message specified.
2025-11-25T16:02:10: Sending CONNACK to auto-C784C6D4-05FA-1C19-5B94-29CB35C46246 (0, 0)
2025-11-25T16:02:10: Received PUBLISH from auto-C784C6D4-05FA-1C19-5B94-29CB35C46246 (d0, q0, r0, m0, 'healthcheck', ... (2 bytes))
2025-11-25T16:02:10: Received DISCONNECT from auto-C784C6D4-05FA-1C19-5B94-29CB35C46246
2025-11-25T16:02:10: Client auto-C784C6D4-05FA-1C19-5B94-29CB35C46246 disconnected.
2025-11-25T16:02:25: New connection from ::1:43200 on port 1883.
2025-11-25T16:02:25: New client connected from ::1:43200 as auto-CD978AB2-4817-F5B5-7635-C6C95F950A6E (p2, c1, k60).
2025-11-25T16:02:25: No will message specified.
2025-11-25T16:02:25: Sending CONNACK to auto-CD978AB2-4817-F5B5-7635-C6C95F950A6E (0, 0)
2025-11-25T16:02:25: Received PUBLISH from auto-CD978AB2-4817-F5B5-7635-C6C95F950A6E (d0, q0, r0, m0, 'healthcheck', ... (2 bytes))
2025-11-25T16:02:25: Received DISCONNECT from auto-CD978AB2-4817-F5B5-7635-C6C95F950A6E
2025-11-25T16:02:25: Client auto-CD978AB2-4817-F5B5-7635-C6C95F950A6E disconnected.
2025-11-25T16:02:40: New connection from ::1:42098 on port 1883.
2025-11-25T16:02:40: New client connected from ::1:42098 as auto-DA1EF328-7CED-9EE8-5EDF-3475BBE09BF8 (p2, c1, k60).
2025-11-25T16:02:40: No will message specified.
2025-11-25T16:02:40: Sending CONNACK to auto-DA1EF328-7CED-9EE8-5EDF-3475BBE09BF8 (0, 0)
2025-11-25T16:02:40: Received PUBLISH from auto-DA1EF328-7CED-9EE8-5EDF-3475BBE09BF8 (d0, q0, r0, m0, 'healthcheck', ... (2 bytes))
2025-11-25T16:02:40: Received DISCONNECT from auto-DA1EF328-7CED-9EE8-5EDF-3475BBE09BF8
2025-11-25T16:02:40: Client auto-DA1EF328-7CED-9EE8-5EDF-3475BBE09BF8 disconnected.
2025-11-25T16:02:55: New connection from ::1:60920 on port 1883.
2025-11-25T16:02:55: New client connected from ::1:60920 as auto-BD68C4EA-B10A-134C-59D7-080C85C69693 (p2, c1, k60).
2025-11-25T16:02:55: No will message specified.
2025-11-25T16:02:55: Sending CONNACK to auto-BD68C4EA-B10A-134C-59D7-080C85C69693 (0, 0)
2025-11-25T16:02:55: Received PUBLISH from auto-BD68C4EA-B10A-134C-59D7-080C85C69693 (d0, q0, r0, m0, 'healthcheck', ... (2 bytes))
2025-11-25T16:02:55: Received DISCONNECT from auto-BD68C4EA-B10A-134C-59D7-080C85C69693
2025-11-25T16:02:55: Client auto-BD68C4EA-B10A-134C-59D7-080C85C69693 disconnected.
2025-11-25T16:03:10: New connection from ::1:55068 on port 1883.
2025-11-25T16:03:10: New client connected from ::1:55068 as auto-B36195BC-9A7A-F3FC-DED4-5A672EF95F30 (p2, c1, k60).
2025-11-25T16:03:10: No will message specified.
2025-11-25T16:03:10: Sending CONNACK to auto-B36195BC-9A7A-F3FC-DED4-5A672EF95F30 (0, 0)
2025-11-25T16:03:10: Received PUBLISH from auto-B36195BC-9A7A-F3FC-DED4-5A672EF95F30 (d0, q0, r0, m0, 'healthcheck', ... (2 bytes))
2025-11-25T16:03:10: Received DISCONNECT from auto-B36195BC-9A7A-F3FC-DED4-5A672EF95F30
2025-11-25T16:03:10: Client auto-B36195BC-9A7A-F3FC-DED4-5A672EF95F30 disconnected.
2025-11-25T16:03:12: mosquitto version 2.0.22 terminating
2025-11-25T16:03:12: Saving in-memory database to /mosquitto/data//mosquitto.db.
2025-11-25T16:03:29: mosquitto version 2.0.22 starting
2025-11-25T16:03:29: Config loaded from /mosquitto/config/mosquitto.conf.
2025-11-25T16:03:29: Opening ipv4 listen socket on port 1883.
2025-11-25T16:03:29: Opening ipv6 listen socket on port 1883.
2025-11-25T16:03:29: Opening websockets listen socket on port 9001.
2025-11-25T16:03:29: mosquitto version 2.0.22 running
2025-11-25T16:03:34: New connection from ::1:33584 on port 1883.
2025-11-25T16:03:34: New client connected from ::1:33584 as auto-4BA68613-E733-A9CC-00D3-CCDB8A2DD2C9 (p2, c1, k60).
2025-11-25T16:03:34: No will message specified.
2025-11-25T16:03:34: Sending CONNACK to auto-4BA68613-E733-A9CC-00D3-CCDB8A2DD2C9 (0, 0)
2025-11-25T16:03:34: Received PUBLISH from auto-4BA68613-E733-A9CC-00D3-CCDB8A2DD2C9 (d0, q0, r0, m0, 'healthcheck', ... (2 bytes))
2025-11-25T16:03:34: Received DISCONNECT from auto-4BA68613-E733-A9CC-00D3-CCDB8A2DD2C9
2025-11-25T16:03:34: Client auto-4BA68613-E733-A9CC-00D3-CCDB8A2DD2C9 disconnected.
2025-11-25T16:03:49: New connection from ::1:58468 on port 1883.
2025-11-25T16:03:49: New client connected from ::1:58468 as auto-4E543696-4F3A-D1FC-3D87-4FDEBC2D77C5 (p2, c1, k60).
2025-11-25T16:03:49: No will message specified.
2025-11-25T16:03:49: Sending CONNACK to auto-4E543696-4F3A-D1FC-3D87-4FDEBC2D77C5 (0, 0)
2025-11-25T16:03:49: Received PUBLISH from auto-4E543696-4F3A-D1FC-3D87-4FDEBC2D77C5 (d0, q0, r0, m0, 'healthcheck', ... (2 bytes))
2025-11-25T16:03:49: Received DISCONNECT from auto-4E543696-4F3A-D1FC-3D87-4FDEBC2D77C5
2025-11-25T16:03:49: Client auto-4E543696-4F3A-D1FC-3D87-4FDEBC2D77C5 disconnected.
2025-11-25T16:04:04: New connection from ::1:35488 on port 1883.
2025-11-25T16:04:04: New client connected from ::1:35488 as auto-49A1E555-23B9-14FB-1E2A-1D7B05DA3B54 (p2, c1, k60).
2025-11-25T16:04:04: No will message specified.
2025-11-25T16:04:04: Sending CONNACK to auto-49A1E555-23B9-14FB-1E2A-1D7B05DA3B54 (0, 0)
2025-11-25T16:04:04: Received PUBLISH from auto-49A1E555-23B9-14FB-1E2A-1D7B05DA3B54 (d0, q0, r0, m0, 'healthcheck', ... (2 bytes))
2025-11-25T16:04:04: Received DISCONNECT from auto-49A1E555-23B9-14FB-1E2A-1D7B05DA3B54
2025-11-25T16:04:04: Client auto-49A1E555-23B9-14FB-1E2A-1D7B05DA3B54 disconnected.
2025-11-25T16:04:19: New connection from ::1:53794 on port 1883.
2025-11-25T16:04:19: New client connected from ::1:53794 as auto-CE968996-1413-BFE7-702A-4BDE0472BFED (p2, c1, k60).
2025-11-25T16:04:19: No will message specified.
2025-11-25T16:04:19: Sending CONNACK to auto-CE968996-1413-BFE7-702A-4BDE0472BFED (0, 0)
2025-11-25T16:04:19: Received PUBLISH from auto-CE968996-1413-BFE7-702A-4BDE0472BFED (d0, q0, r0, m0, 'healthcheck', ... (2 bytes))
2025-11-25T16:04:19: Received DISCONNECT from auto-CE968996-1413-BFE7-702A-4BDE0472BFED
2025-11-25T16:04:19: Client auto-CE968996-1413-BFE7-702A-4BDE0472BFED disconnected.
2025-11-25T16:04:34: New connection from ::1:42618 on port 1883.
2025-11-25T16:04:34: New client connected from ::1:42618 as auto-CA127C77-591D-B477-9332-E4397432045B (p2, c1, k60).
2025-11-25T16:04:34: No will message specified.
2025-11-25T16:04:34: Sending CONNACK to auto-CA127C77-591D-B477-9332-E4397432045B (0, 0)
2025-11-25T16:04:34: Received PUBLISH from auto-CA127C77-591D-B477-9332-E4397432045B (d0, q0, r0, m0, 'healthcheck', ... (2 bytes))
2025-11-25T16:04:34: Received DISCONNECT from auto-CA127C77-591D-B477-9332-E4397432045B
2025-11-25T16:04:34: Client auto-CA127C77-591D-B477-9332-E4397432045B disconnected.
2025-11-25T16:04:49: New connection from ::1:47620 on port 1883.
2025-11-25T16:04:49: New client connected from ::1:47620 as auto-78A86E82-8B1D-4A50-C054-A695CA73C30D (p2, c1, k60).
2025-11-25T16:04:49: No will message specified.
2025-11-25T16:04:49: Sending CONNACK to auto-78A86E82-8B1D-4A50-C054-A695CA73C30D (0, 0)
2025-11-25T16:04:49: Received PUBLISH from auto-78A86E82-8B1D-4A50-C054-A695CA73C30D (d0, q0, r0, m0, 'healthcheck', ... (2 bytes))
2025-11-25T16:04:49: Received DISCONNECT from auto-78A86E82-8B1D-4A50-C054-A695CA73C30D
2025-11-25T16:04:49: Client auto-78A86E82-8B1D-4A50-C054-A695CA73C30D disconnected.
2025-11-25T16:05:05: New connection from ::1:56686 on port 1883.
2025-11-25T16:05:05: New client connected from ::1:56686 as auto-F6372EE6-7953-CF57-F373-F7EF8781D0A0 (p2, c1, k60).
2025-11-25T16:05:05: No will message specified.
2025-11-25T16:05:05: Sending CONNACK to auto-F6372EE6-7953-CF57-F373-F7EF8781D0A0 (0, 0)
2025-11-25T16:05:05: Received PUBLISH from auto-F6372EE6-7953-CF57-F373-F7EF8781D0A0 (d0, q0, r0, m0, 'healthcheck', ... (2 bytes))
2025-11-25T16:05:05: Received DISCONNECT from auto-F6372EE6-7953-CF57-F373-F7EF8781D0A0
2025-11-25T16:05:05: Client auto-F6372EE6-7953-CF57-F373-F7EF8781D0A0 disconnected.
2025-11-25T16:05:20: New connection from ::1:39582 on port 1883.
2025-11-25T16:05:20: New client connected from ::1:39582 as auto-E158D796-0235-BA5D-1D7D-DC1CBDE8AA90 (p2, c1, k60).
2025-11-25T16:05:20: No will message specified.
2025-11-25T16:05:20: Sending CONNACK to auto-E158D796-0235-BA5D-1D7D-DC1CBDE8AA90 (0, 0)
2025-11-25T16:05:20: Received PUBLISH from auto-E158D796-0235-BA5D-1D7D-DC1CBDE8AA90 (d0, q0, r0, m0, 'healthcheck', ... (2 bytes))
2025-11-25T16:05:20: Received DISCONNECT from auto-E158D796-0235-BA5D-1D7D-DC1CBDE8AA90
2025-11-25T16:05:20: Client auto-E158D796-0235-BA5D-1D7D-DC1CBDE8AA90 disconnected.
2025-11-25T16:05:35: New connection from ::1:58246 on port 1883.
2025-11-25T16:05:35: New client connected from ::1:58246 as auto-3C7BAFFC-8F2E-7354-7C1F-62C6AC038D4D (p2, c1, k60).
2025-11-25T16:05:35: No will message specified.
2025-11-25T16:05:35: Sending CONNACK to auto-3C7BAFFC-8F2E-7354-7C1F-62C6AC038D4D (0, 0)
2025-11-25T16:05:35: Received PUBLISH from auto-3C7BAFFC-8F2E-7354-7C1F-62C6AC038D4D (d0, q0, r0, m0, 'healthcheck', ... (2 bytes))
2025-11-25T16:05:35: Received DISCONNECT from auto-3C7BAFFC-8F2E-7354-7C1F-62C6AC038D4D
2025-11-25T16:05:35: Client auto-3C7BAFFC-8F2E-7354-7C1F-62C6AC038D4D disconnected.
2025-11-25T16:05:50: New connection from ::1:50706 on port 1883.
2025-11-25T16:05:50: New client connected from ::1:50706 as auto-F7CA5D7D-278B-6BC4-4969-B1F9F5CED94D (p2, c1, k60).
2025-11-25T16:05:50: No will message specified.
2025-11-25T16:05:50: Sending CONNACK to auto-F7CA5D7D-278B-6BC4-4969-B1F9F5CED94D (0, 0)
2025-11-25T16:05:50: Received PUBLISH from auto-F7CA5D7D-278B-6BC4-4969-B1F9F5CED94D (d0, q0, r0, m0, 'healthcheck', ... (2 bytes))
2025-11-25T16:05:50: Received DISCONNECT from auto-F7CA5D7D-278B-6BC4-4969-B1F9F5CED94D
2025-11-25T16:05:50: Client auto-F7CA5D7D-278B-6BC4-4969-B1F9F5CED94D disconnected.
2025-11-25T16:06:05: New connection from ::1:60138 on port 1883.
2025-11-25T16:06:05: New client connected from ::1:60138 as auto-0D2C8845-1E2D-7641-92E3-67640CE37BFA (p2, c1, k60).
2025-11-25T16:06:05: No will message specified.
2025-11-25T16:06:05: Sending CONNACK to auto-0D2C8845-1E2D-7641-92E3-67640CE37BFA (0, 0)
2025-11-25T16:06:05: Received PUBLISH from auto-0D2C8845-1E2D-7641-92E3-67640CE37BFA (d0, q0, r0, m0, 'healthcheck', ... (2 bytes))
2025-11-25T16:06:05: Received DISCONNECT from auto-0D2C8845-1E2D-7641-92E3-67640CE37BFA
2025-11-25T16:06:05: Client auto-0D2C8845-1E2D-7641-92E3-67640CE37BFA disconnected.
2025-11-25T16:06:20: New connection from ::1:56952 on port 1883.
2025-11-25T16:06:20: New client connected from ::1:56952 as auto-367E3380-70D6-124F-368E-E921C6E50115 (p2, c1, k60).
2025-11-25T16:06:20: No will message specified.
2025-11-25T16:06:20: Sending CONNACK to auto-367E3380-70D6-124F-368E-E921C6E50115 (0, 0)
2025-11-25T16:06:20: Received PUBLISH from auto-367E3380-70D6-124F-368E-E921C6E50115 (d0, q0, r0, m0, 'healthcheck', ... (2 bytes))
2025-11-25T16:06:20: Received DISCONNECT from auto-367E3380-70D6-124F-368E-E921C6E50115
2025-11-25T16:06:20: Client auto-367E3380-70D6-124F-368E-E921C6E50115 disconnected.
2025-11-25T16:06:35: New connection from ::1:44894 on port 1883.
2025-11-25T16:06:35: New client connected from ::1:44894 as auto-249AC013-2DEC-459A-4508-0C33EA849BD6 (p2, c1, k60).
2025-11-25T16:06:35: No will message specified.
2025-11-25T16:06:35: Sending CONNACK to auto-249AC013-2DEC-459A-4508-0C33EA849BD6 (0, 0)
2025-11-25T16:06:35: Received PUBLISH from auto-249AC013-2DEC-459A-4508-0C33EA849BD6 (d0, q0, r0, m0, 'healthcheck', ... (2 bytes))
2025-11-25T16:06:35: Received DISCONNECT from auto-249AC013-2DEC-459A-4508-0C33EA849BD6
2025-11-25T16:06:35: Client auto-249AC013-2DEC-459A-4508-0C33EA849BD6 disconnected.
2025-11-25T16:06:50: New connection from ::1:44958 on port 1883.
2025-11-25T16:06:50: New client connected from ::1:44958 as auto-EFBE5ECE-5181-6974-B16B-EC04ADEEC2AD (p2, c1, k60).
2025-11-25T16:06:50: No will message specified.
2025-11-25T16:06:50: Sending CONNACK to auto-EFBE5ECE-5181-6974-B16B-EC04ADEEC2AD (0, 0)
2025-11-25T16:06:50: Received PUBLISH from auto-EFBE5ECE-5181-6974-B16B-EC04ADEEC2AD (d0, q0, r0, m0, 'healthcheck', ... (2 bytes))
2025-11-25T16:06:50: Received DISCONNECT from auto-EFBE5ECE-5181-6974-B16B-EC04ADEEC2AD
2025-11-25T16:06:50: Client auto-EFBE5ECE-5181-6974-B16B-EC04ADEEC2AD disconnected.
2025-11-25T16:07:05: New connection from ::1:49076 on port 1883.
2025-11-25T16:07:05: New client connected from ::1:49076 as auto-8B011177-415C-7B06-BB56-B6ACC6170C5C (p2, c1, k60).
2025-11-25T16:07:05: No will message specified.
2025-11-25T16:07:05: Sending CONNACK to auto-8B011177-415C-7B06-BB56-B6ACC6170C5C (0, 0)
2025-11-25T16:07:05: Received PUBLISH from auto-8B011177-415C-7B06-BB56-B6ACC6170C5C (d0, q0, r0, m0, 'healthcheck', ... (2 bytes))
2025-11-25T16:07:05: Received DISCONNECT from auto-8B011177-415C-7B06-BB56-B6ACC6170C5C
2025-11-25T16:07:05: Client auto-8B011177-415C-7B06-BB56-B6ACC6170C5C disconnected.
2025-11-25T16:07:20: New connection from ::1:57654 on port 1883.
2025-11-25T16:07:20: New client connected from ::1:57654 as auto-5F5CC9DB-F97D-6C07-7E92-AF3FA8242FD8 (p2, c1, k60).
2025-11-25T16:07:20: No will message specified.
2025-11-25T16:07:20: Sending CONNACK to auto-5F5CC9DB-F97D-6C07-7E92-AF3FA8242FD8 (0, 0)
2025-11-25T16:07:20: Received PUBLISH from auto-5F5CC9DB-F97D-6C07-7E92-AF3FA8242FD8 (d0, q0, r0, m0, 'healthcheck', ... (2 bytes))
2025-11-25T16:07:20: Received DISCONNECT from auto-5F5CC9DB-F97D-6C07-7E92-AF3FA8242FD8
2025-11-25T16:07:20: Client auto-5F5CC9DB-F97D-6C07-7E92-AF3FA8242FD8 disconnected.
2025-11-25T16:07:35: New connection from ::1:34984 on port 1883.
2025-11-25T16:07:35: New client connected from ::1:34984 as auto-028005A7-C469-15CA-075E-8568FAB2B2A7 (p2, c1, k60).
2025-11-25T16:07:35: No will message specified.
2025-11-25T16:07:35: Sending CONNACK to auto-028005A7-C469-15CA-075E-8568FAB2B2A7 (0, 0)
2025-11-25T16:07:35: Received PUBLISH from auto-028005A7-C469-15CA-075E-8568FAB2B2A7 (d0, q0, r0, m0, 'healthcheck', ... (2 bytes))
2025-11-25T16:07:35: Received DISCONNECT from auto-028005A7-C469-15CA-075E-8568FAB2B2A7
2025-11-25T16:07:35: Client auto-028005A7-C469-15CA-075E-8568FAB2B2A7 disconnected.
2025-11-25T16:07:50: New connection from ::1:40352 on port 1883.
2025-11-25T16:07:50: New client connected from ::1:40352 as auto-9B4ACC9A-3473-1B0F-51B6-BF571B86F4D4 (p2, c1, k60).
2025-11-25T16:07:50: No will message specified.
2025-11-25T16:07:50: Sending CONNACK to auto-9B4ACC9A-3473-1B0F-51B6-BF571B86F4D4 (0, 0)
2025-11-25T16:07:50: Received PUBLISH from auto-9B4ACC9A-3473-1B0F-51B6-BF571B86F4D4 (d0, q0, r0, m0, 'healthcheck', ... (2 bytes))
2025-11-25T16:07:50: Received DISCONNECT from auto-9B4ACC9A-3473-1B0F-51B6-BF571B86F4D4
2025-11-25T16:07:50: Client auto-9B4ACC9A-3473-1B0F-51B6-BF571B86F4D4 disconnected.
2025-11-25T16:08:05: New connection from ::1:36006 on port 1883.
2025-11-25T16:08:05: New client connected from ::1:36006 as auto-AAB4A341-399B-4C06-C9E7-8820355AD0B9 (p2, c1, k60).
2025-11-25T16:08:05: No will message specified.
2025-11-25T16:08:05: Sending CONNACK to auto-AAB4A341-399B-4C06-C9E7-8820355AD0B9 (0, 0)
2025-11-25T16:08:05: Received PUBLISH from auto-AAB4A341-399B-4C06-C9E7-8820355AD0B9 (d0, q0, r0, m0, 'healthcheck', ... (2 bytes))
2025-11-25T16:08:05: Received DISCONNECT from auto-AAB4A341-399B-4C06-C9E7-8820355AD0B9
2025-11-25T16:08:05: Client auto-AAB4A341-399B-4C06-C9E7-8820355AD0B9 disconnected.
2025-11-25T16:08:20: New connection from ::1:39684 on port 1883.
2025-11-25T16:08:20: New client connected from ::1:39684 as auto-B69E5D64-4693-4977-4C08-BBA5D27231FE (p2, c1, k60).
2025-11-25T16:08:20: No will message specified.
2025-11-25T16:08:20: Sending CONNACK to auto-B69E5D64-4693-4977-4C08-BBA5D27231FE (0, 0)
2025-11-25T16:08:20: Received PUBLISH from auto-B69E5D64-4693-4977-4C08-BBA5D27231FE (d0, q0, r0, m0, 'healthcheck', ... (2 bytes))
2025-11-25T16:08:20: Received DISCONNECT from auto-B69E5D64-4693-4977-4C08-BBA5D27231FE
2025-11-25T16:08:20: Client auto-B69E5D64-4693-4977-4C08-BBA5D27231FE disconnected.
2025-11-25T16:08:35: New connection from ::1:57280 on port 1883.
2025-11-25T16:08:35: New client connected from ::1:57280 as auto-80663E61-E3B8-C22D-3137-F81C81576DD4 (p2, c1, k60).
2025-11-25T16:08:35: No will message specified.
2025-11-25T16:08:35: Sending CONNACK to auto-80663E61-E3B8-C22D-3137-F81C81576DD4 (0, 0)
2025-11-25T16:08:35: Received PUBLISH from auto-80663E61-E3B8-C22D-3137-F81C81576DD4 (d0, q0, r0, m0, 'healthcheck', ... (2 bytes))
2025-11-25T16:08:35: Received DISCONNECT from auto-80663E61-E3B8-C22D-3137-F81C81576DD4
2025-11-25T16:08:35: Client auto-80663E61-E3B8-C22D-3137-F81C81576DD4 disconnected.
2025-11-25T16:08:51: New connection from ::1:39120 on port 1883.
2025-11-25T16:08:51: New client connected from ::1:39120 as auto-F62BFD0C-66B7-EFEE-D8DF-2C6F9DC231EA (p2, c1, k60).
2025-11-25T16:08:51: No will message specified.
2025-11-25T16:08:51: Sending CONNACK to auto-F62BFD0C-66B7-EFEE-D8DF-2C6F9DC231EA (0, 0)
2025-11-25T16:08:51: Received PUBLISH from auto-F62BFD0C-66B7-EFEE-D8DF-2C6F9DC231EA (d0, q0, r0, m0, 'healthcheck', ... (2 bytes))
2025-11-25T16:08:51: Received DISCONNECT from auto-F62BFD0C-66B7-EFEE-D8DF-2C6F9DC231EA
2025-11-25T16:08:51: Client auto-F62BFD0C-66B7-EFEE-D8DF-2C6F9DC231EA disconnected.
2025-11-25T16:09:06: New connection from ::1:40382 on port 1883.
2025-11-25T16:09:06: New client connected from ::1:40382 as auto-34CE0F33-FCE6-7C35-6B99-654BD66EA350 (p2, c1, k60).
2025-11-25T16:09:06: No will message specified.
2025-11-25T16:09:06: Sending CONNACK to auto-34CE0F33-FCE6-7C35-6B99-654BD66EA350 (0, 0)
2025-11-25T16:09:06: Received PUBLISH from auto-34CE0F33-FCE6-7C35-6B99-654BD66EA350 (d0, q0, r0, m0, 'healthcheck', ... (2 bytes))
2025-11-25T16:09:06: Received DISCONNECT from auto-34CE0F33-FCE6-7C35-6B99-654BD66EA350
2025-11-25T16:09:06: Client auto-34CE0F33-FCE6-7C35-6B99-654BD66EA350 disconnected.
2025-11-25T16:09:21: New connection from ::1:54702 on port 1883.
2025-11-25T16:09:21: New client connected from ::1:54702 as auto-9982EDD8-9747-FEE9-6FA2-F0ED03F70274 (p2, c1, k60).
2025-11-25T16:09:21: No will message specified.
2025-11-25T16:09:21: Sending CONNACK to auto-9982EDD8-9747-FEE9-6FA2-F0ED03F70274 (0, 0)
2025-11-25T16:09:21: Received PUBLISH from auto-9982EDD8-9747-FEE9-6FA2-F0ED03F70274 (d0, q0, r0, m0, 'healthcheck', ... (2 bytes))
2025-11-25T16:09:21: Received DISCONNECT from auto-9982EDD8-9747-FEE9-6FA2-F0ED03F70274
2025-11-25T16:09:21: Client auto-9982EDD8-9747-FEE9-6FA2-F0ED03F70274 disconnected.
2025-11-25T16:09:36: New connection from ::1:38322 on port 1883.
2025-11-25T16:09:36: New client connected from ::1:38322 as auto-E26ED95D-0E7E-1E51-0C46-058F1FB73C0A (p2, c1, k60).
2025-11-25T16:09:36: No will message specified.
2025-11-25T16:09:36: Sending CONNACK to auto-E26ED95D-0E7E-1E51-0C46-058F1FB73C0A (0, 0)
2025-11-25T16:09:36: Received PUBLISH from auto-E26ED95D-0E7E-1E51-0C46-058F1FB73C0A (d0, q0, r0, m0, 'healthcheck', ... (2 bytes))
2025-11-25T16:09:36: Received DISCONNECT from auto-E26ED95D-0E7E-1E51-0C46-058F1FB73C0A
2025-11-25T16:09:36: Client auto-E26ED95D-0E7E-1E51-0C46-058F1FB73C0A disconnected.
2025-11-25T16:09:51: New connection from ::1:50880 on port 1883.
2025-11-25T16:09:51: New client connected from ::1:50880 as auto-07D723BB-E794-7520-BD91-DB62F7320559 (p2, c1, k60).
2025-11-25T16:09:51: No will message specified.
2025-11-25T16:09:51: Sending CONNACK to auto-07D723BB-E794-7520-BD91-DB62F7320559 (0, 0)
2025-11-25T16:09:51: Received PUBLISH from auto-07D723BB-E794-7520-BD91-DB62F7320559 (d0, q0, r0, m0, 'healthcheck', ... (2 bytes))
2025-11-25T16:09:51: Received DISCONNECT from auto-07D723BB-E794-7520-BD91-DB62F7320559
2025-11-25T16:09:51: Client auto-07D723BB-E794-7520-BD91-DB62F7320559 disconnected.
2025-11-25T16:10:06: New connection from ::1:56466 on port 1883.
2025-11-25T16:10:06: New client connected from ::1:56466 as auto-DD3AEB7D-0E24-C21F-C2BE-AAC3947D8DA3 (p2, c1, k60).
2025-11-25T16:10:06: No will message specified.
2025-11-25T16:10:06: Sending CONNACK to auto-DD3AEB7D-0E24-C21F-C2BE-AAC3947D8DA3 (0, 0)
2025-11-25T16:10:06: Received PUBLISH from auto-DD3AEB7D-0E24-C21F-C2BE-AAC3947D8DA3 (d0, q0, r0, m0, 'healthcheck', ... (2 bytes))
2025-11-25T16:10:06: Received DISCONNECT from auto-DD3AEB7D-0E24-C21F-C2BE-AAC3947D8DA3
2025-11-25T16:10:06: Client auto-DD3AEB7D-0E24-C21F-C2BE-AAC3947D8DA3 disconnected.
2025-11-25T16:10:21: New connection from ::1:57304 on port 1883.
2025-11-25T16:10:21: New client connected from ::1:57304 as auto-559BB8F0-96FD-4AFE-06D5-6F5C9C177989 (p2, c1, k60).
2025-11-25T16:10:21: No will message specified.
2025-11-25T16:10:21: Sending CONNACK to auto-559BB8F0-96FD-4AFE-06D5-6F5C9C177989 (0, 0)
2025-11-25T16:10:21: Received PUBLISH from auto-559BB8F0-96FD-4AFE-06D5-6F5C9C177989 (d0, q0, r0, m0, 'healthcheck', ... (2 bytes))
2025-11-25T16:10:21: Received DISCONNECT from auto-559BB8F0-96FD-4AFE-06D5-6F5C9C177989
2025-11-25T16:10:21: Client auto-559BB8F0-96FD-4AFE-06D5-6F5C9C177989 disconnected.
2025-11-25T16:10:36: New connection from ::1:34494 on port 1883.
2025-11-25T16:10:36: New client connected from ::1:34494 as auto-125BDDF5-9F76-0BAD-8EF0-FA7EE8C684C3 (p2, c1, k60).
2025-11-25T16:10:36: No will message specified.
2025-11-25T16:10:36: Sending CONNACK to auto-125BDDF5-9F76-0BAD-8EF0-FA7EE8C684C3 (0, 0)
2025-11-25T16:10:36: Received PUBLISH from auto-125BDDF5-9F76-0BAD-8EF0-FA7EE8C684C3 (d0, q0, r0, m0, 'healthcheck', ... (2 bytes))
2025-11-25T16:10:36: Received DISCONNECT from auto-125BDDF5-9F76-0BAD-8EF0-FA7EE8C684C3
2025-11-25T16:10:36: Client auto-125BDDF5-9F76-0BAD-8EF0-FA7EE8C684C3 disconnected.
2025-11-25T16:10:51: New connection from ::1:46938 on port 1883.
2025-11-25T16:10:51: New client connected from ::1:46938 as auto-C1FB7A80-F7FC-D7D5-0999-2BEF3ACB17A6 (p2, c1, k60).
2025-11-25T16:10:51: No will message specified.
2025-11-25T16:10:51: Sending CONNACK to auto-C1FB7A80-F7FC-D7D5-0999-2BEF3ACB17A6 (0, 0)
2025-11-25T16:10:51: Received PUBLISH from auto-C1FB7A80-F7FC-D7D5-0999-2BEF3ACB17A6 (d0, q0, r0, m0, 'healthcheck', ... (2 bytes))
2025-11-25T16:10:51: Received DISCONNECT from auto-C1FB7A80-F7FC-D7D5-0999-2BEF3ACB17A6
2025-11-25T16:10:51: Client auto-C1FB7A80-F7FC-D7D5-0999-2BEF3ACB17A6 disconnected.
2025-11-25T16:11:06: New connection from ::1:33180 on port 1883.
2025-11-25T16:11:06: New client connected from ::1:33180 as auto-01A31056-BEB4-374D-80CB-E005DF15148B (p2, c1, k60).
2025-11-25T16:11:06: No will message specified.
2025-11-25T16:11:06: Sending CONNACK to auto-01A31056-BEB4-374D-80CB-E005DF15148B (0, 0)
2025-11-25T16:11:06: Received PUBLISH from auto-01A31056-BEB4-374D-80CB-E005DF15148B (d0, q0, r0, m0, 'healthcheck', ... (2 bytes))
2025-11-25T16:11:06: Received DISCONNECT from auto-01A31056-BEB4-374D-80CB-E005DF15148B
2025-11-25T16:11:06: Client auto-01A31056-BEB4-374D-80CB-E005DF15148B disconnected.
2025-11-25T16:11:21: New connection from ::1:49874 on port 1883.
2025-11-25T16:11:21: New client connected from ::1:49874 as auto-8DBE3E60-6EC9-D73C-31B5-6FFC30893E90 (p2, c1, k60).
2025-11-25T16:11:21: No will message specified.
2025-11-25T16:11:21: Sending CONNACK to auto-8DBE3E60-6EC9-D73C-31B5-6FFC30893E90 (0, 0)
2025-11-25T16:11:21: Received PUBLISH from auto-8DBE3E60-6EC9-D73C-31B5-6FFC30893E90 (d0, q0, r0, m0, 'healthcheck', ... (2 bytes))
2025-11-25T16:11:21: Received DISCONNECT from auto-8DBE3E60-6EC9-D73C-31B5-6FFC30893E90
2025-11-25T16:11:21: Client auto-8DBE3E60-6EC9-D73C-31B5-6FFC30893E90 disconnected.
2025-11-25T16:11:36: New connection from ::1:57824 on port 1883.
2025-11-25T16:11:36: New client connected from ::1:57824 as auto-8ADDA655-667D-0B01-7622-6A676D13E24A (p2, c1, k60).
2025-11-25T16:11:36: No will message specified.
2025-11-25T16:11:36: Sending CONNACK to auto-8ADDA655-667D-0B01-7622-6A676D13E24A (0, 0)
2025-11-25T16:11:36: Received PUBLISH from auto-8ADDA655-667D-0B01-7622-6A676D13E24A (d0, q0, r0, m0, 'healthcheck', ... (2 bytes))
2025-11-25T16:11:36: Received DISCONNECT from auto-8ADDA655-667D-0B01-7622-6A676D13E24A
2025-11-25T16:11:36: Client auto-8ADDA655-667D-0B01-7622-6A676D13E24A disconnected.
2025-11-25T16:11:51: New connection from ::1:51686 on port 1883.
2025-11-25T16:11:51: New client connected from ::1:51686 as auto-D906F616-0C9E-8125-552D-018B94CB61B4 (p2, c1, k60).
2025-11-25T16:11:51: No will message specified.
2025-11-25T16:11:51: Sending CONNACK to auto-D906F616-0C9E-8125-552D-018B94CB61B4 (0, 0)
2025-11-25T16:11:51: Received PUBLISH from auto-D906F616-0C9E-8125-552D-018B94CB61B4 (d0, q0, r0, m0, 'healthcheck', ... (2 bytes))
2025-11-25T16:11:51: Received DISCONNECT from auto-D906F616-0C9E-8125-552D-018B94CB61B4
2025-11-25T16:11:51: Client auto-D906F616-0C9E-8125-552D-018B94CB61B4 disconnected.
2025-11-25T16:12:06: New connection from ::1:44272 on port 1883.
2025-11-25T16:12:06: New client connected from ::1:44272 as auto-3E4E6E67-FC92-48CB-922D-F89EB00C8B35 (p2, c1, k60).
2025-11-25T16:12:06: No will message specified.
2025-11-25T16:12:06: Sending CONNACK to auto-3E4E6E67-FC92-48CB-922D-F89EB00C8B35 (0, 0)
2025-11-25T16:12:06: Received PUBLISH from auto-3E4E6E67-FC92-48CB-922D-F89EB00C8B35 (d0, q0, r0, m0, 'healthcheck', ... (2 bytes))
2025-11-25T16:12:06: Received DISCONNECT from auto-3E4E6E67-FC92-48CB-922D-F89EB00C8B35
2025-11-25T16:12:06: Client auto-3E4E6E67-FC92-48CB-922D-F89EB00C8B35 disconnected.
2025-11-25T16:12:21: New connection from ::1:37336 on port 1883.
2025-11-25T16:12:21: New client connected from ::1:37336 as auto-F983BE7D-CE17-27EB-D24A-248FE5ECF6EA (p2, c1, k60).
2025-11-25T16:12:21: No will message specified.
2025-11-25T16:12:21: Sending CONNACK to auto-F983BE7D-CE17-27EB-D24A-248FE5ECF6EA (0, 0)
2025-11-25T16:12:21: Received PUBLISH from auto-F983BE7D-CE17-27EB-D24A-248FE5ECF6EA (d0, q0, r0, m0, 'healthcheck', ... (2 bytes))
2025-11-25T16:12:21: Received DISCONNECT from auto-F983BE7D-CE17-27EB-D24A-248FE5ECF6EA
2025-11-25T16:12:21: Client auto-F983BE7D-CE17-27EB-D24A-248FE5ECF6EA disconnected.
2025-11-25T16:12:36: New connection from ::1:54322 on port 1883.
2025-11-25T16:12:36: New client connected from ::1:54322 as auto-8A500644-3502-32BF-10F8-6342B43DE3E5 (p2, c1, k60).
2025-11-25T16:12:36: No will message specified.
2025-11-25T16:12:36: Sending CONNACK to auto-8A500644-3502-32BF-10F8-6342B43DE3E5 (0, 0)
2025-11-25T16:12:36: Received PUBLISH from auto-8A500644-3502-32BF-10F8-6342B43DE3E5 (d0, q0, r0, m0, 'healthcheck', ... (2 bytes))
2025-11-25T16:12:36: Received DISCONNECT from auto-8A500644-3502-32BF-10F8-6342B43DE3E5
2025-11-25T16:12:36: Client auto-8A500644-3502-32BF-10F8-6342B43DE3E5 disconnected.
2025-11-25T16:12:52: New connection from ::1:43204 on port 1883.
2025-11-25T16:12:52: New client connected from ::1:43204 as auto-4F84D9D7-4204-6E8C-8B1D-1AA9B8EFAC98 (p2, c1, k60).
2025-11-25T16:12:52: No will message specified.
2025-11-25T16:12:52: Sending CONNACK to auto-4F84D9D7-4204-6E8C-8B1D-1AA9B8EFAC98 (0, 0)
2025-11-25T16:12:52: Received PUBLISH from auto-4F84D9D7-4204-6E8C-8B1D-1AA9B8EFAC98 (d0, q0, r0, m0, 'healthcheck', ... (2 bytes))
2025-11-25T16:12:52: Received DISCONNECT from auto-4F84D9D7-4204-6E8C-8B1D-1AA9B8EFAC98
2025-11-25T16:12:52: Client auto-4F84D9D7-4204-6E8C-8B1D-1AA9B8EFAC98 disconnected.
2025-11-25T16:13:07: New connection from ::1:53450 on port 1883.
2025-11-25T16:13:07: New client connected from ::1:53450 as auto-DBF6D2B6-9DDF-E0DE-F6CA-DC09E28B8F48 (p2, c1, k60).
2025-11-25T16:13:07: No will message specified.
2025-11-25T16:13:07: Sending CONNACK to auto-DBF6D2B6-9DDF-E0DE-F6CA-DC09E28B8F48 (0, 0)
2025-11-25T16:13:07: Received PUBLISH from auto-DBF6D2B6-9DDF-E0DE-F6CA-DC09E28B8F48 (d0, q0, r0, m0, 'healthcheck', ... (2 bytes))
2025-11-25T16:13:07: Received DISCONNECT from auto-DBF6D2B6-9DDF-E0DE-F6CA-DC09E28B8F48
2025-11-25T16:13:07: Client auto-DBF6D2B6-9DDF-E0DE-F6CA-DC09E28B8F48 disconnected.
2025-11-25T16:13:22: New connection from ::1:51498 on port 1883.
2025-11-25T16:13:22: New client connected from ::1:51498 as auto-5ACAE9C2-4073-8954-0F02-D5C6CD527BC5 (p2, c1, k60).
2025-11-25T16:13:22: No will message specified.
2025-11-25T16:13:22: Sending CONNACK to auto-5ACAE9C2-4073-8954-0F02-D5C6CD527BC5 (0, 0)
2025-11-25T16:13:22: Received PUBLISH from auto-5ACAE9C2-4073-8954-0F02-D5C6CD527BC5 (d0, q0, r0, m0, 'healthcheck', ... (2 bytes))
2025-11-25T16:13:22: Received DISCONNECT from auto-5ACAE9C2-4073-8954-0F02-D5C6CD527BC5
2025-11-25T16:13:22: Client auto-5ACAE9C2-4073-8954-0F02-D5C6CD527BC5 disconnected.
2025-11-25T16:13:37: New connection from ::1:37408 on port 1883.
2025-11-25T16:13:37: New client connected from ::1:37408 as auto-BBDF7F64-C538-E992-B81E-57FD23B5B5A7 (p2, c1, k60).
2025-11-25T16:13:37: No will message specified.
2025-11-25T16:13:37: Sending CONNACK to auto-BBDF7F64-C538-E992-B81E-57FD23B5B5A7 (0, 0)
2025-11-25T16:13:37: Received PUBLISH from auto-BBDF7F64-C538-E992-B81E-57FD23B5B5A7 (d0, q0, r0, m0, 'healthcheck', ... (2 bytes))
2025-11-25T16:13:37: Received DISCONNECT from auto-BBDF7F64-C538-E992-B81E-57FD23B5B5A7
2025-11-25T16:13:37: Client auto-BBDF7F64-C538-E992-B81E-57FD23B5B5A7 disconnected.
2025-11-25T16:13:52: New connection from ::1:54558 on port 1883.
2025-11-25T16:13:52: New client connected from ::1:54558 as auto-D59119D6-97AA-95A8-A809-E5640B329512 (p2, c1, k60).
2025-11-25T16:13:52: No will message specified.
2025-11-25T16:13:52: Sending CONNACK to auto-D59119D6-97AA-95A8-A809-E5640B329512 (0, 0)
2025-11-25T16:13:52: Received PUBLISH from auto-D59119D6-97AA-95A8-A809-E5640B329512 (d0, q0, r0, m0, 'healthcheck', ... (2 bytes))
2025-11-25T16:13:52: Received DISCONNECT from auto-D59119D6-97AA-95A8-A809-E5640B329512
2025-11-25T16:13:52: Client auto-D59119D6-97AA-95A8-A809-E5640B329512 disconnected.
2025-11-25T16:14:07: New connection from ::1:51848 on port 1883.
2025-11-25T16:14:07: New client connected from ::1:51848 as auto-A211C6CA-E774-52B3-CA2C-1FFAC99FC115 (p2, c1, k60).
2025-11-25T16:14:07: No will message specified.
2025-11-25T16:14:07: Sending CONNACK to auto-A211C6CA-E774-52B3-CA2C-1FFAC99FC115 (0, 0)
2025-11-25T16:14:07: Received PUBLISH from auto-A211C6CA-E774-52B3-CA2C-1FFAC99FC115 (d0, q0, r0, m0, 'healthcheck', ... (2 bytes))
2025-11-25T16:14:07: Received DISCONNECT from auto-A211C6CA-E774-52B3-CA2C-1FFAC99FC115
2025-11-25T16:14:07: Client auto-A211C6CA-E774-52B3-CA2C-1FFAC99FC115 disconnected.
2025-11-25T16:14:22: New connection from ::1:55002 on port 1883.
2025-11-25T16:14:22: New client connected from ::1:55002 as auto-828ACBE6-A508-86CA-944D-D8E61C32056F (p2, c1, k60).
2025-11-25T16:14:22: No will message specified.
2025-11-25T16:14:22: Sending CONNACK to auto-828ACBE6-A508-86CA-944D-D8E61C32056F (0, 0)
2025-11-25T16:14:22: Received PUBLISH from auto-828ACBE6-A508-86CA-944D-D8E61C32056F (d0, q0, r0, m0, 'healthcheck', ... (2 bytes))
2025-11-25T16:14:22: Received DISCONNECT from auto-828ACBE6-A508-86CA-944D-D8E61C32056F
2025-11-25T16:14:22: Client auto-828ACBE6-A508-86CA-944D-D8E61C32056F disconnected.
2025-11-25T16:14:37: New connection from ::1:45924 on port 1883.
2025-11-25T16:14:37: New client connected from ::1:45924 as auto-60D82BC5-A72B-EAF3-2AD8-5B253524C945 (p2, c1, k60).
2025-11-25T16:14:37: No will message specified.
2025-11-25T16:14:37: Sending CONNACK to auto-60D82BC5-A72B-EAF3-2AD8-5B253524C945 (0, 0)
2025-11-25T16:14:37: Received PUBLISH from auto-60D82BC5-A72B-EAF3-2AD8-5B253524C945 (d0, q0, r0, m0, 'healthcheck', ... (2 bytes))
2025-11-25T16:14:37: Received DISCONNECT from auto-60D82BC5-A72B-EAF3-2AD8-5B253524C945
2025-11-25T16:14:37: Client auto-60D82BC5-A72B-EAF3-2AD8-5B253524C945 disconnected.
2025-11-25T16:14:52: New connection from ::1:39656 on port 1883.
2025-11-25T16:14:52: New client connected from ::1:39656 as auto-45027B40-834F-5EB3-A0F9-9FCA0639EBEB (p2, c1, k60).
2025-11-25T16:14:52: No will message specified.
2025-11-25T16:14:52: Sending CONNACK to auto-45027B40-834F-5EB3-A0F9-9FCA0639EBEB (0, 0)
2025-11-25T16:14:52: Received PUBLISH from auto-45027B40-834F-5EB3-A0F9-9FCA0639EBEB (d0, q0, r0, m0, 'healthcheck', ... (2 bytes))
2025-11-25T16:14:52: Received DISCONNECT from auto-45027B40-834F-5EB3-A0F9-9FCA0639EBEB
2025-11-25T16:14:52: Client auto-45027B40-834F-5EB3-A0F9-9FCA0639EBEB disconnected.
2025-11-25T16:15:07: New connection from ::1:51134 on port 1883.
2025-11-25T16:15:07: New client connected from ::1:51134 as auto-6BB7DB5B-AB90-D340-5741-CBD8ED15282B (p2, c1, k60).
2025-11-25T16:15:07: No will message specified.
2025-11-25T16:15:07: Sending CONNACK to auto-6BB7DB5B-AB90-D340-5741-CBD8ED15282B (0, 0)
2025-11-25T16:15:07: Received PUBLISH from auto-6BB7DB5B-AB90-D340-5741-CBD8ED15282B (d0, q0, r0, m0, 'healthcheck', ... (2 bytes))
2025-11-25T16:15:07: Received DISCONNECT from auto-6BB7DB5B-AB90-D340-5741-CBD8ED15282B
2025-11-25T16:15:07: Client auto-6BB7DB5B-AB90-D340-5741-CBD8ED15282B disconnected.
2025-11-25T16:15:22: New connection from ::1:54120 on port 1883.
2025-11-25T16:15:22: New client connected from ::1:54120 as auto-902743EC-4CF0-66B3-294C-41CA9C03469C (p2, c1, k60).
2025-11-25T16:15:22: No will message specified.
2025-11-25T16:15:22: Sending CONNACK to auto-902743EC-4CF0-66B3-294C-41CA9C03469C (0, 0)
2025-11-25T16:15:22: Received PUBLISH from auto-902743EC-4CF0-66B3-294C-41CA9C03469C (d0, q0, r0, m0, 'healthcheck', ... (2 bytes))
2025-11-25T16:15:22: Received DISCONNECT from auto-902743EC-4CF0-66B3-294C-41CA9C03469C
2025-11-25T16:15:22: Client auto-902743EC-4CF0-66B3-294C-41CA9C03469C disconnected.
2025-11-25T16:15:37: New connection from ::1:52786 on port 1883.
2025-11-25T16:15:37: New client connected from ::1:52786 as auto-6AC80D27-F2E9-3CD1-F7BE-1D325ECB690D (p2, c1, k60).
2025-11-25T16:15:37: No will message specified.
2025-11-25T16:15:37: Sending CONNACK to auto-6AC80D27-F2E9-3CD1-F7BE-1D325ECB690D (0, 0)
2025-11-25T16:15:37: Received PUBLISH from auto-6AC80D27-F2E9-3CD1-F7BE-1D325ECB690D (d0, q0, r0, m0, 'healthcheck', ... (2 bytes))
2025-11-25T16:15:37: Received DISCONNECT from auto-6AC80D27-F2E9-3CD1-F7BE-1D325ECB690D
2025-11-25T16:15:37: Client auto-6AC80D27-F2E9-3CD1-F7BE-1D325ECB690D disconnected.
2025-11-25T16:15:52: New connection from ::1:45654 on port 1883.
2025-11-25T16:15:52: New client connected from ::1:45654 as auto-27F73223-5610-7AE9-4C37-7E7D76580473 (p2, c1, k60).
2025-11-25T16:15:52: No will message specified.
2025-11-25T16:15:52: Sending CONNACK to auto-27F73223-5610-7AE9-4C37-7E7D76580473 (0, 0)
2025-11-25T16:15:52: Received PUBLISH from auto-27F73223-5610-7AE9-4C37-7E7D76580473 (d0, q0, r0, m0, 'healthcheck', ... (2 bytes))
2025-11-25T16:15:52: Received DISCONNECT from auto-27F73223-5610-7AE9-4C37-7E7D76580473
2025-11-25T16:15:52: Client auto-27F73223-5610-7AE9-4C37-7E7D76580473 disconnected.
2025-11-25T16:16:07: New connection from ::1:36140 on port 1883.
2025-11-25T16:16:07: New client connected from ::1:36140 as auto-0E194909-C69A-476F-C101-968CE2CA4CB8 (p2, c1, k60).
2025-11-25T16:16:07: No will message specified.
2025-11-25T16:16:07: Sending CONNACK to auto-0E194909-C69A-476F-C101-968CE2CA4CB8 (0, 0)
2025-11-25T16:16:07: Received PUBLISH from auto-0E194909-C69A-476F-C101-968CE2CA4CB8 (d0, q0, r0, m0, 'healthcheck', ... (2 bytes))
2025-11-25T16:16:07: Received DISCONNECT from auto-0E194909-C69A-476F-C101-968CE2CA4CB8
2025-11-25T16:16:07: Client auto-0E194909-C69A-476F-C101-968CE2CA4CB8 disconnected.
2025-11-25T16:16:22: New connection from ::1:52626 on port 1883.
2025-11-25T16:16:22: New client connected from ::1:52626 as auto-B6E2085D-6A35-8A12-CC23-B00960EA5FDD (p2, c1, k60).
2025-11-25T16:16:22: No will message specified.
2025-11-25T16:16:22: Sending CONNACK to auto-B6E2085D-6A35-8A12-CC23-B00960EA5FDD (0, 0)
2025-11-25T16:16:22: Received PUBLISH from auto-B6E2085D-6A35-8A12-CC23-B00960EA5FDD (d0, q0, r0, m0, 'healthcheck', ... (2 bytes))
2025-11-25T16:16:22: Received DISCONNECT from auto-B6E2085D-6A35-8A12-CC23-B00960EA5FDD
2025-11-25T16:16:22: Client auto-B6E2085D-6A35-8A12-CC23-B00960EA5FDD disconnected.
2025-11-25T16:16:37: New connection from ::1:36584 on port 1883.
2025-11-25T16:16:37: New client connected from ::1:36584 as auto-BEDDF6A9-96CB-65D9-B691-B42707EB336D (p2, c1, k60).
2025-11-25T16:16:37: No will message specified.
2025-11-25T16:16:37: Sending CONNACK to auto-BEDDF6A9-96CB-65D9-B691-B42707EB336D (0, 0)
2025-11-25T16:16:37: Received PUBLISH from auto-BEDDF6A9-96CB-65D9-B691-B42707EB336D (d0, q0, r0, m0, 'healthcheck', ... (2 bytes))
2025-11-25T16:16:37: Received DISCONNECT from auto-BEDDF6A9-96CB-65D9-B691-B42707EB336D
2025-11-25T16:16:37: Client auto-BEDDF6A9-96CB-65D9-B691-B42707EB336D disconnected.
2025-11-25T16:16:52: New connection from ::1:55366 on port 1883.
2025-11-25T16:16:52: New client connected from ::1:55366 as auto-AED043D7-6668-A34E-DB54-D18A7F3C1B42 (p2, c1, k60).
2025-11-25T16:16:52: No will message specified.
2025-11-25T16:16:52: Sending CONNACK to auto-AED043D7-6668-A34E-DB54-D18A7F3C1B42 (0, 0)
2025-11-25T16:16:52: Received PUBLISH from auto-AED043D7-6668-A34E-DB54-D18A7F3C1B42 (d0, q0, r0, m0, 'healthcheck', ... (2 bytes))
2025-11-25T16:16:52: Received DISCONNECT from auto-AED043D7-6668-A34E-DB54-D18A7F3C1B42
2025-11-25T16:16:52: Client auto-AED043D7-6668-A34E-DB54-D18A7F3C1B42 disconnected.
2025-11-25T16:17:08: New connection from ::1:38492 on port 1883.
2025-11-25T16:17:08: New client connected from ::1:38492 as auto-D1E4E79E-70F2-3EE6-C8FF-888E4A4D5B64 (p2, c1, k60).
2025-11-25T16:17:08: No will message specified.
2025-11-25T16:17:08: Sending CONNACK to auto-D1E4E79E-70F2-3EE6-C8FF-888E4A4D5B64 (0, 0)
2025-11-25T16:17:08: Received PUBLISH from auto-D1E4E79E-70F2-3EE6-C8FF-888E4A4D5B64 (d0, q0, r0, m0, 'healthcheck', ... (2 bytes))
2025-11-25T16:17:08: Received DISCONNECT from auto-D1E4E79E-70F2-3EE6-C8FF-888E4A4D5B64
2025-11-25T16:17:08: Client auto-D1E4E79E-70F2-3EE6-C8FF-888E4A4D5B64 disconnected.
2025-11-25T16:17:23: New connection from ::1:50568 on port 1883.
2025-11-25T16:17:23: New client connected from ::1:50568 as auto-B92F51A8-8E5B-8383-D40D-77AA147EAF1B (p2, c1, k60).
2025-11-25T16:17:23: No will message specified.
2025-11-25T16:17:23: Sending CONNACK to auto-B92F51A8-8E5B-8383-D40D-77AA147EAF1B (0, 0)
2025-11-25T16:17:23: Received PUBLISH from auto-B92F51A8-8E5B-8383-D40D-77AA147EAF1B (d0, q0, r0, m0, 'healthcheck', ... (2 bytes))
2025-11-25T16:17:23: Received DISCONNECT from auto-B92F51A8-8E5B-8383-D40D-77AA147EAF1B
2025-11-25T16:17:23: Client auto-B92F51A8-8E5B-8383-D40D-77AA147EAF1B disconnected.
2025-11-25T16:17:38: New connection from ::1:56510 on port 1883.
2025-11-25T16:17:38: New client connected from ::1:56510 as auto-468DA3A2-986F-83BC-48A9-12D48CD6A05B (p2, c1, k60).
2025-11-25T16:17:38: No will message specified.
2025-11-25T16:17:38: Sending CONNACK to auto-468DA3A2-986F-83BC-48A9-12D48CD6A05B (0, 0)
2025-11-25T16:17:38: Received PUBLISH from auto-468DA3A2-986F-83BC-48A9-12D48CD6A05B (d0, q0, r0, m0, 'healthcheck', ... (2 bytes))
2025-11-25T16:17:38: Received DISCONNECT from auto-468DA3A2-986F-83BC-48A9-12D48CD6A05B
2025-11-25T16:17:38: Client auto-468DA3A2-986F-83BC-48A9-12D48CD6A05B disconnected.
2025-11-25T16:17:53: New connection from ::1:50384 on port 1883.
2025-11-25T16:17:53: New client connected from ::1:50384 as auto-2DE6A65F-5319-F787-E574-EA6ADACDFF29 (p2, c1, k60).
2025-11-25T16:17:53: No will message specified.
2025-11-25T16:17:53: Sending CONNACK to auto-2DE6A65F-5319-F787-E574-EA6ADACDFF29 (0, 0)
2025-11-25T16:17:53: Received PUBLISH from auto-2DE6A65F-5319-F787-E574-EA6ADACDFF29 (d0, q0, r0, m0, 'healthcheck', ... (2 bytes))
2025-11-25T16:17:53: Received DISCONNECT from auto-2DE6A65F-5319-F787-E574-EA6ADACDFF29
2025-11-25T16:17:53: Client auto-2DE6A65F-5319-F787-E574-EA6ADACDFF29 disconnected.
2025-11-25T16:18:08: New connection from ::1:45536 on port 1883.
2025-11-25T16:18:08: New client connected from ::1:45536 as auto-0D64EDA9-B72F-D300-5183-1C08684535D9 (p2, c1, k60).
2025-11-25T16:18:08: No will message specified.
2025-11-25T16:18:08: Sending CONNACK to auto-0D64EDA9-B72F-D300-5183-1C08684535D9 (0, 0)
2025-11-25T16:18:08: Received PUBLISH from auto-0D64EDA9-B72F-D300-5183-1C08684535D9 (d0, q0, r0, m0, 'healthcheck', ... (2 bytes))
2025-11-25T16:18:08: Received DISCONNECT from auto-0D64EDA9-B72F-D300-5183-1C08684535D9
2025-11-25T16:18:08: Client auto-0D64EDA9-B72F-D300-5183-1C08684535D9 disconnected.
2025-11-25T16:18:23: New connection from ::1:57892 on port 1883.
2025-11-25T16:18:23: New client connected from ::1:57892 as auto-242B7238-B073-8EC8-A2BF-F6F65F961117 (p2, c1, k60).
2025-11-25T16:18:23: No will message specified.
2025-11-25T16:18:23: Sending CONNACK to auto-242B7238-B073-8EC8-A2BF-F6F65F961117 (0, 0)
2025-11-25T16:18:23: Received PUBLISH from auto-242B7238-B073-8EC8-A2BF-F6F65F961117 (d0, q0, r0, m0, 'healthcheck', ... (2 bytes))
2025-11-25T16:18:23: Received DISCONNECT from auto-242B7238-B073-8EC8-A2BF-F6F65F961117
2025-11-25T16:18:23: Client auto-242B7238-B073-8EC8-A2BF-F6F65F961117 disconnected.
2025-11-25T16:18:38: New connection from ::1:39642 on port 1883.
2025-11-25T16:18:38: New client connected from ::1:39642 as auto-BAA59CE1-BD6B-5491-B038-32BB9ACDE334 (p2, c1, k60).
2025-11-25T16:18:38: No will message specified.
2025-11-25T16:18:38: Sending CONNACK to auto-BAA59CE1-BD6B-5491-B038-32BB9ACDE334 (0, 0)
2025-11-25T16:18:38: Received PUBLISH from auto-BAA59CE1-BD6B-5491-B038-32BB9ACDE334 (d0, q0, r0, m0, 'healthcheck', ... (2 bytes))
2025-11-25T16:18:38: Received DISCONNECT from auto-BAA59CE1-BD6B-5491-B038-32BB9ACDE334
2025-11-25T16:18:38: Client auto-BAA59CE1-BD6B-5491-B038-32BB9ACDE334 disconnected.
2025-11-25T16:18:53: New connection from ::1:60784 on port 1883.
2025-11-25T16:18:53: New client connected from ::1:60784 as auto-AF56F97A-BE85-C080-11E4-66C03F86A4B2 (p2, c1, k60).
2025-11-25T16:18:53: No will message specified.
2025-11-25T16:18:53: Sending CONNACK to auto-AF56F97A-BE85-C080-11E4-66C03F86A4B2 (0, 0)
2025-11-25T16:18:53: Received PUBLISH from auto-AF56F97A-BE85-C080-11E4-66C03F86A4B2 (d0, q0, r0, m0, 'healthcheck', ... (2 bytes))
2025-11-25T16:18:53: Received DISCONNECT from auto-AF56F97A-BE85-C080-11E4-66C03F86A4B2
2025-11-25T16:18:53: Client auto-AF56F97A-BE85-C080-11E4-66C03F86A4B2 disconnected.
2025-11-25T16:19:08: New connection from ::1:49946 on port 1883.
2025-11-25T16:19:08: New client connected from ::1:49946 as auto-9046E68A-21AB-25F5-73C3-FBBCFD7A6AA1 (p2, c1, k60).
2025-11-25T16:19:08: No will message specified.
2025-11-25T16:19:08: Sending CONNACK to auto-9046E68A-21AB-25F5-73C3-FBBCFD7A6AA1 (0, 0)
2025-11-25T16:19:08: Received PUBLISH from auto-9046E68A-21AB-25F5-73C3-FBBCFD7A6AA1 (d0, q0, r0, m0, 'healthcheck', ... (2 bytes))
2025-11-25T16:19:08: Received DISCONNECT from auto-9046E68A-21AB-25F5-73C3-FBBCFD7A6AA1
2025-11-25T16:19:08: Client auto-9046E68A-21AB-25F5-73C3-FBBCFD7A6AA1 disconnected.
2025-11-25T16:19:23: New connection from ::1:33526 on port 1883.
2025-11-25T16:19:23: New client connected from ::1:33526 as auto-325450B3-6647-7AFD-3F48-4565FFC7EE22 (p2, c1, k60).
2025-11-25T16:19:23: No will message specified.
2025-11-25T16:19:23: Sending CONNACK to auto-325450B3-6647-7AFD-3F48-4565FFC7EE22 (0, 0)
2025-11-25T16:19:23: Received PUBLISH from auto-325450B3-6647-7AFD-3F48-4565FFC7EE22 (d0, q0, r0, m0, 'healthcheck', ... (2 bytes))
2025-11-25T16:19:23: Received DISCONNECT from auto-325450B3-6647-7AFD-3F48-4565FFC7EE22
2025-11-25T16:19:23: Client auto-325450B3-6647-7AFD-3F48-4565FFC7EE22 disconnected.
2025-11-25T16:19:38: New connection from ::1:44240 on port 1883.
2025-11-25T16:19:38: New client connected from ::1:44240 as auto-487CD7CA-9039-B434-6011-B0687AB74D28 (p2, c1, k60).
2025-11-25T16:19:38: No will message specified.
2025-11-25T16:19:38: Sending CONNACK to auto-487CD7CA-9039-B434-6011-B0687AB74D28 (0, 0)
2025-11-25T16:19:38: Received PUBLISH from auto-487CD7CA-9039-B434-6011-B0687AB74D28 (d0, q0, r0, m0, 'healthcheck', ... (2 bytes))
2025-11-25T16:19:38: Received DISCONNECT from auto-487CD7CA-9039-B434-6011-B0687AB74D28
2025-11-25T16:19:38: Client auto-487CD7CA-9039-B434-6011-B0687AB74D28 disconnected.
2025-11-25T16:19:53: New connection from ::1:43502 on port 1883.
2025-11-25T16:19:53: New client connected from ::1:43502 as auto-FFBB9A1A-3E01-E308-2AC0-9744B5AEA0B9 (p2, c1, k60).
2025-11-25T16:19:53: No will message specified.
2025-11-25T16:19:53: Sending CONNACK to auto-FFBB9A1A-3E01-E308-2AC0-9744B5AEA0B9 (0, 0)
2025-11-25T16:19:53: Received PUBLISH from auto-FFBB9A1A-3E01-E308-2AC0-9744B5AEA0B9 (d0, q0, r0, m0, 'healthcheck', ... (2 bytes))
2025-11-25T16:19:53: Received DISCONNECT from auto-FFBB9A1A-3E01-E308-2AC0-9744B5AEA0B9
2025-11-25T16:19:53: Client auto-FFBB9A1A-3E01-E308-2AC0-9744B5AEA0B9 disconnected.
2025-11-25T16:20:08: New connection from ::1:50178 on port 1883.
2025-11-25T16:20:08: New client connected from ::1:50178 as auto-7844D40E-7420-027C-2757-9F89A4A39502 (p2, c1, k60).
2025-11-25T16:20:08: No will message specified.
2025-11-25T16:20:08: Sending CONNACK to auto-7844D40E-7420-027C-2757-9F89A4A39502 (0, 0)
2025-11-25T16:20:08: Received PUBLISH from auto-7844D40E-7420-027C-2757-9F89A4A39502 (d0, q0, r0, m0, 'healthcheck', ... (2 bytes))
2025-11-25T16:20:08: Received DISCONNECT from auto-7844D40E-7420-027C-2757-9F89A4A39502
2025-11-25T16:20:08: Client auto-7844D40E-7420-027C-2757-9F89A4A39502 disconnected.
2025-11-25T16:20:23: New connection from ::1:47484 on port 1883.
2025-11-25T16:20:23: New client connected from ::1:47484 as auto-6DE9E622-730F-68CC-E8EB-E12BEEB26D79 (p2, c1, k60).
2025-11-25T16:20:23: No will message specified.
2025-11-25T16:20:23: Sending CONNACK to auto-6DE9E622-730F-68CC-E8EB-E12BEEB26D79 (0, 0)
2025-11-25T16:20:23: Received PUBLISH from auto-6DE9E622-730F-68CC-E8EB-E12BEEB26D79 (d0, q0, r0, m0, 'healthcheck', ... (2 bytes))
2025-11-25T16:20:23: Received DISCONNECT from auto-6DE9E622-730F-68CC-E8EB-E12BEEB26D79
2025-11-25T16:20:23: Client auto-6DE9E622-730F-68CC-E8EB-E12BEEB26D79 disconnected.
2025-11-25T16:20:38: New connection from ::1:37636 on port 1883.
2025-11-25T16:20:38: New client connected from ::1:37636 as auto-2D3CD9ED-9056-A399-4AE2-7F0085B37ACD (p2, c1, k60).
2025-11-25T16:20:38: No will message specified.
2025-11-25T16:20:38: Sending CONNACK to auto-2D3CD9ED-9056-A399-4AE2-7F0085B37ACD (0, 0)
2025-11-25T16:20:38: Received PUBLISH from auto-2D3CD9ED-9056-A399-4AE2-7F0085B37ACD (d0, q0, r0, m0, 'healthcheck', ... (2 bytes))
2025-11-25T16:20:38: Received DISCONNECT from auto-2D3CD9ED-9056-A399-4AE2-7F0085B37ACD
2025-11-25T16:20:38: Client auto-2D3CD9ED-9056-A399-4AE2-7F0085B37ACD disconnected.
2025-11-25T16:20:53: New connection from ::1:41050 on port 1883.
2025-11-25T16:20:53: New client connected from ::1:41050 as auto-1CC1C454-D705-28CD-7666-7EB8422F73C9 (p2, c1, k60).
2025-11-25T16:20:53: No will message specified.
2025-11-25T16:20:53: Sending CONNACK to auto-1CC1C454-D705-28CD-7666-7EB8422F73C9 (0, 0)
2025-11-25T16:20:53: Received PUBLISH from auto-1CC1C454-D705-28CD-7666-7EB8422F73C9 (d0, q0, r0, m0, 'healthcheck', ... (2 bytes))
2025-11-25T16:20:53: Received DISCONNECT from auto-1CC1C454-D705-28CD-7666-7EB8422F73C9
2025-11-25T16:20:53: Client auto-1CC1C454-D705-28CD-7666-7EB8422F73C9 disconnected.
2025-11-25T16:21:08: New connection from ::1:46114 on port 1883.
2025-11-25T16:21:08: New client connected from ::1:46114 as auto-A9D256C2-95E3-AADD-0006-8340234D2630 (p2, c1, k60).
2025-11-25T16:21:08: No will message specified.
2025-11-25T16:21:08: Sending CONNACK to auto-A9D256C2-95E3-AADD-0006-8340234D2630 (0, 0)
2025-11-25T16:21:08: Received PUBLISH from auto-A9D256C2-95E3-AADD-0006-8340234D2630 (d0, q0, r0, m0, 'healthcheck', ... (2 bytes))
2025-11-25T16:21:08: Received DISCONNECT from auto-A9D256C2-95E3-AADD-0006-8340234D2630
2025-11-25T16:21:08: Client auto-A9D256C2-95E3-AADD-0006-8340234D2630 disconnected.
2025-11-25T16:21:24: New connection from ::1:50304 on port 1883.
2025-11-25T16:21:24: New client connected from ::1:50304 as auto-541336E1-EE30-0FB0-4B08-292C10CCC5F3 (p2, c1, k60).
2025-11-25T16:21:24: No will message specified.
2025-11-25T16:21:24: Sending CONNACK to auto-541336E1-EE30-0FB0-4B08-292C10CCC5F3 (0, 0)
2025-11-25T16:21:24: Received PUBLISH from auto-541336E1-EE30-0FB0-4B08-292C10CCC5F3 (d0, q0, r0, m0, 'healthcheck', ... (2 bytes))
2025-11-25T16:21:24: Received DISCONNECT from auto-541336E1-EE30-0FB0-4B08-292C10CCC5F3
2025-11-25T16:21:24: Client auto-541336E1-EE30-0FB0-4B08-292C10CCC5F3 disconnected.
2025-11-25T16:21:39: New connection from ::1:46814 on port 1883.
2025-11-25T16:21:39: New client connected from ::1:46814 as auto-8AAE8A8F-C522-9B21-55C1-AB3023BB8B98 (p2, c1, k60).
2025-11-25T16:21:39: No will message specified.
2025-11-25T16:21:39: Sending CONNACK to auto-8AAE8A8F-C522-9B21-55C1-AB3023BB8B98 (0, 0)
2025-11-25T16:21:39: Received PUBLISH from auto-8AAE8A8F-C522-9B21-55C1-AB3023BB8B98 (d0, q0, r0, m0, 'healthcheck', ... (2 bytes))
2025-11-25T16:21:39: Received DISCONNECT from auto-8AAE8A8F-C522-9B21-55C1-AB3023BB8B98
2025-11-25T16:21:39: Client auto-8AAE8A8F-C522-9B21-55C1-AB3023BB8B98 disconnected.
2025-11-25T16:21:54: New connection from ::1:45232 on port 1883.
2025-11-25T16:21:54: New client connected from ::1:45232 as auto-A8792844-9AE8-470F-C5C9-38978D0BA236 (p2, c1, k60).
2025-11-25T16:21:54: No will message specified.
2025-11-25T16:21:54: Sending CONNACK to auto-A8792844-9AE8-470F-C5C9-38978D0BA236 (0, 0)
2025-11-25T16:21:54: Received PUBLISH from auto-A8792844-9AE8-470F-C5C9-38978D0BA236 (d0, q0, r0, m0, 'healthcheck', ... (2 bytes))
2025-11-25T16:21:54: Received DISCONNECT from auto-A8792844-9AE8-470F-C5C9-38978D0BA236
2025-11-25T16:21:54: Client auto-A8792844-9AE8-470F-C5C9-38978D0BA236 disconnected.
2025-11-25T16:22:09: New connection from ::1:41504 on port 1883.
2025-11-25T16:22:09: New client connected from ::1:41504 as auto-65655340-45AD-9E6E-9EA7-D38F0A290C26 (p2, c1, k60).
2025-11-25T16:22:09: No will message specified.
2025-11-25T16:22:09: Sending CONNACK to auto-65655340-45AD-9E6E-9EA7-D38F0A290C26 (0, 0)
2025-11-25T16:22:09: Received PUBLISH from auto-65655340-45AD-9E6E-9EA7-D38F0A290C26 (d0, q0, r0, m0, 'healthcheck', ... (2 bytes))
2025-11-25T16:22:09: Received DISCONNECT from auto-65655340-45AD-9E6E-9EA7-D38F0A290C26
2025-11-25T16:22:09: Client auto-65655340-45AD-9E6E-9EA7-D38F0A290C26 disconnected.
2025-11-25T16:22:24: New connection from ::1:51896 on port 1883.
2025-11-25T16:22:24: New client connected from ::1:51896 as auto-EBC8705B-DE12-3BBF-D2CF-78ECB2741D00 (p2, c1, k60).
2025-11-25T16:22:24: No will message specified.
2025-11-25T16:22:24: Sending CONNACK to auto-EBC8705B-DE12-3BBF-D2CF-78ECB2741D00 (0, 0)
2025-11-25T16:22:24: Received PUBLISH from auto-EBC8705B-DE12-3BBF-D2CF-78ECB2741D00 (d0, q0, r0, m0, 'healthcheck', ... (2 bytes))
2025-11-25T16:22:24: Received DISCONNECT from auto-EBC8705B-DE12-3BBF-D2CF-78ECB2741D00
2025-11-25T16:22:24: Client auto-EBC8705B-DE12-3BBF-D2CF-78ECB2741D00 disconnected.
2025-11-25T16:22:39: New connection from ::1:54370 on port 1883.
2025-11-25T16:22:39: New client connected from ::1:54370 as auto-D4C6520A-F776-ECB6-AB6B-C014AE4DAE29 (p2, c1, k60).
2025-11-25T16:22:39: No will message specified.
2025-11-25T16:22:39: Sending CONNACK to auto-D4C6520A-F776-ECB6-AB6B-C014AE4DAE29 (0, 0)
2025-11-25T16:22:39: Received PUBLISH from auto-D4C6520A-F776-ECB6-AB6B-C014AE4DAE29 (d0, q0, r0, m0, 'healthcheck', ... (2 bytes))
2025-11-25T16:22:39: Received DISCONNECT from auto-D4C6520A-F776-ECB6-AB6B-C014AE4DAE29
2025-11-25T16:22:39: Client auto-D4C6520A-F776-ECB6-AB6B-C014AE4DAE29 disconnected.
2025-11-25T16:22:54: New connection from ::1:34268 on port 1883.
2025-11-25T16:22:54: New client connected from ::1:34268 as auto-86776825-C370-808D-463C-619539C9CB1B (p2, c1, k60).
2025-11-25T16:22:54: No will message specified.
2025-11-25T16:22:54: Sending CONNACK to auto-86776825-C370-808D-463C-619539C9CB1B (0, 0)
2025-11-25T16:22:54: Received PUBLISH from auto-86776825-C370-808D-463C-619539C9CB1B (d0, q0, r0, m0, 'healthcheck', ... (2 bytes))
2025-11-25T16:22:54: Received DISCONNECT from auto-86776825-C370-808D-463C-619539C9CB1B
2025-11-25T16:22:54: Client auto-86776825-C370-808D-463C-619539C9CB1B disconnected.
2025-11-25T16:23:09: New connection from ::1:38302 on port 1883.
2025-11-25T16:23:09: New client connected from ::1:38302 as auto-9CC5AE27-63BE-3F27-0A00-656F3A8F1712 (p2, c1, k60).
2025-11-25T16:23:09: No will message specified.
2025-11-25T16:23:09: Sending CONNACK to auto-9CC5AE27-63BE-3F27-0A00-656F3A8F1712 (0, 0)
2025-11-25T16:23:09: Received PUBLISH from auto-9CC5AE27-63BE-3F27-0A00-656F3A8F1712 (d0, q0, r0, m0, 'healthcheck', ... (2 bytes))
2025-11-25T16:23:09: Received DISCONNECT from auto-9CC5AE27-63BE-3F27-0A00-656F3A8F1712
2025-11-25T16:23:09: Client auto-9CC5AE27-63BE-3F27-0A00-656F3A8F1712 disconnected.
2025-11-25T16:23:24: New connection from ::1:45856 on port 1883.
2025-11-25T16:23:24: New client connected from ::1:45856 as auto-794515FC-0E3D-E32B-7E43-F97897601125 (p2, c1, k60).
2025-11-25T16:23:24: No will message specified.
2025-11-25T16:23:24: Sending CONNACK to auto-794515FC-0E3D-E32B-7E43-F97897601125 (0, 0)
2025-11-25T16:23:24: Received PUBLISH from auto-794515FC-0E3D-E32B-7E43-F97897601125 (d0, q0, r0, m0, 'healthcheck', ... (2 bytes))
2025-11-25T16:23:24: Received DISCONNECT from auto-794515FC-0E3D-E32B-7E43-F97897601125
2025-11-25T16:23:24: Client auto-794515FC-0E3D-E32B-7E43-F97897601125 disconnected.
2025-11-25T16:23:39: New connection from ::1:38572 on port 1883.
2025-11-25T16:23:39: New client connected from ::1:38572 as auto-30CF8A4F-DB2B-7147-E4A2-583035DE8EB1 (p2, c1, k60).
2025-11-25T16:23:39: No will message specified.
2025-11-25T16:23:39: Sending CONNACK to auto-30CF8A4F-DB2B-7147-E4A2-583035DE8EB1 (0, 0)
2025-11-25T16:23:39: Received PUBLISH from auto-30CF8A4F-DB2B-7147-E4A2-583035DE8EB1 (d0, q0, r0, m0, 'healthcheck', ... (2 bytes))
2025-11-25T16:23:39: Received DISCONNECT from auto-30CF8A4F-DB2B-7147-E4A2-583035DE8EB1
2025-11-25T16:23:39: Client auto-30CF8A4F-DB2B-7147-E4A2-583035DE8EB1 disconnected.
2025-11-25T16:23:54: New connection from ::1:48526 on port 1883.
2025-11-25T16:23:54: New client connected from ::1:48526 as auto-16FD5B27-4DAA-FAF6-A8FC-2F20C2BF00FD (p2, c1, k60).
2025-11-25T16:23:54: No will message specified.
2025-11-25T16:23:54: Sending CONNACK to auto-16FD5B27-4DAA-FAF6-A8FC-2F20C2BF00FD (0, 0)
2025-11-25T16:23:54: Received PUBLISH from auto-16FD5B27-4DAA-FAF6-A8FC-2F20C2BF00FD (d0, q0, r0, m0, 'healthcheck', ... (2 bytes))
2025-11-25T16:23:54: Received DISCONNECT from auto-16FD5B27-4DAA-FAF6-A8FC-2F20C2BF00FD
2025-11-25T16:23:54: Client auto-16FD5B27-4DAA-FAF6-A8FC-2F20C2BF00FD disconnected.
2025-11-25T16:24:09: New connection from ::1:42704 on port 1883.
2025-11-25T16:24:09: New client connected from ::1:42704 as auto-ED4AF2CB-5349-3FBA-D660-3414AE7392E5 (p2, c1, k60).
2025-11-25T16:24:09: No will message specified.
2025-11-25T16:24:09: Sending CONNACK to auto-ED4AF2CB-5349-3FBA-D660-3414AE7392E5 (0, 0)
2025-11-25T16:24:09: Received PUBLISH from auto-ED4AF2CB-5349-3FBA-D660-3414AE7392E5 (d0, q0, r0, m0, 'healthcheck', ... (2 bytes))
2025-11-25T16:24:09: Received DISCONNECT from auto-ED4AF2CB-5349-3FBA-D660-3414AE7392E5
2025-11-25T16:24:09: Client auto-ED4AF2CB-5349-3FBA-D660-3414AE7392E5 disconnected.
2025-11-25T16:24:24: New connection from ::1:33294 on port 1883.
2025-11-25T16:24:24: New client connected from ::1:33294 as auto-94D819FB-354B-A82C-DBB2-2004F8C6A7F6 (p2, c1, k60).
2025-11-25T16:24:24: No will message specified.
2025-11-25T16:24:24: Sending CONNACK to auto-94D819FB-354B-A82C-DBB2-2004F8C6A7F6 (0, 0)
2025-11-25T16:24:24: Received PUBLISH from auto-94D819FB-354B-A82C-DBB2-2004F8C6A7F6 (d0, q0, r0, m0, 'healthcheck', ... (2 bytes))
2025-11-25T16:24:24: Received DISCONNECT from auto-94D819FB-354B-A82C-DBB2-2004F8C6A7F6
2025-11-25T16:24:24: Client auto-94D819FB-354B-A82C-DBB2-2004F8C6A7F6 disconnected.
2025-11-25T16:24:39: New connection from ::1:34016 on port 1883.
2025-11-25T16:24:39: New client connected from ::1:34016 as auto-8A1A7029-E64D-BFFF-8715-3C7D90B23A48 (p2, c1, k60).
2025-11-25T16:24:39: No will message specified.
2025-11-25T16:24:39: Sending CONNACK to auto-8A1A7029-E64D-BFFF-8715-3C7D90B23A48 (0, 0)
2025-11-25T16:24:39: Received PUBLISH from auto-8A1A7029-E64D-BFFF-8715-3C7D90B23A48 (d0, q0, r0, m0, 'healthcheck', ... (2 bytes))
2025-11-25T16:24:39: Received DISCONNECT from auto-8A1A7029-E64D-BFFF-8715-3C7D90B23A48
2025-11-25T16:24:39: Client auto-8A1A7029-E64D-BFFF-8715-3C7D90B23A48 disconnected.
2025-11-25T16:24:54: New connection from ::1:60010 on port 1883.
2025-11-25T16:24:54: New client connected from ::1:60010 as auto-81CB5E22-524F-38C7-34DC-14EFF4A6D3BD (p2, c1, k60).
2025-11-25T16:24:54: No will message specified.
2025-11-25T16:24:54: Sending CONNACK to auto-81CB5E22-524F-38C7-34DC-14EFF4A6D3BD (0, 0)
2025-11-25T16:24:54: Received PUBLISH from auto-81CB5E22-524F-38C7-34DC-14EFF4A6D3BD (d0, q0, r0, m0, 'healthcheck', ... (2 bytes))
2025-11-25T16:24:54: Received DISCONNECT from auto-81CB5E22-524F-38C7-34DC-14EFF4A6D3BD
2025-11-25T16:24:54: Client auto-81CB5E22-524F-38C7-34DC-14EFF4A6D3BD disconnected.
2025-11-25T16:25:09: New connection from ::1:60780 on port 1883.
2025-11-25T16:25:09: New client connected from ::1:60780 as auto-1A124FBA-A793-FBA7-0B19-5036D907A8E9 (p2, c1, k60).
2025-11-25T16:25:09: No will message specified.
2025-11-25T16:25:09: Sending CONNACK to auto-1A124FBA-A793-FBA7-0B19-5036D907A8E9 (0, 0)
2025-11-25T16:25:09: Received PUBLISH from auto-1A124FBA-A793-FBA7-0B19-5036D907A8E9 (d0, q0, r0, m0, 'healthcheck', ... (2 bytes))
2025-11-25T16:25:09: Received DISCONNECT from auto-1A124FBA-A793-FBA7-0B19-5036D907A8E9
2025-11-25T16:25:09: Client auto-1A124FBA-A793-FBA7-0B19-5036D907A8E9 disconnected.
2025-11-25T16:25:25: New connection from ::1:39146 on port 1883.
2025-11-25T16:25:25: New client connected from ::1:39146 as auto-AAB8690D-BB34-A2A5-EDF5-A33F6815EF92 (p2, c1, k60).
2025-11-25T16:25:25: No will message specified.
2025-11-25T16:25:25: Sending CONNACK to auto-AAB8690D-BB34-A2A5-EDF5-A33F6815EF92 (0, 0)
2025-11-25T16:25:25: Received PUBLISH from auto-AAB8690D-BB34-A2A5-EDF5-A33F6815EF92 (d0, q0, r0, m0, 'healthcheck', ... (2 bytes))
2025-11-25T16:25:25: Received DISCONNECT from auto-AAB8690D-BB34-A2A5-EDF5-A33F6815EF92
2025-11-25T16:25:25: Client auto-AAB8690D-BB34-A2A5-EDF5-A33F6815EF92 disconnected.
2025-11-25T16:25:40: New connection from ::1:37432 on port 1883.
2025-11-25T16:25:40: New client connected from ::1:37432 as auto-A6B0FD51-A058-E426-D222-9B615AA3CAC6 (p2, c1, k60).
2025-11-25T16:25:40: No will message specified.
2025-11-25T16:25:40: Sending CONNACK to auto-A6B0FD51-A058-E426-D222-9B615AA3CAC6 (0, 0)
2025-11-25T16:25:40: Received PUBLISH from auto-A6B0FD51-A058-E426-D222-9B615AA3CAC6 (d0, q0, r0, m0, 'healthcheck', ... (2 bytes))
2025-11-25T16:25:40: Received DISCONNECT from auto-A6B0FD51-A058-E426-D222-9B615AA3CAC6
2025-11-25T16:25:40: Client auto-A6B0FD51-A058-E426-D222-9B615AA3CAC6 disconnected.
2025-11-25T16:25:55: New connection from ::1:48552 on port 1883.
2025-11-25T16:25:55: New client connected from ::1:48552 as auto-2FA03EAE-ED9C-55EB-2840-58948E3C7068 (p2, c1, k60).
2025-11-25T16:25:55: No will message specified.
2025-11-25T16:25:55: Sending CONNACK to auto-2FA03EAE-ED9C-55EB-2840-58948E3C7068 (0, 0)
2025-11-25T16:25:55: Received PUBLISH from auto-2FA03EAE-ED9C-55EB-2840-58948E3C7068 (d0, q0, r0, m0, 'healthcheck', ... (2 bytes))
2025-11-25T16:25:55: Received DISCONNECT from auto-2FA03EAE-ED9C-55EB-2840-58948E3C7068
2025-11-25T16:25:55: Client auto-2FA03EAE-ED9C-55EB-2840-58948E3C7068 disconnected.
2025-11-25T16:26:10: New connection from ::1:54714 on port 1883.
2025-11-25T16:26:10: New client connected from ::1:54714 as auto-056454DA-61F5-AF72-3784-73AE7752DCF9 (p2, c1, k60).
2025-11-25T16:26:10: No will message specified.
2025-11-25T16:26:10: Sending CONNACK to auto-056454DA-61F5-AF72-3784-73AE7752DCF9 (0, 0)
2025-11-25T16:26:10: Received PUBLISH from auto-056454DA-61F5-AF72-3784-73AE7752DCF9 (d0, q0, r0, m0, 'healthcheck', ... (2 bytes))
2025-11-25T16:26:10: Received DISCONNECT from auto-056454DA-61F5-AF72-3784-73AE7752DCF9
2025-11-25T16:26:10: Client auto-056454DA-61F5-AF72-3784-73AE7752DCF9 disconnected.
2025-11-25T16:26:25: New connection from ::1:33410 on port 1883.
2025-11-25T16:26:25: New client connected from ::1:33410 as auto-6A6A6F06-523A-C83F-DA47-D004BD3CA26F (p2, c1, k60).
2025-11-25T16:26:25: No will message specified.
2025-11-25T16:26:25: Sending CONNACK to auto-6A6A6F06-523A-C83F-DA47-D004BD3CA26F (0, 0)
2025-11-25T16:26:25: Received PUBLISH from auto-6A6A6F06-523A-C83F-DA47-D004BD3CA26F (d0, q0, r0, m0, 'healthcheck', ... (2 bytes))
2025-11-25T16:26:25: Received DISCONNECT from auto-6A6A6F06-523A-C83F-DA47-D004BD3CA26F
2025-11-25T16:26:25: Client auto-6A6A6F06-523A-C83F-DA47-D004BD3CA26F disconnected.
2025-11-25T16:26:40: New connection from ::1:42900 on port 1883.
2025-11-25T16:26:40: New client connected from ::1:42900 as auto-205D6893-D810-CC19-34EC-F9FFA98278F3 (p2, c1, k60).
2025-11-25T16:26:40: No will message specified.
2025-11-25T16:26:40: Sending CONNACK to auto-205D6893-D810-CC19-34EC-F9FFA98278F3 (0, 0)
2025-11-25T16:26:40: Received PUBLISH from auto-205D6893-D810-CC19-34EC-F9FFA98278F3 (d0, q0, r0, m0, 'healthcheck', ... (2 bytes))
2025-11-25T16:26:40: Received DISCONNECT from auto-205D6893-D810-CC19-34EC-F9FFA98278F3
2025-11-25T16:26:40: Client auto-205D6893-D810-CC19-34EC-F9FFA98278F3 disconnected.
2025-11-25T16:26:55: New connection from ::1:58160 on port 1883.
2025-11-25T16:26:55: New client connected from ::1:58160 as auto-97EAAB4D-9E66-9E9F-107F-49A6A062CCFB (p2, c1, k60).
2025-11-25T16:26:55: No will message specified.
2025-11-25T16:26:55: Sending CONNACK to auto-97EAAB4D-9E66-9E9F-107F-49A6A062CCFB (0, 0)
2025-11-25T16:26:55: Received PUBLISH from auto-97EAAB4D-9E66-9E9F-107F-49A6A062CCFB (d0, q0, r0, m0, 'healthcheck', ... (2 bytes))
2025-11-25T16:26:55: Received DISCONNECT from auto-97EAAB4D-9E66-9E9F-107F-49A6A062CCFB
2025-11-25T16:26:55: Client auto-97EAAB4D-9E66-9E9F-107F-49A6A062CCFB disconnected.
2025-11-25T16:27:10: New connection from ::1:33060 on port 1883.
2025-11-25T16:27:10: New client connected from ::1:33060 as auto-DB193963-1EEC-2DF1-35FB-2DE0A408CB95 (p2, c1, k60).
2025-11-25T16:27:10: No will message specified.
2025-11-25T16:27:10: Sending CONNACK to auto-DB193963-1EEC-2DF1-35FB-2DE0A408CB95 (0, 0)
2025-11-25T16:27:10: Received PUBLISH from auto-DB193963-1EEC-2DF1-35FB-2DE0A408CB95 (d0, q0, r0, m0, 'healthcheck', ... (2 bytes))
2025-11-25T16:27:10: Received DISCONNECT from auto-DB193963-1EEC-2DF1-35FB-2DE0A408CB95
2025-11-25T16:27:10: Client auto-DB193963-1EEC-2DF1-35FB-2DE0A408CB95 disconnected.
2025-11-25T16:27:25: New connection from ::1:59982 on port 1883.
2025-11-25T16:27:25: New client connected from ::1:59982 as auto-FD8BE5B7-8C79-458C-79DB-44030166DB1A (p2, c1, k60).
2025-11-25T16:27:25: No will message specified.
2025-11-25T16:27:25: Sending CONNACK to auto-FD8BE5B7-8C79-458C-79DB-44030166DB1A (0, 0)
2025-11-25T16:27:25: Received PUBLISH from auto-FD8BE5B7-8C79-458C-79DB-44030166DB1A (d0, q0, r0, m0, 'healthcheck', ... (2 bytes))
2025-11-25T16:27:25: Received DISCONNECT from auto-FD8BE5B7-8C79-458C-79DB-44030166DB1A
2025-11-25T16:27:25: Client auto-FD8BE5B7-8C79-458C-79DB-44030166DB1A disconnected.
2025-11-25T16:27:40: New connection from ::1:38202 on port 1883.
2025-11-25T16:27:40: New client connected from ::1:38202 as auto-1970B2F9-F51D-A1A9-9772-6323C740B0FB (p2, c1, k60).
2025-11-25T16:27:40: No will message specified.
2025-11-25T16:27:40: Sending CONNACK to auto-1970B2F9-F51D-A1A9-9772-6323C740B0FB (0, 0)
2025-11-25T16:27:40: Received PUBLISH from auto-1970B2F9-F51D-A1A9-9772-6323C740B0FB (d0, q0, r0, m0, 'healthcheck', ... (2 bytes))
2025-11-25T16:27:40: Received DISCONNECT from auto-1970B2F9-F51D-A1A9-9772-6323C740B0FB
2025-11-25T16:27:40: Client auto-1970B2F9-F51D-A1A9-9772-6323C740B0FB disconnected.
2025-11-25T16:27:55: New connection from ::1:60164 on port 1883.
2025-11-25T16:27:55: New client connected from ::1:60164 as auto-1D9F764B-6F50-B221-67AB-6D8472AF064E (p2, c1, k60).
2025-11-25T16:27:55: No will message specified.
2025-11-25T16:27:55: Sending CONNACK to auto-1D9F764B-6F50-B221-67AB-6D8472AF064E (0, 0)
2025-11-25T16:27:55: Received PUBLISH from auto-1D9F764B-6F50-B221-67AB-6D8472AF064E (d0, q0, r0, m0, 'healthcheck', ... (2 bytes))
2025-11-25T16:27:55: Received DISCONNECT from auto-1D9F764B-6F50-B221-67AB-6D8472AF064E
2025-11-25T16:27:55: Client auto-1D9F764B-6F50-B221-67AB-6D8472AF064E disconnected.
2025-11-25T16:28:10: New connection from ::1:51418 on port 1883.
2025-11-25T16:28:10: New client connected from ::1:51418 as auto-CE358A06-D2F0-DEAB-D615-66E4749539EA (p2, c1, k60).
2025-11-25T16:28:10: No will message specified.
2025-11-25T16:28:10: Sending CONNACK to auto-CE358A06-D2F0-DEAB-D615-66E4749539EA (0, 0)
2025-11-25T16:28:10: Received PUBLISH from auto-CE358A06-D2F0-DEAB-D615-66E4749539EA (d0, q0, r0, m0, 'healthcheck', ... (2 bytes))
2025-11-25T16:28:10: Received DISCONNECT from auto-CE358A06-D2F0-DEAB-D615-66E4749539EA
2025-11-25T16:28:10: Client auto-CE358A06-D2F0-DEAB-D615-66E4749539EA disconnected.
2025-11-25T16:28:17: mosquitto version 2.0.22 terminating
2025-11-25T16:28:17: Saving in-memory database to /mosquitto/data//mosquitto.db.
2025-11-25T16:34:01: mosquitto version 2.0.22 starting
2025-11-25T16:34:01: Config loaded from /mosquitto/config/mosquitto.conf.
2025-11-25T16:34:01: Opening ipv4 listen socket on port 1883.
2025-11-25T16:34:01: Opening ipv6 listen socket on port 1883.
2025-11-25T16:34:01: Opening websockets listen socket on port 9001.
2025-11-25T16:34:01: mosquitto version 2.0.22 running
2025-11-25T16:34:07: New connection from ::1:44568 on port 1883.
2025-11-25T16:34:07: New client connected from ::1:44568 as auto-0C38FEC9-B2E6-0B1B-4824-92BEA6AA2BDB (p2, c1, k60).
2025-11-25T16:34:07: No will message specified.
2025-11-25T16:34:07: Sending CONNACK to auto-0C38FEC9-B2E6-0B1B-4824-92BEA6AA2BDB (0, 0)
2025-11-25T16:34:07: Received PUBLISH from auto-0C38FEC9-B2E6-0B1B-4824-92BEA6AA2BDB (d0, q0, r0, m0, 'healthcheck', ... (2 bytes))
2025-11-25T16:34:07: Received DISCONNECT from auto-0C38FEC9-B2E6-0B1B-4824-92BEA6AA2BDB
2025-11-25T16:34:07: Client auto-0C38FEC9-B2E6-0B1B-4824-92BEA6AA2BDB disconnected.
2025-11-25T16:34:22: New connection from ::1:35066 on port 1883.
2025-11-25T16:34:22: New client connected from ::1:35066 as auto-4922DF09-8FC5-7D8C-8638-72F88DE801B3 (p2, c1, k60).
2025-11-25T16:34:22: No will message specified.
2025-11-25T16:34:22: Sending CONNACK to auto-4922DF09-8FC5-7D8C-8638-72F88DE801B3 (0, 0)
2025-11-25T16:34:22: Received PUBLISH from auto-4922DF09-8FC5-7D8C-8638-72F88DE801B3 (d0, q0, r0, m0, 'healthcheck', ... (2 bytes))
2025-11-25T16:34:22: Received DISCONNECT from auto-4922DF09-8FC5-7D8C-8638-72F88DE801B3
2025-11-25T16:34:22: Client auto-4922DF09-8FC5-7D8C-8638-72F88DE801B3 disconnected.
2025-11-25T16:34:33: New connection from 172.19.0.3:46141 on port 1883.
2025-11-25T16:34:33: New client connected from 172.19.0.3:46141 as auto-205B056D-3C35-FC85-E4F4-CA9E6F2F3FB1 (p2, c1, k60).
2025-11-25T16:34:33: No will message specified.
2025-11-25T16:34:33: Sending CONNACK to auto-205B056D-3C35-FC85-E4F4-CA9E6F2F3FB1 (0, 0)
2025-11-25T16:34:33: Received SUBSCRIBE from auto-205B056D-3C35-FC85-E4F4-CA9E6F2F3FB1
2025-11-25T16:34:33: 	spBv1.0/# (QoS 0)
2025-11-25T16:34:33: auto-205B056D-3C35-FC85-E4F4-CA9E6F2F3FB1 0 spBv1.0/#
2025-11-25T16:34:33: Sending SUBACK to auto-205B056D-3C35-FC85-E4F4-CA9E6F2F3FB1
2025-11-25T16:34:37: New connection from ::1:37338 on port 1883.
2025-11-25T16:34:37: New client connected from ::1:37338 as auto-34DA3E1B-DD78-A1F6-A5DB-79171254884B (p2, c1, k60).
2025-11-25T16:34:37: No will message specified.
2025-11-25T16:34:37: Sending CONNACK to auto-34DA3E1B-DD78-A1F6-A5DB-79171254884B (0, 0)
2025-11-25T16:34:37: Received PUBLISH from auto-34DA3E1B-DD78-A1F6-A5DB-79171254884B (d0, q0, r0, m0, 'healthcheck', ... (2 bytes))
2025-11-25T16:34:37: Received DISCONNECT from auto-34DA3E1B-DD78-A1F6-A5DB-79171254884B
2025-11-25T16:34:37: Client auto-34DA3E1B-DD78-A1F6-A5DB-79171254884B disconnected.
2025-11-25T16:34:52: New connection from ::1:42378 on port 1883.
2025-11-25T16:34:52: New client connected from ::1:42378 as auto-B18EE1C0-65F4-8E31-9CBD-5D907FCC3D97 (p2, c1, k60).
2025-11-25T16:34:52: No will message specified.
2025-11-25T16:34:52: Sending CONNACK to auto-B18EE1C0-65F4-8E31-9CBD-5D907FCC3D97 (0, 0)
2025-11-25T16:34:52: Received PUBLISH from auto-B18EE1C0-65F4-8E31-9CBD-5D907FCC3D97 (d0, q0, r0, m0, 'healthcheck', ... (2 bytes))
2025-11-25T16:34:52: Received DISCONNECT from auto-B18EE1C0-65F4-8E31-9CBD-5D907FCC3D97
2025-11-25T16:34:52: Client auto-B18EE1C0-65F4-8E31-9CBD-5D907FCC3D97 disconnected.
2025-11-25T16:35:07: New connection from ::1:37086 on port 1883.
2025-11-25T16:35:07: New client connected from ::1:37086 as auto-895DB2F5-74F8-ECAD-CA86-F6CBF862A07E (p2, c1, k60).
2025-11-25T16:35:07: No will message specified.
2025-11-25T16:35:07: Sending CONNACK to auto-895DB2F5-74F8-ECAD-CA86-F6CBF862A07E (0, 0)
2025-11-25T16:35:07: Received PUBLISH from auto-895DB2F5-74F8-ECAD-CA86-F6CBF862A07E (d0, q0, r0, m0, 'healthcheck', ... (2 bytes))
2025-11-25T16:35:07: Received DISCONNECT from auto-895DB2F5-74F8-ECAD-CA86-F6CBF862A07E
2025-11-25T16:35:07: Client auto-895DB2F5-74F8-ECAD-CA86-F6CBF862A07E disconnected.
2025-11-25T16:35:22: New connection from ::1:52876 on port 1883.
2025-11-25T16:35:22: New client connected from ::1:52876 as auto-8FC0D8C8-115A-072E-2C36-E30AF0E4617B (p2, c1, k60).
2025-11-25T16:35:22: No will message specified.
2025-11-25T16:35:22: Sending CONNACK to auto-8FC0D8C8-115A-072E-2C36-E30AF0E4617B (0, 0)
2025-11-25T16:35:22: Received PUBLISH from auto-8FC0D8C8-115A-072E-2C36-E30AF0E4617B (d0, q0, r0, m0, 'healthcheck', ... (2 bytes))
2025-11-25T16:35:22: Received DISCONNECT from auto-8FC0D8C8-115A-072E-2C36-E30AF0E4617B
2025-11-25T16:35:22: Client auto-8FC0D8C8-115A-072E-2C36-E30AF0E4617B disconnected.
2025-11-25T16:35:33: Received PINGREQ from auto-205B056D-3C35-FC85-E4F4-CA9E6F2F3FB1
2025-11-25T16:35:33: Sending PINGRESP to auto-205B056D-3C35-FC85-E4F4-CA9E6F2F3FB1
2025-11-25T16:35:37: New connection from ::1:50346 on port 1883.
2025-11-25T16:35:37: New client connected from ::1:50346 as auto-038D25E1-32BD-1515-E564-EB7E00AD24BF (p2, c1, k60).
2025-11-25T16:35:37: No will message specified.
2025-11-25T16:35:37: Sending CONNACK to auto-038D25E1-32BD-1515-E564-EB7E00AD24BF (0, 0)
2025-11-25T16:35:37: Received PUBLISH from auto-038D25E1-32BD-1515-E564-EB7E00AD24BF (d0, q0, r0, m0, 'healthcheck', ... (2 bytes))
2025-11-25T16:35:37: Received DISCONNECT from auto-038D25E1-32BD-1515-E564-EB7E00AD24BF
2025-11-25T16:35:37: Client auto-038D25E1-32BD-1515-E564-EB7E00AD24BF disconnected.
2025-11-25T16:35:52: New connection from ::1:55242 on port 1883.
2025-11-25T16:35:52: New client connected from ::1:55242 as auto-E866FF2D-1904-AEF7-A016-F1AC29DA7C76 (p2, c1, k60).
2025-11-25T16:35:52: No will message specified.
2025-11-25T16:35:52: Sending CONNACK to auto-E866FF2D-1904-AEF7-A016-F1AC29DA7C76 (0, 0)
2025-11-25T16:35:52: Received PUBLISH from auto-E866FF2D-1904-AEF7-A016-F1AC29DA7C76 (d0, q0, r0, m0, 'healthcheck', ... (2 bytes))
2025-11-25T16:35:52: Received DISCONNECT from auto-E866FF2D-1904-AEF7-A016-F1AC29DA7C76
2025-11-25T16:35:52: Client auto-E866FF2D-1904-AEF7-A016-F1AC29DA7C76 disconnected.
2025-11-25T16:36:07: New connection from ::1:50718 on port 1883.
2025-11-25T16:36:07: New client connected from ::1:50718 as auto-7110B2BE-1581-E964-8424-1C04394E9A98 (p2, c1, k60).
2025-11-25T16:36:07: No will message specified.
2025-11-25T16:36:07: Sending CONNACK to auto-7110B2BE-1581-E964-8424-1C04394E9A98 (0, 0)
2025-11-25T16:36:07: Received PUBLISH from auto-7110B2BE-1581-E964-8424-1C04394E9A98 (d0, q0, r0, m0, 'healthcheck', ... (2 bytes))
2025-11-25T16:36:07: Received DISCONNECT from auto-7110B2BE-1581-E964-8424-1C04394E9A98
2025-11-25T16:36:07: Client auto-7110B2BE-1581-E964-8424-1C04394E9A98 disconnected.
2025-11-25T16:36:22: New connection from ::1:56152 on port 1883.
2025-11-25T16:36:22: New client connected from ::1:56152 as auto-D9D0D2A5-4FAE-EE10-AF40-BDB0AC272FD0 (p2, c1, k60).
2025-11-25T16:36:22: No will message specified.
2025-11-25T16:36:22: Sending CONNACK to auto-D9D0D2A5-4FAE-EE10-AF40-BDB0AC272FD0 (0, 0)
2025-11-25T16:36:22: Received PUBLISH from auto-D9D0D2A5-4FAE-EE10-AF40-BDB0AC272FD0 (d0, q0, r0, m0, 'healthcheck', ... (2 bytes))
2025-11-25T16:36:22: Received DISCONNECT from auto-D9D0D2A5-4FAE-EE10-AF40-BDB0AC272FD0
2025-11-25T16:36:22: Client auto-D9D0D2A5-4FAE-EE10-AF40-BDB0AC272FD0 disconnected.
2025-11-25T16:36:22: Client auto-205B056D-3C35-FC85-E4F4-CA9E6F2F3FB1 closed its connection.
2025-11-25T16:36:37: New connection from 172.19.0.3:48295 on port 1883.
2025-11-25T16:36:37: New client connected from 172.19.0.3:48295 as auto-D87B4DEC-AA55-F829-BDB2-9E375DE89BAA (p2, c1, k60).
2025-11-25T16:36:37: No will message specified.
2025-11-25T16:36:37: Sending CONNACK to auto-D87B4DEC-AA55-F829-BDB2-9E375DE89BAA (0, 0)
2025-11-25T16:36:37: Received SUBSCRIBE from auto-D87B4DEC-AA55-F829-BDB2-9E375DE89BAA
2025-11-25T16:36:37: 	spBv1.0/# (QoS 0)
2025-11-25T16:36:37: auto-D87B4DEC-AA55-F829-BDB2-9E375DE89BAA 0 spBv1.0/#
2025-11-25T16:36:37: Sending SUBACK to auto-D87B4DEC-AA55-F829-BDB2-9E375DE89BAA
2025-11-25T16:36:37: New connection from ::1:44414 on port 1883.
2025-11-25T16:36:37: New client connected from ::1:44414 as auto-B2D35911-B8D1-C78E-8025-A6D3AFA284AD (p2, c1, k60).
2025-11-25T16:36:37: No will message specified.
2025-11-25T16:36:37: Sending CONNACK to auto-B2D35911-B8D1-C78E-8025-A6D3AFA284AD (0, 0)
2025-11-25T16:36:37: Received PUBLISH from auto-B2D35911-B8D1-C78E-8025-A6D3AFA284AD (d0, q0, r0, m0, 'healthcheck', ... (2 bytes))
2025-11-25T16:36:37: Received DISCONNECT from auto-B2D35911-B8D1-C78E-8025-A6D3AFA284AD
2025-11-25T16:36:37: Client auto-B2D35911-B8D1-C78E-8025-A6D3AFA284AD disconnected.
2025-11-25T16:36:52: New connection from ::1:43918 on port 1883.
2025-11-25T16:36:52: New client connected from ::1:43918 as auto-17B7CB0A-4A98-C469-1E3D-E25388FA4804 (p2, c1, k60).
2025-11-25T16:36:52: No will message specified.
2025-11-25T16:36:52: Sending CONNACK to auto-17B7CB0A-4A98-C469-1E3D-E25388FA4804 (0, 0)
2025-11-25T16:36:52: Received PUBLISH from auto-17B7CB0A-4A98-C469-1E3D-E25388FA4804 (d0, q0, r0, m0, 'healthcheck', ... (2 bytes))
2025-11-25T16:36:52: Received DISCONNECT from auto-17B7CB0A-4A98-C469-1E3D-E25388FA4804
2025-11-25T16:36:52: Client auto-17B7CB0A-4A98-C469-1E3D-E25388FA4804 disconnected.
2025-11-25T16:37:07: New connection from ::1:34968 on port 1883.
2025-11-25T16:37:07: New client connected from ::1:34968 as auto-5935396E-6DF7-2FC5-1A1E-48A8EA45681B (p2, c1, k60).
2025-11-25T16:37:07: No will message specified.
2025-11-25T16:37:07: Sending CONNACK to auto-5935396E-6DF7-2FC5-1A1E-48A8EA45681B (0, 0)
2025-11-25T16:37:07: Received PUBLISH from auto-5935396E-6DF7-2FC5-1A1E-48A8EA45681B (d0, q0, r0, m0, 'healthcheck', ... (2 bytes))
2025-11-25T16:37:07: Received DISCONNECT from auto-5935396E-6DF7-2FC5-1A1E-48A8EA45681B
2025-11-25T16:37:07: Client auto-5935396E-6DF7-2FC5-1A1E-48A8EA45681B disconnected.
2025-11-25T16:37:22: New connection from ::1:36416 on port 1883.
2025-11-25T16:37:22: New client connected from ::1:36416 as auto-15D75679-A43D-9E82-DC9C-7F1294D28A08 (p2, c1, k60).
2025-11-25T16:37:22: No will message specified.
2025-11-25T16:37:22: Sending CONNACK to auto-15D75679-A43D-9E82-DC9C-7F1294D28A08 (0, 0)
2025-11-25T16:37:22: Received PUBLISH from auto-15D75679-A43D-9E82-DC9C-7F1294D28A08 (d0, q0, r0, m0, 'healthcheck', ... (2 bytes))
2025-11-25T16:37:22: Received DISCONNECT from auto-15D75679-A43D-9E82-DC9C-7F1294D28A08
2025-11-25T16:37:22: Client auto-15D75679-A43D-9E82-DC9C-7F1294D28A08 disconnected.
2025-11-25T16:37:37: Received PINGREQ from auto-D87B4DEC-AA55-F829-BDB2-9E375DE89BAA
2025-11-25T16:37:37: Sending PINGRESP to auto-D87B4DEC-AA55-F829-BDB2-9E375DE89BAA
2025-11-25T16:37:37: New connection from ::1:59818 on port 1883.
2025-11-25T16:37:37: New client connected from ::1:59818 as auto-11CE5880-4A3C-644E-2A2F-BB405804BABA (p2, c1, k60).
2025-11-25T16:37:37: No will message specified.
2025-11-25T16:37:37: Sending CONNACK to auto-11CE5880-4A3C-644E-2A2F-BB405804BABA (0, 0)
2025-11-25T16:37:37: Received PUBLISH from auto-11CE5880-4A3C-644E-2A2F-BB405804BABA (d0, q0, r0, m0, 'healthcheck', ... (2 bytes))
2025-11-25T16:37:37: Received DISCONNECT from auto-11CE5880-4A3C-644E-2A2F-BB405804BABA
2025-11-25T16:37:37: Client auto-11CE5880-4A3C-644E-2A2F-BB405804BABA disconnected.
2025-11-25T16:37:52: New connection from ::1:33076 on port 1883.
2025-11-25T16:37:52: New client connected from ::1:33076 as auto-53752DB9-4128-BAD7-F310-C3FC593D2B78 (p2, c1, k60).
2025-11-25T16:37:52: No will message specified.
2025-11-25T16:37:52: Sending CONNACK to auto-53752DB9-4128-BAD7-F310-C3FC593D2B78 (0, 0)
2025-11-25T16:37:52: Received PUBLISH from auto-53752DB9-4128-BAD7-F310-C3FC593D2B78 (d0, q0, r0, m0, 'healthcheck', ... (2 bytes))
2025-11-25T16:37:52: Received DISCONNECT from auto-53752DB9-4128-BAD7-F310-C3FC593D2B78
2025-11-25T16:37:52: Client auto-53752DB9-4128-BAD7-F310-C3FC593D2B78 disconnected.
2025-11-25T16:38:08: New connection from ::1:42242 on port 1883.
2025-11-25T16:38:08: New client connected from ::1:42242 as auto-BB984FEA-BD36-A39A-A2EA-6F731D03E76D (p2, c1, k60).
2025-11-25T16:38:08: No will message specified.
2025-11-25T16:38:08: Sending CONNACK to auto-BB984FEA-BD36-A39A-A2EA-6F731D03E76D (0, 0)
2025-11-25T16:38:08: Received PUBLISH from auto-BB984FEA-BD36-A39A-A2EA-6F731D03E76D (d0, q0, r0, m0, 'healthcheck', ... (2 bytes))
2025-11-25T16:38:08: Received DISCONNECT from auto-BB984FEA-BD36-A39A-A2EA-6F731D03E76D
2025-11-25T16:38:08: Client auto-BB984FEA-BD36-A39A-A2EA-6F731D03E76D disconnected.
2025-11-25T16:38:23: New connection from ::1:38144 on port 1883.
2025-11-25T16:38:23: New client connected from ::1:38144 as auto-EDF196BC-138D-C8A6-4534-CE6E6A97E018 (p2, c1, k60).
2025-11-25T16:38:23: No will message specified.
2025-11-25T16:38:23: Sending CONNACK to auto-EDF196BC-138D-C8A6-4534-CE6E6A97E018 (0, 0)
2025-11-25T16:38:23: Received PUBLISH from auto-EDF196BC-138D-C8A6-4534-CE6E6A97E018 (d0, q0, r0, m0, 'healthcheck', ... (2 bytes))
2025-11-25T16:38:23: Received DISCONNECT from auto-EDF196BC-138D-C8A6-4534-CE6E6A97E018
2025-11-25T16:38:23: Client auto-EDF196BC-138D-C8A6-4534-CE6E6A97E018 disconnected.
2025-11-25T16:38:37: Received PINGREQ from auto-D87B4DEC-AA55-F829-BDB2-9E375DE89BAA
2025-11-25T16:38:37: Sending PINGRESP to auto-D87B4DEC-AA55-F829-BDB2-9E375DE89BAA
2025-11-25T16:38:38: New connection from ::1:35168 on port 1883.
2025-11-25T16:38:38: New client connected from ::1:35168 as auto-796A85EF-0DD5-C8AF-7DCB-0A0E98AADBE0 (p2, c1, k60).
2025-11-25T16:38:38: No will message specified.
2025-11-25T16:38:38: Sending CONNACK to auto-796A85EF-0DD5-C8AF-7DCB-0A0E98AADBE0 (0, 0)
2025-11-25T16:38:38: Received PUBLISH from auto-796A85EF-0DD5-C8AF-7DCB-0A0E98AADBE0 (d0, q0, r0, m0, 'healthcheck', ... (2 bytes))
2025-11-25T16:38:38: Received DISCONNECT from auto-796A85EF-0DD5-C8AF-7DCB-0A0E98AADBE0
2025-11-25T16:38:38: Client auto-796A85EF-0DD5-C8AF-7DCB-0A0E98AADBE0 disconnected.
2025-11-25T16:38:53: New connection from ::1:43430 on port 1883.
2025-11-25T16:38:53: New client connected from ::1:43430 as auto-13B49010-E8EC-128A-513F-3A416F4CF82D (p2, c1, k60).
2025-11-25T16:38:53: No will message specified.
2025-11-25T16:38:53: Sending CONNACK to auto-13B49010-E8EC-128A-513F-3A416F4CF82D (0, 0)
2025-11-25T16:38:53: Received PUBLISH from auto-13B49010-E8EC-128A-513F-3A416F4CF82D (d0, q0, r0, m0, 'healthcheck', ... (2 bytes))
2025-11-25T16:38:53: Received DISCONNECT from auto-13B49010-E8EC-128A-513F-3A416F4CF82D
2025-11-25T16:38:53: Client auto-13B49010-E8EC-128A-513F-3A416F4CF82D disconnected.
2025-11-25T16:39:08: New connection from ::1:48334 on port 1883.
2025-11-25T16:39:08: New client connected from ::1:48334 as auto-DE24B4C4-CD93-3FE2-D67F-CB86D9F9487E (p2, c1, k60).
2025-11-25T16:39:08: No will message specified.
2025-11-25T16:39:08: Sending CONNACK to auto-DE24B4C4-CD93-3FE2-D67F-CB86D9F9487E (0, 0)
2025-11-25T16:39:08: Received PUBLISH from auto-DE24B4C4-CD93-3FE2-D67F-CB86D9F9487E (d0, q0, r0, m0, 'healthcheck', ... (2 bytes))
2025-11-25T16:39:08: Received DISCONNECT from auto-DE24B4C4-CD93-3FE2-D67F-CB86D9F9487E
2025-11-25T16:39:08: Client auto-DE24B4C4-CD93-3FE2-D67F-CB86D9F9487E disconnected.
2025-11-25T16:39:23: New connection from ::1:42154 on port 1883.
2025-11-25T16:39:23: New client connected from ::1:42154 as auto-30AE540F-C2FF-80A1-EC29-5E4853C184E5 (p2, c1, k60).
2025-11-25T16:39:23: No will message specified.
2025-11-25T16:39:23: Sending CONNACK to auto-30AE540F-C2FF-80A1-EC29-5E4853C184E5 (0, 0)
2025-11-25T16:39:23: Received PUBLISH from auto-30AE540F-C2FF-80A1-EC29-5E4853C184E5 (d0, q0, r0, m0, 'healthcheck', ... (2 bytes))
2025-11-25T16:39:23: Received DISCONNECT from auto-30AE540F-C2FF-80A1-EC29-5E4853C184E5
2025-11-25T16:39:23: Client auto-30AE540F-C2FF-80A1-EC29-5E4853C184E5 disconnected.
2025-11-25T16:39:37: Received PINGREQ from auto-D87B4DEC-AA55-F829-BDB2-9E375DE89BAA
2025-11-25T16:39:37: Sending PINGRESP to auto-D87B4DEC-AA55-F829-BDB2-9E375DE89BAA
2025-11-25T16:39:38: New connection from ::1:38048 on port 1883.
2025-11-25T16:39:38: New client connected from ::1:38048 as auto-D116AC25-F992-59EE-DC9C-99EA09533629 (p2, c1, k60).
2025-11-25T16:39:38: No will message specified.
2025-11-25T16:39:38: Sending CONNACK to auto-D116AC25-F992-59EE-DC9C-99EA09533629 (0, 0)
2025-11-25T16:39:38: Received PUBLISH from auto-D116AC25-F992-59EE-DC9C-99EA09533629 (d0, q0, r0, m0, 'healthcheck', ... (2 bytes))
2025-11-25T16:39:38: Received DISCONNECT from auto-D116AC25-F992-59EE-DC9C-99EA09533629
2025-11-25T16:39:38: Client auto-D116AC25-F992-59EE-DC9C-99EA09533629 disconnected.
2025-11-25T16:39:53: New connection from ::1:40978 on port 1883.
2025-11-25T16:39:53: New client connected from ::1:40978 as auto-977B23C7-93D9-60E7-53BC-F0D13F67369C (p2, c1, k60).
2025-11-25T16:39:53: No will message specified.
2025-11-25T16:39:53: Sending CONNACK to auto-977B23C7-93D9-60E7-53BC-F0D13F67369C (0, 0)
2025-11-25T16:39:53: Received PUBLISH from auto-977B23C7-93D9-60E7-53BC-F0D13F67369C (d0, q0, r0, m0, 'healthcheck', ... (2 bytes))
2025-11-25T16:39:53: Received DISCONNECT from auto-977B23C7-93D9-60E7-53BC-F0D13F67369C
2025-11-25T16:39:53: Client auto-977B23C7-93D9-60E7-53BC-F0D13F67369C disconnected.
2025-11-25T16:40:08: New connection from ::1:40748 on port 1883.
2025-11-25T16:40:08: New client connected from ::1:40748 as auto-0FA2A3D0-1AA8-6D7B-BA4A-B6E716C3E54D (p2, c1, k60).
2025-11-25T16:40:08: No will message specified.
2025-11-25T16:40:08: Sending CONNACK to auto-0FA2A3D0-1AA8-6D7B-BA4A-B6E716C3E54D (0, 0)
2025-11-25T16:40:08: Received PUBLISH from auto-0FA2A3D0-1AA8-6D7B-BA4A-B6E716C3E54D (d0, q0, r0, m0, 'healthcheck', ... (2 bytes))
2025-11-25T16:40:08: Received DISCONNECT from auto-0FA2A3D0-1AA8-6D7B-BA4A-B6E716C3E54D
2025-11-25T16:40:08: Client auto-0FA2A3D0-1AA8-6D7B-BA4A-B6E716C3E54D disconnected.
2025-11-25T16:40:23: New connection from ::1:35904 on port 1883.
2025-11-25T16:40:23: New client connected from ::1:35904 as auto-E2D90B41-EA2A-325A-5AEA-0EEA495DC6BA (p2, c1, k60).
2025-11-25T16:40:23: No will message specified.
2025-11-25T16:40:23: Sending CONNACK to auto-E2D90B41-EA2A-325A-5AEA-0EEA495DC6BA (0, 0)
2025-11-25T16:40:23: Received PUBLISH from auto-E2D90B41-EA2A-325A-5AEA-0EEA495DC6BA (d0, q0, r0, m0, 'healthcheck', ... (2 bytes))
2025-11-25T16:40:23: Received DISCONNECT from auto-E2D90B41-EA2A-325A-5AEA-0EEA495DC6BA
2025-11-25T16:40:23: Client auto-E2D90B41-EA2A-325A-5AEA-0EEA495DC6BA disconnected.
2025-11-25T16:40:37: Received PINGREQ from auto-D87B4DEC-AA55-F829-BDB2-9E375DE89BAA
2025-11-25T16:40:37: Sending PINGRESP to auto-D87B4DEC-AA55-F829-BDB2-9E375DE89BAA
2025-11-25T16:40:38: New connection from ::1:44056 on port 1883.
2025-11-25T16:40:38: New client connected from ::1:44056 as auto-D73753B8-2768-C5F2-0725-6814DD959D67 (p2, c1, k60).
2025-11-25T16:40:38: No will message specified.
2025-11-25T16:40:38: Sending CONNACK to auto-D73753B8-2768-C5F2-0725-6814DD959D67 (0, 0)
2025-11-25T16:40:38: Received PUBLISH from auto-D73753B8-2768-C5F2-0725-6814DD959D67 (d0, q0, r0, m0, 'healthcheck', ... (2 bytes))
2025-11-25T16:40:38: Received DISCONNECT from auto-D73753B8-2768-C5F2-0725-6814DD959D67
2025-11-25T16:40:38: Client auto-D73753B8-2768-C5F2-0725-6814DD959D67 disconnected.
2025-11-25T16:40:53: New connection from ::1:47854 on port 1883.
2025-11-25T16:40:53: New client connected from ::1:47854 as auto-9B9A54A4-BE50-6204-9EBD-D22BACB75023 (p2, c1, k60).
2025-11-25T16:40:53: No will message specified.
2025-11-25T16:40:53: Sending CONNACK to auto-9B9A54A4-BE50-6204-9EBD-D22BACB75023 (0, 0)
2025-11-25T16:40:53: Received PUBLISH from auto-9B9A54A4-BE50-6204-9EBD-D22BACB75023 (d0, q0, r0, m0, 'healthcheck', ... (2 bytes))
2025-11-25T16:40:53: Received DISCONNECT from auto-9B9A54A4-BE50-6204-9EBD-D22BACB75023
2025-11-25T16:40:53: Client auto-9B9A54A4-BE50-6204-9EBD-D22BACB75023 disconnected.
2025-11-25T16:41:08: New connection from ::1:48126 on port 1883.
2025-11-25T16:41:08: New client connected from ::1:48126 as auto-11A04D92-DCF9-549E-177E-9F5365613714 (p2, c1, k60).
2025-11-25T16:41:08: No will message specified.
2025-11-25T16:41:08: Sending CONNACK to auto-11A04D92-DCF9-549E-177E-9F5365613714 (0, 0)
2025-11-25T16:41:08: Received PUBLISH from auto-11A04D92-DCF9-549E-177E-9F5365613714 (d0, q0, r0, m0, 'healthcheck', ... (2 bytes))
2025-11-25T16:41:08: Received DISCONNECT from auto-11A04D92-DCF9-549E-177E-9F5365613714
2025-11-25T16:41:08: Client auto-11A04D92-DCF9-549E-177E-9F5365613714 disconnected.
2025-11-25T16:41:23: New connection from ::1:48910 on port 1883.
2025-11-25T16:41:23: New client connected from ::1:48910 as auto-551E6852-A362-07F6-FB57-8464E5A32492 (p2, c1, k60).
2025-11-25T16:41:23: No will message specified.
2025-11-25T16:41:23: Sending CONNACK to auto-551E6852-A362-07F6-FB57-8464E5A32492 (0, 0)
2025-11-25T16:41:23: Received PUBLISH from auto-551E6852-A362-07F6-FB57-8464E5A32492 (d0, q0, r0, m0, 'healthcheck', ... (2 bytes))
2025-11-25T16:41:23: Received DISCONNECT from auto-551E6852-A362-07F6-FB57-8464E5A32492
2025-11-25T16:41:23: Client auto-551E6852-A362-07F6-FB57-8464E5A32492 disconnected.
2025-11-25T16:41:37: Received PINGREQ from auto-D87B4DEC-AA55-F829-BDB2-9E375DE89BAA
2025-11-25T16:41:37: Sending PINGRESP to auto-D87B4DEC-AA55-F829-BDB2-9E375DE89BAA
2025-11-25T16:41:38: New connection from ::1:57482 on port 1883.
2025-11-25T16:41:38: New client connected from ::1:57482 as auto-9F89F23C-165C-4B09-5C9C-B619804F7E41 (p2, c1, k60).
2025-11-25T16:41:38: No will message specified.
2025-11-25T16:41:38: Sending CONNACK to auto-9F89F23C-165C-4B09-5C9C-B619804F7E41 (0, 0)
2025-11-25T16:41:38: Received PUBLISH from auto-9F89F23C-165C-4B09-5C9C-B619804F7E41 (d0, q0, r0, m0, 'healthcheck', ... (2 bytes))
2025-11-25T16:41:38: Received DISCONNECT from auto-9F89F23C-165C-4B09-5C9C-B619804F7E41
2025-11-25T16:41:38: Client auto-9F89F23C-165C-4B09-5C9C-B619804F7E41 disconnected.
2025-11-25T16:41:53: New connection from ::1:56706 on port 1883.
2025-11-25T16:41:53: New client connected from ::1:56706 as auto-F59B2D62-CD02-455B-F81F-AB16740D88AC (p2, c1, k60).
2025-11-25T16:41:53: No will message specified.
2025-11-25T16:41:53: Sending CONNACK to auto-F59B2D62-CD02-455B-F81F-AB16740D88AC (0, 0)
2025-11-25T16:41:53: Received PUBLISH from auto-F59B2D62-CD02-455B-F81F-AB16740D88AC (d0, q0, r0, m0, 'healthcheck', ... (2 bytes))
2025-11-25T16:41:53: Received DISCONNECT from auto-F59B2D62-CD02-455B-F81F-AB16740D88AC
2025-11-25T16:41:53: Client auto-F59B2D62-CD02-455B-F81F-AB16740D88AC disconnected.
2025-11-25T16:42:09: New connection from ::1:38190 on port 1883.
2025-11-25T16:42:09: New client connected from ::1:38190 as auto-CC67C3F2-CAE3-B901-C976-D4E00064AEDF (p2, c1, k60).
2025-11-25T16:42:09: No will message specified.
2025-11-25T16:42:09: Sending CONNACK to auto-CC67C3F2-CAE3-B901-C976-D4E00064AEDF (0, 0)
2025-11-25T16:42:09: Received PUBLISH from auto-CC67C3F2-CAE3-B901-C976-D4E00064AEDF (d0, q0, r0, m0, 'healthcheck', ... (2 bytes))
2025-11-25T16:42:09: Received DISCONNECT from auto-CC67C3F2-CAE3-B901-C976-D4E00064AEDF
2025-11-25T16:42:09: Client auto-CC67C3F2-CAE3-B901-C976-D4E00064AEDF disconnected.
2025-11-25T16:42:24: New connection from ::1:35188 on port 1883.
2025-11-25T16:42:24: New client connected from ::1:35188 as auto-7FD55D7E-8676-AAC8-9229-81411E86CDD1 (p2, c1, k60).
2025-11-25T16:42:24: No will message specified.
2025-11-25T16:42:24: Sending CONNACK to auto-7FD55D7E-8676-AAC8-9229-81411E86CDD1 (0, 0)
2025-11-25T16:42:24: Received PUBLISH from auto-7FD55D7E-8676-AAC8-9229-81411E86CDD1 (d0, q0, r0, m0, 'healthcheck', ... (2 bytes))
2025-11-25T16:42:24: Received DISCONNECT from auto-7FD55D7E-8676-AAC8-9229-81411E86CDD1
2025-11-25T16:42:24: Client auto-7FD55D7E-8676-AAC8-9229-81411E86CDD1 disconnected.
2025-11-25T16:42:37: Received PINGREQ from auto-D87B4DEC-AA55-F829-BDB2-9E375DE89BAA
2025-11-25T16:42:37: Sending PINGRESP to auto-D87B4DEC-AA55-F829-BDB2-9E375DE89BAA
2025-11-25T16:42:39: New connection from ::1:42628 on port 1883.
2025-11-25T16:42:39: New client connected from ::1:42628 as auto-6F6DE4A7-8AE8-C138-C582-FE64CAF2C7A3 (p2, c1, k60).
2025-11-25T16:42:39: No will message specified.
2025-11-25T16:42:39: Sending CONNACK to auto-6F6DE4A7-8AE8-C138-C582-FE64CAF2C7A3 (0, 0)
2025-11-25T16:42:39: Received PUBLISH from auto-6F6DE4A7-8AE8-C138-C582-FE64CAF2C7A3 (d0, q0, r0, m0, 'healthcheck', ... (2 bytes))
2025-11-25T16:42:39: Received DISCONNECT from auto-6F6DE4A7-8AE8-C138-C582-FE64CAF2C7A3
2025-11-25T16:42:39: Client auto-6F6DE4A7-8AE8-C138-C582-FE64CAF2C7A3 disconnected.
2025-11-25T16:42:54: New connection from ::1:33488 on port 1883.
2025-11-25T16:42:54: New client connected from ::1:33488 as auto-A3FBAA12-79E5-11B1-4E08-19110D9819BE (p2, c1, k60).
2025-11-25T16:42:54: No will message specified.
2025-11-25T16:42:54: Sending CONNACK to auto-A3FBAA12-79E5-11B1-4E08-19110D9819BE (0, 0)
2025-11-25T16:42:54: Received PUBLISH from auto-A3FBAA12-79E5-11B1-4E08-19110D9819BE (d0, q0, r0, m0, 'healthcheck', ... (2 bytes))
2025-11-25T16:42:54: Received DISCONNECT from auto-A3FBAA12-79E5-11B1-4E08-19110D9819BE
2025-11-25T16:42:54: Client auto-A3FBAA12-79E5-11B1-4E08-19110D9819BE disconnected.
2025-11-25T16:43:09: New connection from ::1:39880 on port 1883.
2025-11-25T16:43:09: New client connected from ::1:39880 as auto-92380275-E62A-9A91-FE92-BAAC405FEE02 (p2, c1, k60).
2025-11-25T16:43:09: No will message specified.
2025-11-25T16:43:09: Sending CONNACK to auto-92380275-E62A-9A91-FE92-BAAC405FEE02 (0, 0)
2025-11-25T16:43:09: Received PUBLISH from auto-92380275-E62A-9A91-FE92-BAAC405FEE02 (d0, q0, r0, m0, 'healthcheck', ... (2 bytes))
2025-11-25T16:43:09: Received DISCONNECT from auto-92380275-E62A-9A91-FE92-BAAC405FEE02
2025-11-25T16:43:09: Client auto-92380275-E62A-9A91-FE92-BAAC405FEE02 disconnected.
2025-11-25T16:43:24: New connection from ::1:37346 on port 1883.
2025-11-25T16:43:24: New client connected from ::1:37346 as auto-94708CE3-2FC2-1BD9-081C-762D6B2FE8C0 (p2, c1, k60).
2025-11-25T16:43:24: No will message specified.
2025-11-25T16:43:24: Sending CONNACK to auto-94708CE3-2FC2-1BD9-081C-762D6B2FE8C0 (0, 0)
2025-11-25T16:43:24: Received PUBLISH from auto-94708CE3-2FC2-1BD9-081C-762D6B2FE8C0 (d0, q0, r0, m0, 'healthcheck', ... (2 bytes))
2025-11-25T16:43:24: Received DISCONNECT from auto-94708CE3-2FC2-1BD9-081C-762D6B2FE8C0
2025-11-25T16:43:24: Client auto-94708CE3-2FC2-1BD9-081C-762D6B2FE8C0 disconnected.
2025-11-25T16:43:37: Received PINGREQ from auto-D87B4DEC-AA55-F829-BDB2-9E375DE89BAA
2025-11-25T16:43:37: Sending PINGRESP to auto-D87B4DEC-AA55-F829-BDB2-9E375DE89BAA
2025-11-25T16:43:39: New connection from ::1:46218 on port 1883.
2025-11-25T16:43:39: New client connected from ::1:46218 as auto-67032EEB-02D0-73FF-F7D1-A01B0E446A7B (p2, c1, k60).
2025-11-25T16:43:39: No will message specified.
2025-11-25T16:43:39: Sending CONNACK to auto-67032EEB-02D0-73FF-F7D1-A01B0E446A7B (0, 0)
2025-11-25T16:43:39: Received PUBLISH from auto-67032EEB-02D0-73FF-F7D1-A01B0E446A7B (d0, q0, r0, m0, 'healthcheck', ... (2 bytes))
2025-11-25T16:43:39: Received DISCONNECT from auto-67032EEB-02D0-73FF-F7D1-A01B0E446A7B
2025-11-25T16:43:39: Client auto-67032EEB-02D0-73FF-F7D1-A01B0E446A7B disconnected.
2025-11-25T16:43:54: New connection from ::1:37264 on port 1883.
2025-11-25T16:43:54: New client connected from ::1:37264 as auto-DC3E473F-DF24-C189-FB9F-F24AFD309395 (p2, c1, k60).
2025-11-25T16:43:54: No will message specified.
2025-11-25T16:43:54: Sending CONNACK to auto-DC3E473F-DF24-C189-FB9F-F24AFD309395 (0, 0)
2025-11-25T16:43:54: Received PUBLISH from auto-DC3E473F-DF24-C189-FB9F-F24AFD309395 (d0, q0, r0, m0, 'healthcheck', ... (2 bytes))
2025-11-25T16:43:54: Received DISCONNECT from auto-DC3E473F-DF24-C189-FB9F-F24AFD309395
2025-11-25T16:43:54: Client auto-DC3E473F-DF24-C189-FB9F-F24AFD309395 disconnected.
2025-11-25T16:44:09: New connection from ::1:37572 on port 1883.
2025-11-25T16:44:09: New client connected from ::1:37572 as auto-8ECB8AA8-1619-162A-4C7D-483EC60A8289 (p2, c1, k60).
2025-11-25T16:44:09: No will message specified.
2025-11-25T16:44:09: Sending CONNACK to auto-8ECB8AA8-1619-162A-4C7D-483EC60A8289 (0, 0)
2025-11-25T16:44:09: Received PUBLISH from auto-8ECB8AA8-1619-162A-4C7D-483EC60A8289 (d0, q0, r0, m0, 'healthcheck', ... (2 bytes))
2025-11-25T16:44:09: Received DISCONNECT from auto-8ECB8AA8-1619-162A-4C7D-483EC60A8289
2025-11-25T16:44:09: Client auto-8ECB8AA8-1619-162A-4C7D-483EC60A8289 disconnected.
2025-11-25T16:44:24: New connection from ::1:41734 on port 1883.
2025-11-25T16:44:24: New client connected from ::1:41734 as auto-17001ECF-70FF-1D7C-5282-7BD00DADF6E1 (p2, c1, k60).
2025-11-25T16:44:24: No will message specified.
2025-11-25T16:44:24: Sending CONNACK to auto-17001ECF-70FF-1D7C-5282-7BD00DADF6E1 (0, 0)
2025-11-25T16:44:24: Received PUBLISH from auto-17001ECF-70FF-1D7C-5282-7BD00DADF6E1 (d0, q0, r0, m0, 'healthcheck', ... (2 bytes))
2025-11-25T16:44:24: Received DISCONNECT from auto-17001ECF-70FF-1D7C-5282-7BD00DADF6E1
2025-11-25T16:44:24: Client auto-17001ECF-70FF-1D7C-5282-7BD00DADF6E1 disconnected.
2025-11-25T16:44:38: Received PINGREQ from auto-D87B4DEC-AA55-F829-BDB2-9E375DE89BAA
2025-11-25T16:44:38: Sending PINGRESP to auto-D87B4DEC-AA55-F829-BDB2-9E375DE89BAA
2025-11-25T16:44:39: New connection from ::1:57942 on port 1883.
2025-11-25T16:44:39: New client connected from ::1:57942 as auto-F21E5993-2500-FCE5-C946-618464C0C76B (p2, c1, k60).
2025-11-25T16:44:39: No will message specified.
2025-11-25T16:44:39: Sending CONNACK to auto-F21E5993-2500-FCE5-C946-618464C0C76B (0, 0)
2025-11-25T16:44:39: Received PUBLISH from auto-F21E5993-2500-FCE5-C946-618464C0C76B (d0, q0, r0, m0, 'healthcheck', ... (2 bytes))
2025-11-25T16:44:39: Received DISCONNECT from auto-F21E5993-2500-FCE5-C946-618464C0C76B
2025-11-25T16:44:39: Client auto-F21E5993-2500-FCE5-C946-618464C0C76B disconnected.
2025-11-25T16:44:54: New connection from ::1:36074 on port 1883.
2025-11-25T16:44:54: New client connected from ::1:36074 as auto-53282E8B-A17A-ADB5-8F97-D9442CE3A0E7 (p2, c1, k60).
2025-11-25T16:44:54: No will message specified.
2025-11-25T16:44:54: Sending CONNACK to auto-53282E8B-A17A-ADB5-8F97-D9442CE3A0E7 (0, 0)
2025-11-25T16:44:54: Received PUBLISH from auto-53282E8B-A17A-ADB5-8F97-D9442CE3A0E7 (d0, q0, r0, m0, 'healthcheck', ... (2 bytes))
2025-11-25T16:44:54: Received DISCONNECT from auto-53282E8B-A17A-ADB5-8F97-D9442CE3A0E7
2025-11-25T16:44:54: Client auto-53282E8B-A17A-ADB5-8F97-D9442CE3A0E7 disconnected.
2025-11-25T16:45:09: New connection from ::1:53908 on port 1883.
2025-11-25T16:45:09: New client connected from ::1:53908 as auto-B85E8718-B034-2BBE-C810-DCEF45D48B6F (p2, c1, k60).
2025-11-25T16:45:09: No will message specified.
2025-11-25T16:45:09: Sending CONNACK to auto-B85E8718-B034-2BBE-C810-DCEF45D48B6F (0, 0)
2025-11-25T16:45:09: Received PUBLISH from auto-B85E8718-B034-2BBE-C810-DCEF45D48B6F (d0, q0, r0, m0, 'healthcheck', ... (2 bytes))
2025-11-25T16:45:09: Received DISCONNECT from auto-B85E8718-B034-2BBE-C810-DCEF45D48B6F
2025-11-25T16:45:09: Client auto-B85E8718-B034-2BBE-C810-DCEF45D48B6F disconnected.
2025-11-25T16:45:24: New connection from ::1:40172 on port 1883.
2025-11-25T16:45:24: New client connected from ::1:40172 as auto-D6088C2D-04E5-C724-78BD-D46B0A2B1AC5 (p2, c1, k60).
2025-11-25T16:45:24: No will message specified.
2025-11-25T16:45:24: Sending CONNACK to auto-D6088C2D-04E5-C724-78BD-D46B0A2B1AC5 (0, 0)
2025-11-25T16:45:24: Received PUBLISH from auto-D6088C2D-04E5-C724-78BD-D46B0A2B1AC5 (d0, q0, r0, m0, 'healthcheck', ... (2 bytes))
2025-11-25T16:45:24: Received DISCONNECT from auto-D6088C2D-04E5-C724-78BD-D46B0A2B1AC5
2025-11-25T16:45:24: Client auto-D6088C2D-04E5-C724-78BD-D46B0A2B1AC5 disconnected.
2025-11-25T16:45:38: Received PINGREQ from auto-D87B4DEC-AA55-F829-BDB2-9E375DE89BAA
2025-11-25T16:45:38: Sending PINGRESP to auto-D87B4DEC-AA55-F829-BDB2-9E375DE89BAA
2025-11-25T16:45:39: New connection from ::1:34384 on port 1883.
2025-11-25T16:45:39: New client connected from ::1:34384 as auto-21A8A239-1DCE-29DF-31F1-52C39061B4AB (p2, c1, k60).
2025-11-25T16:45:39: No will message specified.
2025-11-25T16:45:39: Sending CONNACK to auto-21A8A239-1DCE-29DF-31F1-52C39061B4AB (0, 0)
2025-11-25T16:45:39: Received PUBLISH from auto-21A8A239-1DCE-29DF-31F1-52C39061B4AB (d0, q0, r0, m0, 'healthcheck', ... (2 bytes))
2025-11-25T16:45:39: Received DISCONNECT from auto-21A8A239-1DCE-29DF-31F1-52C39061B4AB
2025-11-25T16:45:39: Client auto-21A8A239-1DCE-29DF-31F1-52C39061B4AB disconnected.
2025-11-25T16:45:54: New connection from ::1:38492 on port 1883.
2025-11-25T16:45:54: New client connected from ::1:38492 as auto-303277EC-99DB-3AEA-96D8-2134F587F43E (p2, c1, k60).
2025-11-25T16:45:54: No will message specified.
2025-11-25T16:45:54: Sending CONNACK to auto-303277EC-99DB-3AEA-96D8-2134F587F43E (0, 0)
2025-11-25T16:45:54: Received PUBLISH from auto-303277EC-99DB-3AEA-96D8-2134F587F43E (d0, q0, r0, m0, 'healthcheck', ... (2 bytes))
2025-11-25T16:45:54: Received DISCONNECT from auto-303277EC-99DB-3AEA-96D8-2134F587F43E
2025-11-25T16:45:54: Client auto-303277EC-99DB-3AEA-96D8-2134F587F43E disconnected.
2025-11-25T16:46:10: New connection from ::1:54046 on port 1883.
2025-11-25T16:46:10: New client connected from ::1:54046 as auto-D5A3FE60-7F44-1CD5-AA3D-BF4BFF983ADB (p2, c1, k60).
2025-11-25T16:46:10: No will message specified.
2025-11-25T16:46:10: Sending CONNACK to auto-D5A3FE60-7F44-1CD5-AA3D-BF4BFF983ADB (0, 0)
2025-11-25T16:46:10: Received PUBLISH from auto-D5A3FE60-7F44-1CD5-AA3D-BF4BFF983ADB (d0, q0, r0, m0, 'healthcheck', ... (2 bytes))
2025-11-25T16:46:10: Received DISCONNECT from auto-D5A3FE60-7F44-1CD5-AA3D-BF4BFF983ADB
2025-11-25T16:46:10: Client auto-D5A3FE60-7F44-1CD5-AA3D-BF4BFF983ADB disconnected.
2025-11-25T16:46:25: New connection from ::1:52600 on port 1883.
2025-11-25T16:46:25: New client connected from ::1:52600 as auto-10B7DF38-3037-8710-42B2-29B5ACC06B0D (p2, c1, k60).
2025-11-25T16:46:25: No will message specified.
2025-11-25T16:46:25: Sending CONNACK to auto-10B7DF38-3037-8710-42B2-29B5ACC06B0D (0, 0)
2025-11-25T16:46:25: Received PUBLISH from auto-10B7DF38-3037-8710-42B2-29B5ACC06B0D (d0, q0, r0, m0, 'healthcheck', ... (2 bytes))
2025-11-25T16:46:25: Received DISCONNECT from auto-10B7DF38-3037-8710-42B2-29B5ACC06B0D
2025-11-25T16:46:25: Client auto-10B7DF38-3037-8710-42B2-29B5ACC06B0D disconnected.
2025-11-25T16:46:38: Received PINGREQ from auto-D87B4DEC-AA55-F829-BDB2-9E375DE89BAA
2025-11-25T16:46:38: Sending PINGRESP to auto-D87B4DEC-AA55-F829-BDB2-9E375DE89BAA
2025-11-25T16:46:40: New connection from ::1:33338 on port 1883.
2025-11-25T16:46:40: New client connected from ::1:33338 as auto-8A30F16F-01C1-31E6-D2AE-46A44F5196BA (p2, c1, k60).
2025-11-25T16:46:40: No will message specified.
2025-11-25T16:46:40: Sending CONNACK to auto-8A30F16F-01C1-31E6-D2AE-46A44F5196BA (0, 0)
2025-11-25T16:46:40: Received PUBLISH from auto-8A30F16F-01C1-31E6-D2AE-46A44F5196BA (d0, q0, r0, m0, 'healthcheck', ... (2 bytes))
2025-11-25T16:46:40: Received DISCONNECT from auto-8A30F16F-01C1-31E6-D2AE-46A44F5196BA
2025-11-25T16:46:40: Client auto-8A30F16F-01C1-31E6-D2AE-46A44F5196BA disconnected.
2025-11-25T16:46:55: New connection from ::1:52284 on port 1883.
2025-11-25T16:46:55: New client connected from ::1:52284 as auto-C2DD72B8-C79D-EFEC-55C5-E26136EE956E (p2, c1, k60).
2025-11-25T16:46:55: No will message specified.
2025-11-25T16:46:55: Sending CONNACK to auto-C2DD72B8-C79D-EFEC-55C5-E26136EE956E (0, 0)
2025-11-25T16:46:55: Received PUBLISH from auto-C2DD72B8-C79D-EFEC-55C5-E26136EE956E (d0, q0, r0, m0, 'healthcheck', ... (2 bytes))
2025-11-25T16:46:55: Received DISCONNECT from auto-C2DD72B8-C79D-EFEC-55C5-E26136EE956E
2025-11-25T16:46:55: Client auto-C2DD72B8-C79D-EFEC-55C5-E26136EE956E disconnected.
2025-11-25T16:47:10: New connection from ::1:48248 on port 1883.
2025-11-25T16:47:10: New client connected from ::1:48248 as auto-9E2CC977-ED5E-A97C-9D2B-C74B295E2513 (p2, c1, k60).
2025-11-25T16:47:10: No will message specified.
2025-11-25T16:47:10: Sending CONNACK to auto-9E2CC977-ED5E-A97C-9D2B-C74B295E2513 (0, 0)
2025-11-25T16:47:10: Received PUBLISH from auto-9E2CC977-ED5E-A97C-9D2B-C74B295E2513 (d0, q0, r0, m0, 'healthcheck', ... (2 bytes))
2025-11-25T16:47:10: Received DISCONNECT from auto-9E2CC977-ED5E-A97C-9D2B-C74B295E2513
2025-11-25T16:47:10: Client auto-9E2CC977-ED5E-A97C-9D2B-C74B295E2513 disconnected.
2025-11-25T16:47:25: New connection from ::1:55290 on port 1883.
2025-11-25T16:47:25: New client connected from ::1:55290 as auto-C47D49BE-9568-1C98-63BA-7101BFFF12C3 (p2, c1, k60).
2025-11-25T16:47:25: No will message specified.
2025-11-25T16:47:25: Sending CONNACK to auto-C47D49BE-9568-1C98-63BA-7101BFFF12C3 (0, 0)
2025-11-25T16:47:25: Received PUBLISH from auto-C47D49BE-9568-1C98-63BA-7101BFFF12C3 (d0, q0, r0, m0, 'healthcheck', ... (2 bytes))
2025-11-25T16:47:25: Received DISCONNECT from auto-C47D49BE-9568-1C98-63BA-7101BFFF12C3
2025-11-25T16:47:25: Client auto-C47D49BE-9568-1C98-63BA-7101BFFF12C3 disconnected.
2025-11-25T16:47:38: Received PINGREQ from auto-D87B4DEC-AA55-F829-BDB2-9E375DE89BAA
2025-11-25T16:47:38: Sending PINGRESP to auto-D87B4DEC-AA55-F829-BDB2-9E375DE89BAA
2025-11-25T16:47:40: New connection from ::1:40216 on port 1883.
2025-11-25T16:47:40: New client connected from ::1:40216 as auto-29BB46B8-BA95-9B58-E8F8-F5C732EFEE79 (p2, c1, k60).
2025-11-25T16:47:40: No will message specified.
2025-11-25T16:47:40: Sending CONNACK to auto-29BB46B8-BA95-9B58-E8F8-F5C732EFEE79 (0, 0)
2025-11-25T16:47:40: Received PUBLISH from auto-29BB46B8-BA95-9B58-E8F8-F5C732EFEE79 (d0, q0, r0, m0, 'healthcheck', ... (2 bytes))
2025-11-25T16:47:40: Received DISCONNECT from auto-29BB46B8-BA95-9B58-E8F8-F5C732EFEE79
2025-11-25T16:47:40: Client auto-29BB46B8-BA95-9B58-E8F8-F5C732EFEE79 disconnected.
2025-11-25T16:47:55: New connection from ::1:46254 on port 1883.
2025-11-25T16:47:55: New client connected from ::1:46254 as auto-6591EC9A-0D8A-BBBD-DC51-6520867D1C61 (p2, c1, k60).
2025-11-25T16:47:55: No will message specified.
2025-11-25T16:47:55: Sending CONNACK to auto-6591EC9A-0D8A-BBBD-DC51-6520867D1C61 (0, 0)
2025-11-25T16:47:55: Received PUBLISH from auto-6591EC9A-0D8A-BBBD-DC51-6520867D1C61 (d0, q0, r0, m0, 'healthcheck', ... (2 bytes))
2025-11-25T16:47:55: Received DISCONNECT from auto-6591EC9A-0D8A-BBBD-DC51-6520867D1C61
2025-11-25T16:47:55: Client auto-6591EC9A-0D8A-BBBD-DC51-6520867D1C61 disconnected.
2025-11-25T16:48:10: New connection from ::1:47754 on port 1883.
2025-11-25T16:48:10: New client connected from ::1:47754 as auto-3308FA7C-C30C-5058-4B6C-D3EF3862AA2C (p2, c1, k60).
2025-11-25T16:48:10: No will message specified.
2025-11-25T16:48:10: Sending CONNACK to auto-3308FA7C-C30C-5058-4B6C-D3EF3862AA2C (0, 0)
2025-11-25T16:48:10: Received PUBLISH from auto-3308FA7C-C30C-5058-4B6C-D3EF3862AA2C (d0, q0, r0, m0, 'healthcheck', ... (2 bytes))
2025-11-25T16:48:10: Received DISCONNECT from auto-3308FA7C-C30C-5058-4B6C-D3EF3862AA2C
2025-11-25T16:48:10: Client auto-3308FA7C-C30C-5058-4B6C-D3EF3862AA2C disconnected.
2025-11-25T16:48:25: New connection from ::1:50498 on port 1883.
2025-11-25T16:48:25: New client connected from ::1:50498 as auto-84A918AC-61F7-2E1A-5E49-6E1E8748731B (p2, c1, k60).
2025-11-25T16:48:25: No will message specified.
2025-11-25T16:48:25: Sending CONNACK to auto-84A918AC-61F7-2E1A-5E49-6E1E8748731B (0, 0)
2025-11-25T16:48:25: Received PUBLISH from auto-84A918AC-61F7-2E1A-5E49-6E1E8748731B (d0, q0, r0, m0, 'healthcheck', ... (2 bytes))
2025-11-25T16:48:25: Received DISCONNECT from auto-84A918AC-61F7-2E1A-5E49-6E1E8748731B
2025-11-25T16:48:25: Client auto-84A918AC-61F7-2E1A-5E49-6E1E8748731B disconnected.
2025-11-25T16:48:38: Received PINGREQ from auto-D87B4DEC-AA55-F829-BDB2-9E375DE89BAA
2025-11-25T16:48:38: Sending PINGRESP to auto-D87B4DEC-AA55-F829-BDB2-9E375DE89BAA
2025-11-25T16:48:40: New connection from ::1:46658 on port 1883.
2025-11-25T16:48:40: New client connected from ::1:46658 as auto-C266A033-701F-B9BE-D986-F8C166D0215F (p2, c1, k60).
2025-11-25T16:48:40: No will message specified.
2025-11-25T16:48:40: Sending CONNACK to auto-C266A033-701F-B9BE-D986-F8C166D0215F (0, 0)
2025-11-25T16:48:40: Received PUBLISH from auto-C266A033-701F-B9BE-D986-F8C166D0215F (d0, q0, r0, m0, 'healthcheck', ... (2 bytes))
2025-11-25T16:48:40: Received DISCONNECT from auto-C266A033-701F-B9BE-D986-F8C166D0215F
2025-11-25T16:48:40: Client auto-C266A033-701F-B9BE-D986-F8C166D0215F disconnected.
2025-11-25T16:48:55: New connection from ::1:42530 on port 1883.
2025-11-25T16:48:55: New client connected from ::1:42530 as auto-C4B9A961-FC71-FCEA-0096-34894AC54C11 (p2, c1, k60).
2025-11-25T16:48:55: No will message specified.
2025-11-25T16:48:55: Sending CONNACK to auto-C4B9A961-FC71-FCEA-0096-34894AC54C11 (0, 0)
2025-11-25T16:48:55: Received PUBLISH from auto-C4B9A961-FC71-FCEA-0096-34894AC54C11 (d0, q0, r0, m0, 'healthcheck', ... (2 bytes))
2025-11-25T16:48:55: Received DISCONNECT from auto-C4B9A961-FC71-FCEA-0096-34894AC54C11
2025-11-25T16:48:55: Client auto-C4B9A961-FC71-FCEA-0096-34894AC54C11 disconnected.
2025-11-25T16:49:10: New connection from ::1:49004 on port 1883.
2025-11-25T16:49:10: New client connected from ::1:49004 as auto-9F8A3EF1-9508-0EF1-30BD-B06AF78F4CF9 (p2, c1, k60).
2025-11-25T16:49:10: No will message specified.
2025-11-25T16:49:10: Sending CONNACK to auto-9F8A3EF1-9508-0EF1-30BD-B06AF78F4CF9 (0, 0)
2025-11-25T16:49:10: Received PUBLISH from auto-9F8A3EF1-9508-0EF1-30BD-B06AF78F4CF9 (d0, q0, r0, m0, 'healthcheck', ... (2 bytes))
2025-11-25T16:49:10: Received DISCONNECT from auto-9F8A3EF1-9508-0EF1-30BD-B06AF78F4CF9
2025-11-25T16:49:10: Client auto-9F8A3EF1-9508-0EF1-30BD-B06AF78F4CF9 disconnected.
2025-11-25T16:49:25: New connection from ::1:57554 on port 1883.
2025-11-25T16:49:25: New client connected from ::1:57554 as auto-CD4574A5-5651-1D13-6E2C-2BE5B243F7B1 (p2, c1, k60).
2025-11-25T16:49:25: No will message specified.
2025-11-25T16:49:25: Sending CONNACK to auto-CD4574A5-5651-1D13-6E2C-2BE5B243F7B1 (0, 0)
2025-11-25T16:49:25: Received PUBLISH from auto-CD4574A5-5651-1D13-6E2C-2BE5B243F7B1 (d0, q0, r0, m0, 'healthcheck', ... (2 bytes))
2025-11-25T16:49:25: Received DISCONNECT from auto-CD4574A5-5651-1D13-6E2C-2BE5B243F7B1
2025-11-25T16:49:25: Client auto-CD4574A5-5651-1D13-6E2C-2BE5B243F7B1 disconnected.
2025-11-25T16:49:38: Received PINGREQ from auto-D87B4DEC-AA55-F829-BDB2-9E375DE89BAA
2025-11-25T16:49:38: Sending PINGRESP to auto-D87B4DEC-AA55-F829-BDB2-9E375DE89BAA
2025-11-25T16:49:40: New connection from ::1:55922 on port 1883.
2025-11-25T16:49:40: New client connected from ::1:55922 as auto-726336B0-3584-475C-2171-0C82FFCD6DC2 (p2, c1, k60).
2025-11-25T16:49:40: No will message specified.
2025-11-25T16:49:40: Sending CONNACK to auto-726336B0-3584-475C-2171-0C82FFCD6DC2 (0, 0)
2025-11-25T16:49:40: Received PUBLISH from auto-726336B0-3584-475C-2171-0C82FFCD6DC2 (d0, q0, r0, m0, 'healthcheck', ... (2 bytes))
2025-11-25T16:49:40: Received DISCONNECT from auto-726336B0-3584-475C-2171-0C82FFCD6DC2
2025-11-25T16:49:40: Client auto-726336B0-3584-475C-2171-0C82FFCD6DC2 disconnected.
2025-11-25T16:49:55: New connection from ::1:33836 on port 1883.
2025-11-25T16:49:55: New client connected from ::1:33836 as auto-9EF83A60-A0E3-72CB-0A6E-D89ADDDA05A1 (p2, c1, k60).
2025-11-25T16:49:55: No will message specified.
2025-11-25T16:49:55: Sending CONNACK to auto-9EF83A60-A0E3-72CB-0A6E-D89ADDDA05A1 (0, 0)
2025-11-25T16:49:55: Received PUBLISH from auto-9EF83A60-A0E3-72CB-0A6E-D89ADDDA05A1 (d0, q0, r0, m0, 'healthcheck', ... (2 bytes))
2025-11-25T16:49:55: Received DISCONNECT from auto-9EF83A60-A0E3-72CB-0A6E-D89ADDDA05A1
2025-11-25T16:49:55: Client auto-9EF83A60-A0E3-72CB-0A6E-D89ADDDA05A1 disconnected.
2025-11-25T16:50:11: New connection from ::1:44270 on port 1883.
2025-11-25T16:50:11: New client connected from ::1:44270 as auto-CCDC0A7C-1859-8771-8F12-BACE607FBD4D (p2, c1, k60).
2025-11-25T16:50:11: No will message specified.
2025-11-25T16:50:11: Sending CONNACK to auto-CCDC0A7C-1859-8771-8F12-BACE607FBD4D (0, 0)
2025-11-25T16:50:11: Received PUBLISH from auto-CCDC0A7C-1859-8771-8F12-BACE607FBD4D (d0, q0, r0, m0, 'healthcheck', ... (2 bytes))
2025-11-25T16:50:11: Received DISCONNECT from auto-CCDC0A7C-1859-8771-8F12-BACE607FBD4D
2025-11-25T16:50:11: Client auto-CCDC0A7C-1859-8771-8F12-BACE607FBD4D disconnected.
2025-11-25T16:50:26: New connection from ::1:42536 on port 1883.
2025-11-25T16:50:26: New client connected from ::1:42536 as auto-1751574B-8D53-8146-3F7D-03F97892E566 (p2, c1, k60).
2025-11-25T16:50:26: No will message specified.
2025-11-25T16:50:26: Sending CONNACK to auto-1751574B-8D53-8146-3F7D-03F97892E566 (0, 0)
2025-11-25T16:50:26: Received PUBLISH from auto-1751574B-8D53-8146-3F7D-03F97892E566 (d0, q0, r0, m0, 'healthcheck', ... (2 bytes))
2025-11-25T16:50:26: Received DISCONNECT from auto-1751574B-8D53-8146-3F7D-03F97892E566
2025-11-25T16:50:26: Client auto-1751574B-8D53-8146-3F7D-03F97892E566 disconnected.
2025-11-25T16:50:38: Received PINGREQ from auto-D87B4DEC-AA55-F829-BDB2-9E375DE89BAA
2025-11-25T16:50:38: Sending PINGRESP to auto-D87B4DEC-AA55-F829-BDB2-9E375DE89BAA
2025-11-25T16:50:41: New connection from ::1:51010 on port 1883.
2025-11-25T16:50:41: New client connected from ::1:51010 as auto-2F50DE16-657D-353B-57F1-9A1273F44DB9 (p2, c1, k60).
2025-11-25T16:50:41: No will message specified.
2025-11-25T16:50:41: Sending CONNACK to auto-2F50DE16-657D-353B-57F1-9A1273F44DB9 (0, 0)
2025-11-25T16:50:41: Received PUBLISH from auto-2F50DE16-657D-353B-57F1-9A1273F44DB9 (d0, q0, r0, m0, 'healthcheck', ... (2 bytes))
2025-11-25T16:50:41: Received DISCONNECT from auto-2F50DE16-657D-353B-57F1-9A1273F44DB9
2025-11-25T16:50:41: Client auto-2F50DE16-657D-353B-57F1-9A1273F44DB9 disconnected.
2025-11-25T16:50:56: New connection from ::1:42804 on port 1883.
2025-11-25T16:50:56: New client connected from ::1:42804 as auto-95F5D9BB-0084-F952-9B3B-8AB73B38C5C9 (p2, c1, k60).
2025-11-25T16:50:56: No will message specified.
2025-11-25T16:50:56: Sending CONNACK to auto-95F5D9BB-0084-F952-9B3B-8AB73B38C5C9 (0, 0)
2025-11-25T16:50:56: Received PUBLISH from auto-95F5D9BB-0084-F952-9B3B-8AB73B38C5C9 (d0, q0, r0, m0, 'healthcheck', ... (2 bytes))
2025-11-25T16:50:56: Received DISCONNECT from auto-95F5D9BB-0084-F952-9B3B-8AB73B38C5C9
2025-11-25T16:50:56: Client auto-95F5D9BB-0084-F952-9B3B-8AB73B38C5C9 disconnected.
2025-11-25T16:51:11: New connection from ::1:39958 on port 1883.
2025-11-25T16:51:11: New client connected from ::1:39958 as auto-3FE58288-2CBA-B62C-CBB3-92C3CAEEB5BF (p2, c1, k60).
2025-11-25T16:51:11: No will message specified.
2025-11-25T16:51:11: Sending CONNACK to auto-3FE58288-2CBA-B62C-CBB3-92C3CAEEB5BF (0, 0)
2025-11-25T16:51:11: Received PUBLISH from auto-3FE58288-2CBA-B62C-CBB3-92C3CAEEB5BF (d0, q0, r0, m0, 'healthcheck', ... (2 bytes))
2025-11-25T16:51:11: Received DISCONNECT from auto-3FE58288-2CBA-B62C-CBB3-92C3CAEEB5BF
2025-11-25T16:51:11: Client auto-3FE58288-2CBA-B62C-CBB3-92C3CAEEB5BF disconnected.
2025-11-25T16:51:26: New connection from ::1:36528 on port 1883.
2025-11-25T16:51:26: New client connected from ::1:36528 as auto-49B94B65-81EE-8908-8FFC-009881929699 (p2, c1, k60).
2025-11-25T16:51:26: No will message specified.
2025-11-25T16:51:26: Sending CONNACK to auto-49B94B65-81EE-8908-8FFC-009881929699 (0, 0)
2025-11-25T16:51:26: Received PUBLISH from auto-49B94B65-81EE-8908-8FFC-009881929699 (d0, q0, r0, m0, 'healthcheck', ... (2 bytes))
2025-11-25T16:51:26: Received DISCONNECT from auto-49B94B65-81EE-8908-8FFC-009881929699
2025-11-25T16:51:26: Client auto-49B94B65-81EE-8908-8FFC-009881929699 disconnected.
2025-11-25T16:51:38: Received PINGREQ from auto-D87B4DEC-AA55-F829-BDB2-9E375DE89BAA
2025-11-25T16:51:38: Sending PINGRESP to auto-D87B4DEC-AA55-F829-BDB2-9E375DE89BAA
2025-11-25T16:51:41: New connection from ::1:46390 on port 1883.
2025-11-25T16:51:41: New client connected from ::1:46390 as auto-C6BFC7A0-F531-5155-FDF0-3902DF5D0FB6 (p2, c1, k60).
2025-11-25T16:51:41: No will message specified.
2025-11-25T16:51:41: Sending CONNACK to auto-C6BFC7A0-F531-5155-FDF0-3902DF5D0FB6 (0, 0)
2025-11-25T16:51:41: Received PUBLISH from auto-C6BFC7A0-F531-5155-FDF0-3902DF5D0FB6 (d0, q0, r0, m0, 'healthcheck', ... (2 bytes))
2025-11-25T16:51:41: Received DISCONNECT from auto-C6BFC7A0-F531-5155-FDF0-3902DF5D0FB6
2025-11-25T16:51:41: Client auto-C6BFC7A0-F531-5155-FDF0-3902DF5D0FB6 disconnected.
2025-11-25T16:51:56: New connection from ::1:33256 on port 1883.
2025-11-25T16:51:56: New client connected from ::1:33256 as auto-39060F2E-FAB7-2C6F-BCC5-181A115E2989 (p2, c1, k60).
2025-11-25T16:51:56: No will message specified.
2025-11-25T16:51:56: Sending CONNACK to auto-39060F2E-FAB7-2C6F-BCC5-181A115E2989 (0, 0)
2025-11-25T16:51:56: Received PUBLISH from auto-39060F2E-FAB7-2C6F-BCC5-181A115E2989 (d0, q0, r0, m0, 'healthcheck', ... (2 bytes))
2025-11-25T16:51:56: Received DISCONNECT from auto-39060F2E-FAB7-2C6F-BCC5-181A115E2989
2025-11-25T16:51:56: Client auto-39060F2E-FAB7-2C6F-BCC5-181A115E2989 disconnected.
2025-11-25T16:52:11: New connection from ::1:38312 on port 1883.
2025-11-25T16:52:11: New client connected from ::1:38312 as auto-914E44FD-DCDD-960F-7B4A-8D5F0B2B5D39 (p2, c1, k60).
2025-11-25T16:52:11: No will message specified.
2025-11-25T16:52:11: Sending CONNACK to auto-914E44FD-DCDD-960F-7B4A-8D5F0B2B5D39 (0, 0)
2025-11-25T16:52:11: Received PUBLISH from auto-914E44FD-DCDD-960F-7B4A-8D5F0B2B5D39 (d0, q0, r0, m0, 'healthcheck', ... (2 bytes))
2025-11-25T16:52:11: Received DISCONNECT from auto-914E44FD-DCDD-960F-7B4A-8D5F0B2B5D39
2025-11-25T16:52:11: Client auto-914E44FD-DCDD-960F-7B4A-8D5F0B2B5D39 disconnected.
2025-11-25T16:52:26: New connection from ::1:49878 on port 1883.
2025-11-25T16:52:26: New client connected from ::1:49878 as auto-06735D54-6C93-477D-A4B9-5B4E82738BAF (p2, c1, k60).
2025-11-25T16:52:26: No will message specified.
2025-11-25T16:52:26: Sending CONNACK to auto-06735D54-6C93-477D-A4B9-5B4E82738BAF (0, 0)
2025-11-25T16:52:26: Received PUBLISH from auto-06735D54-6C93-477D-A4B9-5B4E82738BAF (d0, q0, r0, m0, 'healthcheck', ... (2 bytes))
2025-11-25T16:52:26: Received DISCONNECT from auto-06735D54-6C93-477D-A4B9-5B4E82738BAF
2025-11-25T16:52:26: Client auto-06735D54-6C93-477D-A4B9-5B4E82738BAF disconnected.
2025-11-25T16:52:38: Received PINGREQ from auto-D87B4DEC-AA55-F829-BDB2-9E375DE89BAA
2025-11-25T16:52:38: Sending PINGRESP to auto-D87B4DEC-AA55-F829-BDB2-9E375DE89BAA
2025-11-25T16:52:41: New connection from ::1:49198 on port 1883.
2025-11-25T16:52:41: New client connected from ::1:49198 as auto-59BCD944-0CEE-E898-F207-F8A6DD23862B (p2, c1, k60).
2025-11-25T16:52:41: No will message specified.
2025-11-25T16:52:41: Sending CONNACK to auto-59BCD944-0CEE-E898-F207-F8A6DD23862B (0, 0)
2025-11-25T16:52:41: Received PUBLISH from auto-59BCD944-0CEE-E898-F207-F8A6DD23862B (d0, q0, r0, m0, 'healthcheck', ... (2 bytes))
2025-11-25T16:52:41: Received DISCONNECT from auto-59BCD944-0CEE-E898-F207-F8A6DD23862B
2025-11-25T16:52:41: Client auto-59BCD944-0CEE-E898-F207-F8A6DD23862B disconnected.
2025-11-25T16:52:56: New connection from ::1:36090 on port 1883.
2025-11-25T16:52:56: New client connected from ::1:36090 as auto-E2552684-E1CE-DF5C-5699-0BB9D6E6EB14 (p2, c1, k60).
2025-11-25T16:52:56: No will message specified.
2025-11-25T16:52:56: Sending CONNACK to auto-E2552684-E1CE-DF5C-5699-0BB9D6E6EB14 (0, 0)
2025-11-25T16:52:56: Received PUBLISH from auto-E2552684-E1CE-DF5C-5699-0BB9D6E6EB14 (d0, q0, r0, m0, 'healthcheck', ... (2 bytes))
2025-11-25T16:52:56: Received DISCONNECT from auto-E2552684-E1CE-DF5C-5699-0BB9D6E6EB14
2025-11-25T16:52:56: Client auto-E2552684-E1CE-DF5C-5699-0BB9D6E6EB14 disconnected.
2025-11-25T16:53:11: New connection from ::1:48626 on port 1883.
2025-11-25T16:53:11: New client connected from ::1:48626 as auto-CD5DBD77-E925-7A53-25A7-89EDE1680FFC (p2, c1, k60).
2025-11-25T16:53:11: No will message specified.
2025-11-25T16:53:11: Sending CONNACK to auto-CD5DBD77-E925-7A53-25A7-89EDE1680FFC (0, 0)
2025-11-25T16:53:11: Received PUBLISH from auto-CD5DBD77-E925-7A53-25A7-89EDE1680FFC (d0, q0, r0, m0, 'healthcheck', ... (2 bytes))
2025-11-25T16:53:11: Received DISCONNECT from auto-CD5DBD77-E925-7A53-25A7-89EDE1680FFC
2025-11-25T16:53:11: Client auto-CD5DBD77-E925-7A53-25A7-89EDE1680FFC disconnected.
2025-11-25T16:53:26: New connection from ::1:58828 on port 1883.
2025-11-25T16:53:26: New client connected from ::1:58828 as auto-1DEC75B9-8D5B-FEB4-FF21-778CB4F1F664 (p2, c1, k60).
2025-11-25T16:53:26: No will message specified.
2025-11-25T16:53:26: Sending CONNACK to auto-1DEC75B9-8D5B-FEB4-FF21-778CB4F1F664 (0, 0)
2025-11-25T16:53:26: Received PUBLISH from auto-1DEC75B9-8D5B-FEB4-FF21-778CB4F1F664 (d0, q0, r0, m0, 'healthcheck', ... (2 bytes))
2025-11-25T16:53:26: Received DISCONNECT from auto-1DEC75B9-8D5B-FEB4-FF21-778CB4F1F664
2025-11-25T16:53:26: Client auto-1DEC75B9-8D5B-FEB4-FF21-778CB4F1F664 disconnected.
2025-11-25T16:53:38: Received PINGREQ from auto-D87B4DEC-AA55-F829-BDB2-9E375DE89BAA
2025-11-25T16:53:38: Sending PINGRESP to auto-D87B4DEC-AA55-F829-BDB2-9E375DE89BAA
2025-11-25T16:53:41: New connection from ::1:60828 on port 1883.
2025-11-25T16:53:41: New client connected from ::1:60828 as auto-F8A68F19-FE29-FAE1-EF5B-D7CBC1678B7A (p2, c1, k60).
2025-11-25T16:53:41: No will message specified.
2025-11-25T16:53:41: Sending CONNACK to auto-F8A68F19-FE29-FAE1-EF5B-D7CBC1678B7A (0, 0)
2025-11-25T16:53:41: Received PUBLISH from auto-F8A68F19-FE29-FAE1-EF5B-D7CBC1678B7A (d0, q0, r0, m0, 'healthcheck', ... (2 bytes))
2025-11-25T16:53:41: Received DISCONNECT from auto-F8A68F19-FE29-FAE1-EF5B-D7CBC1678B7A
2025-11-25T16:53:41: Client auto-F8A68F19-FE29-FAE1-EF5B-D7CBC1678B7A disconnected.
2025-11-25T16:53:56: New connection from ::1:41180 on port 1883.
2025-11-25T16:53:56: New client connected from ::1:41180 as auto-A2066934-D155-61D6-E54A-DB135945E05E (p2, c1, k60).
2025-11-25T16:53:56: No will message specified.
2025-11-25T16:53:56: Sending CONNACK to auto-A2066934-D155-61D6-E54A-DB135945E05E (0, 0)
2025-11-25T16:53:56: Received PUBLISH from auto-A2066934-D155-61D6-E54A-DB135945E05E (d0, q0, r0, m0, 'healthcheck', ... (2 bytes))
2025-11-25T16:53:56: Received DISCONNECT from auto-A2066934-D155-61D6-E54A-DB135945E05E
2025-11-25T16:53:56: Client auto-A2066934-D155-61D6-E54A-DB135945E05E disconnected.
2025-11-25T16:54:12: New connection from ::1:56876 on port 1883.
2025-11-25T16:54:12: New client connected from ::1:56876 as auto-9AF5A8E2-C31C-38D4-C8FA-D6E7630ECA4A (p2, c1, k60).
2025-11-25T16:54:12: No will message specified.
2025-11-25T16:54:12: Sending CONNACK to auto-9AF5A8E2-C31C-38D4-C8FA-D6E7630ECA4A (0, 0)
2025-11-25T16:54:12: Received PUBLISH from auto-9AF5A8E2-C31C-38D4-C8FA-D6E7630ECA4A (d0, q0, r0, m0, 'healthcheck', ... (2 bytes))
2025-11-25T16:54:12: Received DISCONNECT from auto-9AF5A8E2-C31C-38D4-C8FA-D6E7630ECA4A
2025-11-25T16:54:12: Client auto-9AF5A8E2-C31C-38D4-C8FA-D6E7630ECA4A disconnected.
2025-11-25T16:54:27: New connection from ::1:33164 on port 1883.
2025-11-25T16:54:27: New client connected from ::1:33164 as auto-821A3128-6571-A3A0-9967-1E80369E1C6C (p2, c1, k60).
2025-11-25T16:54:27: No will message specified.
2025-11-25T16:54:27: Sending CONNACK to auto-821A3128-6571-A3A0-9967-1E80369E1C6C (0, 0)
2025-11-25T16:54:27: Received PUBLISH from auto-821A3128-6571-A3A0-9967-1E80369E1C6C (d0, q0, r0, m0, 'healthcheck', ... (2 bytes))
2025-11-25T16:54:27: Received DISCONNECT from auto-821A3128-6571-A3A0-9967-1E80369E1C6C
2025-11-25T16:54:27: Client auto-821A3128-6571-A3A0-9967-1E80369E1C6C disconnected.
2025-11-25T16:54:39: Received PINGREQ from auto-D87B4DEC-AA55-F829-BDB2-9E375DE89BAA
2025-11-25T16:54:39: Sending PINGRESP to auto-D87B4DEC-AA55-F829-BDB2-9E375DE89BAA
2025-11-25T16:54:42: New connection from ::1:33092 on port 1883.
2025-11-25T16:54:42: New client connected from ::1:33092 as auto-E1E5359D-DD0F-D888-84ED-B79DDC3F1D1B (p2, c1, k60).
2025-11-25T16:54:42: No will message specified.
2025-11-25T16:54:42: Sending CONNACK to auto-E1E5359D-DD0F-D888-84ED-B79DDC3F1D1B (0, 0)
2025-11-25T16:54:42: Received PUBLISH from auto-E1E5359D-DD0F-D888-84ED-B79DDC3F1D1B (d0, q0, r0, m0, 'healthcheck', ... (2 bytes))
2025-11-25T16:54:42: Received DISCONNECT from auto-E1E5359D-DD0F-D888-84ED-B79DDC3F1D1B
2025-11-25T16:54:42: Client auto-E1E5359D-DD0F-D888-84ED-B79DDC3F1D1B disconnected.
2025-11-25T16:54:57: New connection from ::1:49088 on port 1883.
2025-11-25T16:54:57: New client connected from ::1:49088 as auto-9885CA5B-1773-C56F-E709-9D172E5999A9 (p2, c1, k60).
2025-11-25T16:54:57: No will message specified.
2025-11-25T16:54:57: Sending CONNACK to auto-9885CA5B-1773-C56F-E709-9D172E5999A9 (0, 0)
2025-11-25T16:54:57: Received PUBLISH from auto-9885CA5B-1773-C56F-E709-9D172E5999A9 (d0, q0, r0, m0, 'healthcheck', ... (2 bytes))
2025-11-25T16:54:57: Received DISCONNECT from auto-9885CA5B-1773-C56F-E709-9D172E5999A9
2025-11-25T16:54:57: Client auto-9885CA5B-1773-C56F-E709-9D172E5999A9 disconnected.
2025-11-25T16:55:12: New connection from ::1:37496 on port 1883.
2025-11-25T16:55:12: New client connected from ::1:37496 as auto-98655342-10B6-2B65-DBD9-FF8DC04F1C03 (p2, c1, k60).
2025-11-25T16:55:12: No will message specified.
2025-11-25T16:55:12: Sending CONNACK to auto-98655342-10B6-2B65-DBD9-FF8DC04F1C03 (0, 0)
2025-11-25T16:55:12: Received PUBLISH from auto-98655342-10B6-2B65-DBD9-FF8DC04F1C03 (d0, q0, r0, m0, 'healthcheck', ... (2 bytes))
2025-11-25T16:55:12: Received DISCONNECT from auto-98655342-10B6-2B65-DBD9-FF8DC04F1C03
2025-11-25T16:55:12: Client auto-98655342-10B6-2B65-DBD9-FF8DC04F1C03 disconnected.
2025-11-25T16:55:27: New connection from ::1:49320 on port 1883.
2025-11-25T16:55:27: New client connected from ::1:49320 as auto-34C9CB7C-B887-DD6F-41A8-DBCB6D54434F (p2, c1, k60).
2025-11-25T16:55:27: No will message specified.
2025-11-25T16:55:27: Sending CONNACK to auto-34C9CB7C-B887-DD6F-41A8-DBCB6D54434F (0, 0)
2025-11-25T16:55:27: Received PUBLISH from auto-34C9CB7C-B887-DD6F-41A8-DBCB6D54434F (d0, q0, r0, m0, 'healthcheck', ... (2 bytes))
2025-11-25T16:55:27: Received DISCONNECT from auto-34C9CB7C-B887-DD6F-41A8-DBCB6D54434F
2025-11-25T16:55:27: Client auto-34C9CB7C-B887-DD6F-41A8-DBCB6D54434F disconnected.
2025-11-25T16:55:39: Received PINGREQ from auto-D87B4DEC-AA55-F829-BDB2-9E375DE89BAA
2025-11-25T16:55:39: Sending PINGRESP to auto-D87B4DEC-AA55-F829-BDB2-9E375DE89BAA
2025-11-25T16:55:42: New connection from ::1:60708 on port 1883.
2025-11-25T16:55:42: New client connected from ::1:60708 as auto-07DC0299-5674-95EB-EAA0-BA2B63B50C4E (p2, c1, k60).
2025-11-25T16:55:42: No will message specified.
2025-11-25T16:55:42: Sending CONNACK to auto-07DC0299-5674-95EB-EAA0-BA2B63B50C4E (0, 0)
2025-11-25T16:55:42: Received PUBLISH from auto-07DC0299-5674-95EB-EAA0-BA2B63B50C4E (d0, q0, r0, m0, 'healthcheck', ... (2 bytes))
2025-11-25T16:55:42: Received DISCONNECT from auto-07DC0299-5674-95EB-EAA0-BA2B63B50C4E
2025-11-25T16:55:42: Client auto-07DC0299-5674-95EB-EAA0-BA2B63B50C4E disconnected.
2025-11-25T16:55:57: New connection from ::1:45876 on port 1883.
2025-11-25T16:55:57: New client connected from ::1:45876 as auto-7C52B6CF-3B4A-42EB-FBCA-8E31703F17FB (p2, c1, k60).
2025-11-25T16:55:57: No will message specified.
2025-11-25T16:55:57: Sending CONNACK to auto-7C52B6CF-3B4A-42EB-FBCA-8E31703F17FB (0, 0)
2025-11-25T16:55:57: Received PUBLISH from auto-7C52B6CF-3B4A-42EB-FBCA-8E31703F17FB (d0, q0, r0, m0, 'healthcheck', ... (2 bytes))
2025-11-25T16:55:57: Received DISCONNECT from auto-7C52B6CF-3B4A-42EB-FBCA-8E31703F17FB
2025-11-25T16:55:57: Client auto-7C52B6CF-3B4A-42EB-FBCA-8E31703F17FB disconnected.
2025-11-25T16:56:12: New connection from ::1:59930 on port 1883.
2025-11-25T16:56:12: New client connected from ::1:59930 as auto-F5245846-FC29-16AF-81C8-D7428D487C9C (p2, c1, k60).
2025-11-25T16:56:12: No will message specified.
2025-11-25T16:56:12: Sending CONNACK to auto-F5245846-FC29-16AF-81C8-D7428D487C9C (0, 0)
2025-11-25T16:56:12: Received PUBLISH from auto-F5245846-FC29-16AF-81C8-D7428D487C9C (d0, q0, r0, m0, 'healthcheck', ... (2 bytes))
2025-11-25T16:56:12: Received DISCONNECT from auto-F5245846-FC29-16AF-81C8-D7428D487C9C
2025-11-25T16:56:12: Client auto-F5245846-FC29-16AF-81C8-D7428D487C9C disconnected.
2025-11-25T16:56:27: New connection from ::1:57220 on port 1883.
2025-11-25T16:56:27: New client connected from ::1:57220 as auto-02D851A0-9A3F-D80D-DD09-2ECF94548614 (p2, c1, k60).
2025-11-25T16:56:27: No will message specified.
2025-11-25T16:56:27: Sending CONNACK to auto-02D851A0-9A3F-D80D-DD09-2ECF94548614 (0, 0)
2025-11-25T16:56:27: Received PUBLISH from auto-02D851A0-9A3F-D80D-DD09-2ECF94548614 (d0, q0, r0, m0, 'healthcheck', ... (2 bytes))
2025-11-25T16:56:27: Received DISCONNECT from auto-02D851A0-9A3F-D80D-DD09-2ECF94548614
2025-11-25T16:56:27: Client auto-02D851A0-9A3F-D80D-DD09-2ECF94548614 disconnected.
2025-11-25T16:56:39: Received PINGREQ from auto-D87B4DEC-AA55-F829-BDB2-9E375DE89BAA
2025-11-25T16:56:39: Sending PINGRESP to auto-D87B4DEC-AA55-F829-BDB2-9E375DE89BAA
2025-11-25T16:56:42: New connection from ::1:59986 on port 1883.
2025-11-25T16:56:42: New client connected from ::1:59986 as auto-08B96F28-6005-C0A7-C1E2-30B5A19AEE31 (p2, c1, k60).
2025-11-25T16:56:42: No will message specified.
2025-11-25T16:56:42: Sending CONNACK to auto-08B96F28-6005-C0A7-C1E2-30B5A19AEE31 (0, 0)
2025-11-25T16:56:42: Received PUBLISH from auto-08B96F28-6005-C0A7-C1E2-30B5A19AEE31 (d0, q0, r0, m0, 'healthcheck', ... (2 bytes))
2025-11-25T16:56:42: Received DISCONNECT from auto-08B96F28-6005-C0A7-C1E2-30B5A19AEE31
2025-11-25T16:56:42: Client auto-08B96F28-6005-C0A7-C1E2-30B5A19AEE31 disconnected.
2025-11-25T16:56:57: New connection from ::1:35164 on port 1883.
2025-11-25T16:56:57: New client connected from ::1:35164 as auto-BE643D27-0CCD-DDED-6C94-4A16D9517E67 (p2, c1, k60).
2025-11-25T16:56:57: No will message specified.
2025-11-25T16:56:57: Sending CONNACK to auto-BE643D27-0CCD-DDED-6C94-4A16D9517E67 (0, 0)
2025-11-25T16:56:57: Received PUBLISH from auto-BE643D27-0CCD-DDED-6C94-4A16D9517E67 (d0, q0, r0, m0, 'healthcheck', ... (2 bytes))
2025-11-25T16:56:57: Received DISCONNECT from auto-BE643D27-0CCD-DDED-6C94-4A16D9517E67
2025-11-25T16:56:57: Client auto-BE643D27-0CCD-DDED-6C94-4A16D9517E67 disconnected.
2025-11-25T16:57:12: New connection from ::1:39326 on port 1883.
2025-11-25T16:57:12: New client connected from ::1:39326 as auto-99D79FED-E61B-8794-97E7-1973B4045040 (p2, c1, k60).
2025-11-25T16:57:12: No will message specified.
2025-11-25T16:57:12: Sending CONNACK to auto-99D79FED-E61B-8794-97E7-1973B4045040 (0, 0)
2025-11-25T16:57:12: Received PUBLISH from auto-99D79FED-E61B-8794-97E7-1973B4045040 (d0, q0, r0, m0, 'healthcheck', ... (2 bytes))
2025-11-25T16:57:12: Received DISCONNECT from auto-99D79FED-E61B-8794-97E7-1973B4045040
2025-11-25T16:57:12: Client auto-99D79FED-E61B-8794-97E7-1973B4045040 disconnected.
2025-11-25T16:57:27: New connection from ::1:36082 on port 1883.
2025-11-25T16:57:27: New client connected from ::1:36082 as auto-9708AF7F-031F-C5AF-79F9-3F599200F989 (p2, c1, k60).
2025-11-25T16:57:27: No will message specified.
2025-11-25T16:57:27: Sending CONNACK to auto-9708AF7F-031F-C5AF-79F9-3F599200F989 (0, 0)
2025-11-25T16:57:27: Received PUBLISH from auto-9708AF7F-031F-C5AF-79F9-3F599200F989 (d0, q0, r0, m0, 'healthcheck', ... (2 bytes))
2025-11-25T16:57:27: Received DISCONNECT from auto-9708AF7F-031F-C5AF-79F9-3F599200F989
2025-11-25T16:57:27: Client auto-9708AF7F-031F-C5AF-79F9-3F599200F989 disconnected.
2025-11-25T16:57:39: Received PINGREQ from auto-D87B4DEC-AA55-F829-BDB2-9E375DE89BAA
2025-11-25T16:57:39: Sending PINGRESP to auto-D87B4DEC-AA55-F829-BDB2-9E375DE89BAA
2025-11-25T16:57:42: New connection from ::1:54616 on port 1883.
2025-11-25T16:57:42: New client connected from ::1:54616 as auto-27702EFB-CE1A-0A08-0698-4A858859690E (p2, c1, k60).
2025-11-25T16:57:42: No will message specified.
2025-11-25T16:57:42: Sending CONNACK to auto-27702EFB-CE1A-0A08-0698-4A858859690E (0, 0)
2025-11-25T16:57:43: Received PUBLISH from auto-27702EFB-CE1A-0A08-0698-4A858859690E (d0, q0, r0, m0, 'healthcheck', ... (2 bytes))
2025-11-25T16:57:43: Received DISCONNECT from auto-27702EFB-CE1A-0A08-0698-4A858859690E
2025-11-25T16:57:43: Client auto-27702EFB-CE1A-0A08-0698-4A858859690E disconnected.
2025-11-25T16:57:58: New connection from ::1:39036 on port 1883.
2025-11-25T16:57:58: New client connected from ::1:39036 as auto-A01586EC-FC13-7079-7429-E6DFA97E91DF (p2, c1, k60).
2025-11-25T16:57:58: No will message specified.
2025-11-25T16:57:58: Sending CONNACK to auto-A01586EC-FC13-7079-7429-E6DFA97E91DF (0, 0)
2025-11-25T16:57:58: Received PUBLISH from auto-A01586EC-FC13-7079-7429-E6DFA97E91DF (d0, q0, r0, m0, 'healthcheck', ... (2 bytes))
2025-11-25T16:57:58: Received DISCONNECT from auto-A01586EC-FC13-7079-7429-E6DFA97E91DF
2025-11-25T16:57:58: Client auto-A01586EC-FC13-7079-7429-E6DFA97E91DF disconnected.
2025-11-25T16:58:13: New connection from ::1:42906 on port 1883.
2025-11-25T16:58:13: New client connected from ::1:42906 as auto-CF348F77-C2D9-9BCC-DCB3-AE77606CC125 (p2, c1, k60).
2025-11-25T16:58:13: No will message specified.
2025-11-25T16:58:13: Sending CONNACK to auto-CF348F77-C2D9-9BCC-DCB3-AE77606CC125 (0, 0)
2025-11-25T16:58:13: Received PUBLISH from auto-CF348F77-C2D9-9BCC-DCB3-AE77606CC125 (d0, q0, r0, m0, 'healthcheck', ... (2 bytes))
2025-11-25T16:58:13: Received DISCONNECT from auto-CF348F77-C2D9-9BCC-DCB3-AE77606CC125
2025-11-25T16:58:13: Client auto-CF348F77-C2D9-9BCC-DCB3-AE77606CC125 disconnected.
2025-11-25T16:58:28: New connection from ::1:50964 on port 1883.
2025-11-25T16:58:28: New client connected from ::1:50964 as auto-2FC59BC9-3D1A-D235-9EB5-FBF55E1EA678 (p2, c1, k60).
2025-11-25T16:58:28: No will message specified.
2025-11-25T16:58:28: Sending CONNACK to auto-2FC59BC9-3D1A-D235-9EB5-FBF55E1EA678 (0, 0)
2025-11-25T16:58:28: Received PUBLISH from auto-2FC59BC9-3D1A-D235-9EB5-FBF55E1EA678 (d0, q0, r0, m0, 'healthcheck', ... (2 bytes))
2025-11-25T16:58:28: Received DISCONNECT from auto-2FC59BC9-3D1A-D235-9EB5-FBF55E1EA678
2025-11-25T16:58:28: Client auto-2FC59BC9-3D1A-D235-9EB5-FBF55E1EA678 disconnected.
2025-11-25T16:58:39: Received PINGREQ from auto-D87B4DEC-AA55-F829-BDB2-9E375DE89BAA
2025-11-25T16:58:39: Sending PINGRESP to auto-D87B4DEC-AA55-F829-BDB2-9E375DE89BAA
2025-11-25T16:58:43: New connection from ::1:53926 on port 1883.
2025-11-25T16:58:43: New client connected from ::1:53926 as auto-79CE307B-9F11-09E9-47F7-FEA54D3818F1 (p2, c1, k60).
2025-11-25T16:58:43: No will message specified.
2025-11-25T16:58:43: Sending CONNACK to auto-79CE307B-9F11-09E9-47F7-FEA54D3818F1 (0, 0)
2025-11-25T16:58:43: Received PUBLISH from auto-79CE307B-9F11-09E9-47F7-FEA54D3818F1 (d0, q0, r0, m0, 'healthcheck', ... (2 bytes))
2025-11-25T16:58:43: Received DISCONNECT from auto-79CE307B-9F11-09E9-47F7-FEA54D3818F1
2025-11-25T16:58:43: Client auto-79CE307B-9F11-09E9-47F7-FEA54D3818F1 disconnected.
2025-11-25T16:58:58: New connection from ::1:40786 on port 1883.
2025-11-25T16:58:58: New client connected from ::1:40786 as auto-3792F33D-2422-982C-0CF0-E0C091507C68 (p2, c1, k60).
2025-11-25T16:58:58: No will message specified.
2025-11-25T16:58:58: Sending CONNACK to auto-3792F33D-2422-982C-0CF0-E0C091507C68 (0, 0)
2025-11-25T16:58:58: Received PUBLISH from auto-3792F33D-2422-982C-0CF0-E0C091507C68 (d0, q0, r0, m0, 'healthcheck', ... (2 bytes))
2025-11-25T16:58:58: Received DISCONNECT from auto-3792F33D-2422-982C-0CF0-E0C091507C68
2025-11-25T16:58:58: Client auto-3792F33D-2422-982C-0CF0-E0C091507C68 disconnected.
2025-11-25T16:59:13: New connection from ::1:36310 on port 1883.
2025-11-25T16:59:13: New client connected from ::1:36310 as auto-8D613DA9-DEC0-F395-ADA6-0AB2E7FE1BC1 (p2, c1, k60).
2025-11-25T16:59:13: No will message specified.
2025-11-25T16:59:13: Sending CONNACK to auto-8D613DA9-DEC0-F395-ADA6-0AB2E7FE1BC1 (0, 0)
2025-11-25T16:59:13: Received PUBLISH from auto-8D613DA9-DEC0-F395-ADA6-0AB2E7FE1BC1 (d0, q0, r0, m0, 'healthcheck', ... (2 bytes))
2025-11-25T16:59:13: Received DISCONNECT from auto-8D613DA9-DEC0-F395-ADA6-0AB2E7FE1BC1
2025-11-25T16:59:13: Client auto-8D613DA9-DEC0-F395-ADA6-0AB2E7FE1BC1 disconnected.
2025-11-25T16:59:28: New connection from ::1:34920 on port 1883.
2025-11-25T16:59:28: New client connected from ::1:34920 as auto-08008D67-24F6-8C03-D5AB-A33FC852E931 (p2, c1, k60).
2025-11-25T16:59:28: No will message specified.
2025-11-25T16:59:28: Sending CONNACK to auto-08008D67-24F6-8C03-D5AB-A33FC852E931 (0, 0)
2025-11-25T16:59:28: Received PUBLISH from auto-08008D67-24F6-8C03-D5AB-A33FC852E931 (d0, q0, r0, m0, 'healthcheck', ... (2 bytes))
2025-11-25T16:59:28: Received DISCONNECT from auto-08008D67-24F6-8C03-D5AB-A33FC852E931
2025-11-25T16:59:28: Client auto-08008D67-24F6-8C03-D5AB-A33FC852E931 disconnected.
2025-11-25T16:59:39: Received PINGREQ from auto-D87B4DEC-AA55-F829-BDB2-9E375DE89BAA
2025-11-25T16:59:39: Sending PINGRESP to auto-D87B4DEC-AA55-F829-BDB2-9E375DE89BAA
2025-11-25T16:59:43: New connection from ::1:33954 on port 1883.
2025-11-25T16:59:43: New client connected from ::1:33954 as auto-CB42F854-1828-438B-6E66-DB67D8B26920 (p2, c1, k60).
2025-11-25T16:59:43: No will message specified.
2025-11-25T16:59:43: Sending CONNACK to auto-CB42F854-1828-438B-6E66-DB67D8B26920 (0, 0)
2025-11-25T16:59:43: Received PUBLISH from auto-CB42F854-1828-438B-6E66-DB67D8B26920 (d0, q0, r0, m0, 'healthcheck', ... (2 bytes))
2025-11-25T16:59:43: Received DISCONNECT from auto-CB42F854-1828-438B-6E66-DB67D8B26920
2025-11-25T16:59:43: Client auto-CB42F854-1828-438B-6E66-DB67D8B26920 disconnected.
2025-11-25T16:59:58: New connection from ::1:39788 on port 1883.
2025-11-25T16:59:58: New client connected from ::1:39788 as auto-062F308F-A6B6-97D2-3B35-E3F610B366AC (p2, c1, k60).
2025-11-25T16:59:58: No will message specified.
2025-11-25T16:59:58: Sending CONNACK to auto-062F308F-A6B6-97D2-3B35-E3F610B366AC (0, 0)
2025-11-25T16:59:58: Received PUBLISH from auto-062F308F-A6B6-97D2-3B35-E3F610B366AC (d0, q0, r0, m0, 'healthcheck', ... (2 bytes))
2025-11-25T16:59:58: Received DISCONNECT from auto-062F308F-A6B6-97D2-3B35-E3F610B366AC
2025-11-25T16:59:58: Client auto-062F308F-A6B6-97D2-3B35-E3F610B366AC disconnected.
